time,source,target,attention_per_source
0.0,CMPN,CMPN,0.04494956256028248
0.0,CMPN,MCG,0.0
0.0,CMPN,MSN,0.0
0.0,CMPN,Oligo,0.011174674615018927
0.0,CMPN,VLMC,0.00987397595371366
0.0,CMPN,WSN,0.0
0.0,CMPN,dpEX,0.00114170928528847
0.0,CMPN,mpEX,0.0
0.0,CMPN,mpIN,0.0
0.0,CMPN,nptxEX,0.0
0.0,CMPN,obNBL,0.0
0.0,CMPN,reaEGC,0.000953526418483489
0.0,CMPN,ribEGC,0.0030817006379143183
0.0,CMPN,scgnIN,0.0
0.0,CMPN,sfrpEGC,0.003219593800771397
0.0,CMPN,sstIN,0.0006359873954847077
0.0,CMPN,tlNBL,0.005467096207209588
0.0,CMPN,wntEGC,0.36239474236697894
0.0,MCG,CMPN,0.011218643878117081
0.0,MCG,MCG,0.18102890967337554
0.0,MCG,MSN,0.0
0.0,MCG,Oligo,0.05635961668550476
0.0,MCG,VLMC,0.12459334989717184
0.0,MCG,WSN,0.08614917567446212
0.0,MCG,dpEX,0.0043393156745217066
0.0,MCG,mpEX,0.005961068405592737
0.0,MCG,mpIN,0.012647065249356356
0.0,MCG,nptxEX,0.012016837754525429
0.0,MCG,obNBL,0.021433103183084282
0.0,MCG,reaEGC,0.40925923334665537
0.0,MCG,ribEGC,0.0
0.0,MCG,scgnIN,0.0
0.0,MCG,sfrpEGC,0.0
0.0,MCG,sstIN,0.0
0.0,MCG,tlNBL,0.0
0.0,MCG,wntEGC,0.20086077274369799
0.0,MSN,CMPN,0.0
0.0,MSN,MCG,0.0
0.0,MSN,MSN,0.0
0.0,MSN,Oligo,0.0
0.0,MSN,VLMC,0.0
0.0,MSN,WSN,0.0
0.0,MSN,dpEX,0.0
0.0,MSN,mpEX,0.0
0.0,MSN,mpIN,0.0
0.0,MSN,nptxEX,0.0
0.0,MSN,obNBL,0.00040928000488424837
0.0,MSN,reaEGC,0.0
0.0,MSN,ribEGC,0.005447671284789273
0.0,MSN,scgnIN,0.0
0.0,MSN,sfrpEGC,0.015167948330660238
0.0,MSN,sstIN,0.0
0.0,MSN,tlNBL,0.002452543643367485
0.0,MSN,wntEGC,0.0015085060219543341
0.0,Oligo,CMPN,0.02810765090196029
0.0,Oligo,MCG,0.011671167352925177
0.0,Oligo,MSN,0.0
0.0,Oligo,Oligo,1.976120965804743
0.0,Oligo,VLMC,0.08269341613935388
0.0,Oligo,WSN,0.0
0.0,Oligo,dpEX,0.07644204471422278
0.0,Oligo,mpEX,0.11122347382099732
0.0,Oligo,mpIN,0.0
0.0,Oligo,nptxEX,0.0
0.0,Oligo,obNBL,0.0
0.0,Oligo,reaEGC,0.6810834354421367
0.0,Oligo,ribEGC,1.2841459072154502
0.0,Oligo,scgnIN,0.0
0.0,Oligo,sfrpEGC,0.8166296025462773
0.0,Oligo,sstIN,0.0
0.0,Oligo,tlNBL,0.0
0.0,Oligo,wntEGC,1.1419846640721611
0.0,VLMC,CMPN,0.006497570310647671
0.0,VLMC,MCG,0.014298322613422686
0.0,VLMC,MSN,0.0003502889321400569
0.0,VLMC,Oligo,0.018934045617397015
0.0,VLMC,VLMC,1.7046488165204337
0.0,VLMC,WSN,0.009524634021979112
0.0,VLMC,dpEX,0.0014612538539446316
0.0,VLMC,mpEX,0.006838746506434221
0.0,VLMC,mpIN,0.000481398541193742
0.0,VLMC,nptxEX,0.0007864703811131991
0.0,VLMC,obNBL,0.024701803555855384
0.0,VLMC,reaEGC,0.08021352825256495
0.0,VLMC,ribEGC,0.001258530066563533
0.0,VLMC,scgnIN,0.002835672337275285
0.0,VLMC,sfrpEGC,0.11633117568034392
0.0,VLMC,sstIN,0.003414274316567641
0.0,VLMC,tlNBL,0.024940142081334042
0.0,VLMC,wntEGC,0.13114308107357758
0.0,WSN,CMPN,0.0
0.0,WSN,MCG,0.17012794778264803
0.0,WSN,MSN,0.0
0.0,WSN,Oligo,0.0
0.0,WSN,VLMC,0.1615641250692565
0.0,WSN,WSN,0.4986991065329519
0.0,WSN,dpEX,0.0
0.0,WSN,mpEX,0.0
0.0,WSN,mpIN,0.0
0.0,WSN,nptxEX,0.013617760662374825
0.0,WSN,obNBL,0.0
0.0,WSN,reaEGC,0.4448799213458752
0.0,WSN,ribEGC,0.0
0.0,WSN,scgnIN,0.0
0.0,WSN,sfrpEGC,0.0
0.0,WSN,sstIN,0.0
0.0,WSN,tlNBL,0.0
0.0,WSN,wntEGC,0.0
0.0,dpEX,CMPN,0.0
0.0,dpEX,MCG,0.0
0.0,dpEX,MSN,0.0
0.0,dpEX,Oligo,0.02588947924769132
0.0,dpEX,VLMC,0.013667054274259209
0.0,dpEX,WSN,0.0
0.0,dpEX,dpEX,0.03612346951901253
0.0,dpEX,mpEX,0.003406178612279666
0.0,dpEX,mpIN,0.0010243016773302219
0.0,dpEX,nptxEX,0.0
0.0,dpEX,obNBL,0.0
0.0,dpEX,reaEGC,0.06353114514742605
0.0,dpEX,ribEGC,0.003686688334267663
0.0,dpEX,scgnIN,0.0
0.0,dpEX,sfrpEGC,0.025834429132241585
0.0,dpEX,sstIN,0.00030777366805415584
0.0,dpEX,tlNBL,0.0012651527474088504
0.0,dpEX,wntEGC,0.365434732717737
0.0,mpEX,CMPN,0.0
0.0,mpEX,MCG,0.0
0.0,mpEX,MSN,0.0
0.0,mpEX,Oligo,0.030492224358022214
0.0,mpEX,VLMC,0.004041818203404546
0.0,mpEX,WSN,0.0
0.0,mpEX,dpEX,0.013069836981594562
0.0,mpEX,mpEX,0.015910582803189754
0.0,mpEX,mpIN,0.0021527325734496117
0.0,mpEX,nptxEX,0.0
0.0,mpEX,obNBL,0.0
0.0,mpEX,reaEGC,0.2080597998574376
0.0,mpEX,ribEGC,0.0
0.0,mpEX,scgnIN,0.0
0.0,mpEX,sfrpEGC,0.05420522587373853
0.0,mpEX,sstIN,0.0
0.0,mpEX,tlNBL,0.0
0.0,mpEX,wntEGC,0.08087960816919804
0.0,mpIN,CMPN,0.0021595772235624253
0.0,mpIN,MCG,0.0
0.0,mpIN,MSN,0.0
0.0,mpIN,Oligo,0.004046740070466072
0.0,mpIN,VLMC,0.013697273404367508
0.0,mpIN,WSN,0.0
0.0,mpIN,dpEX,0.012664391533021005
0.0,mpIN,mpEX,0.008510424917744052
0.0,mpIN,mpIN,0.004694185718413322
0.0,mpIN,nptxEX,0.0
0.0,mpIN,obNBL,0.0
0.0,mpIN,reaEGC,0.01097699346080903
0.0,mpIN,ribEGC,0.0
0.0,mpIN,scgnIN,0.0
0.0,mpIN,sfrpEGC,0.008518602002051569
0.0,mpIN,sstIN,0.0017047778252632388
0.0,mpIN,tlNBL,0.0
0.0,mpIN,wntEGC,0.13765845491040138
0.0,nptxEX,CMPN,0.0
0.0,nptxEX,MCG,0.0005619384972332733
0.0,nptxEX,MSN,0.0
0.0,nptxEX,Oligo,0.007242728630310209
0.0,nptxEX,VLMC,0.0
0.0,nptxEX,WSN,0.004859587462077587
0.0,nptxEX,dpEX,0.0
0.0,nptxEX,mpEX,0.0
0.0,nptxEX,mpIN,0.0
0.0,nptxEX,nptxEX,0.00032237575852812217
0.0,nptxEX,obNBL,0.0
0.0,nptxEX,reaEGC,0.0
0.0,nptxEX,ribEGC,0.012083352933376293
0.0,nptxEX,scgnIN,0.0
0.0,nptxEX,sfrpEGC,0.0
0.0,nptxEX,sstIN,0.0
0.0,nptxEX,tlNBL,0.0009817300465306625
0.0,nptxEX,wntEGC,0.031262415970487546
0.0,obNBL,CMPN,0.0
0.0,obNBL,MCG,0.0
0.0,obNBL,MSN,0.0
0.0,obNBL,Oligo,0.0
0.0,obNBL,VLMC,0.005465686558412304
0.0,obNBL,WSN,0.0
0.0,obNBL,dpEX,0.0
0.0,obNBL,mpEX,0.0
0.0,obNBL,mpIN,0.0
0.0,obNBL,nptxEX,0.0
0.0,obNBL,obNBL,0.04213941773147735
0.0,obNBL,reaEGC,0.0
0.0,obNBL,ribEGC,0.0
0.0,obNBL,scgnIN,0.0017902729365806681
0.0,obNBL,sfrpEGC,0.0
0.0,obNBL,sstIN,0.00051940669273508
0.0,obNBL,tlNBL,0.0
0.0,obNBL,wntEGC,0.0
0.0,reaEGC,CMPN,0.0
0.0,reaEGC,MCG,0.09060317395240303
0.0,reaEGC,MSN,0.0
0.0,reaEGC,Oligo,0.30893037380195976
0.0,reaEGC,VLMC,0.36170878372793125
0.0,reaEGC,WSN,0.13266362308517216
0.0,reaEGC,dpEX,0.12121670546494132
0.0,reaEGC,mpEX,0.23581374442483496
0.0,reaEGC,mpIN,0.013418929431382128
0.0,reaEGC,nptxEX,0.0
0.0,reaEGC,obNBL,0.0
0.0,reaEGC,reaEGC,6.641575139699957
0.0,reaEGC,ribEGC,0.018267342894096074
0.0,reaEGC,scgnIN,0.0
0.0,reaEGC,sfrpEGC,1.2262832366950869
0.0,reaEGC,sstIN,0.0
0.0,reaEGC,tlNBL,0.02017117297555518
0.0,reaEGC,wntEGC,0.2982176274765195
0.0,ribEGC,CMPN,0.0
0.0,ribEGC,MCG,0.0
0.0,ribEGC,MSN,0.0
0.0,ribEGC,Oligo,0.8723521488053458
0.0,ribEGC,VLMC,0.039110324212483
0.0,ribEGC,WSN,0.0
0.0,ribEGC,dpEX,0.0
0.0,ribEGC,mpEX,0.0
0.0,ribEGC,mpIN,0.0
0.0,ribEGC,nptxEX,0.031072618705885752
0.0,ribEGC,obNBL,0.0
0.0,ribEGC,reaEGC,0.047334825353963036
0.0,ribEGC,ribEGC,4.940469445926802
0.0,ribEGC,scgnIN,0.0
0.0,ribEGC,sfrpEGC,0.659708742584501
0.0,ribEGC,sstIN,0.0
0.0,ribEGC,tlNBL,0.20696156365530832
0.0,ribEGC,wntEGC,3.2705346175602505
0.0,scgnIN,CMPN,0.0
0.0,scgnIN,MCG,0.0
0.0,scgnIN,MSN,0.0
0.0,scgnIN,Oligo,0.0
0.0,scgnIN,VLMC,0.00047674249683201476
0.0,scgnIN,WSN,0.0
0.0,scgnIN,dpEX,0.0
0.0,scgnIN,mpEX,0.0
0.0,scgnIN,mpIN,0.0
0.0,scgnIN,nptxEX,0.0
0.0,scgnIN,obNBL,0.0
0.0,scgnIN,reaEGC,0.0
0.0,scgnIN,ribEGC,0.0
0.0,scgnIN,scgnIN,0.0
0.0,scgnIN,sfrpEGC,0.009556653496319269
0.0,scgnIN,sstIN,0.0
0.0,scgnIN,tlNBL,0.0
0.0,scgnIN,wntEGC,0.0017384155640588976
0.0,sfrpEGC,CMPN,0.006728396820095318
0.0,sfrpEGC,MCG,0.001619809929136674
0.0,sfrpEGC,MSN,0.0
0.0,sfrpEGC,Oligo,0.24428299385751515
0.0,sfrpEGC,VLMC,0.32881688776791307
0.0,sfrpEGC,WSN,0.0
0.0,sfrpEGC,dpEX,0.008045498979386508
0.0,sfrpEGC,mpEX,0.015269676703867559
0.0,sfrpEGC,mpIN,0.0
0.0,sfrpEGC,nptxEX,0.0
0.0,sfrpEGC,obNBL,0.0
0.0,sfrpEGC,reaEGC,0.9567379532348983
0.0,sfrpEGC,ribEGC,0.12610923190841405
0.0,sfrpEGC,scgnIN,0.0
0.0,sfrpEGC,sfrpEGC,14.499898993514032
0.0,sfrpEGC,sstIN,0.0
0.0,sfrpEGC,tlNBL,2.623757261901357
0.0,sfrpEGC,wntEGC,2.549157135377082
0.0,sstIN,CMPN,0.0035339993945622847
0.0,sstIN,MCG,0.000896205942509538
0.0,sstIN,MSN,0.0
0.0,sstIN,Oligo,0.0
0.0,sstIN,VLMC,0.028450567338426234
0.0,sstIN,WSN,0.0
0.0,sstIN,dpEX,0.007468910742614229
0.0,sstIN,mpEX,0.00515147654686944
0.0,sstIN,mpIN,0.0073524755946660445
0.0,sstIN,nptxEX,0.0
0.0,sstIN,obNBL,0.0
0.0,sstIN,reaEGC,0.0076805848186298955
0.0,sstIN,ribEGC,0.0
0.0,sstIN,scgnIN,0.0
0.0,sstIN,sfrpEGC,0.0
0.0,sstIN,sstIN,0.03416759159605382
0.0,sstIN,tlNBL,0.0
0.0,sstIN,wntEGC,0.015150724831274
0.0,tlNBL,CMPN,0.009736050463202011
0.0,tlNBL,MCG,0.0
0.0,tlNBL,MSN,0.0026280879974365234
0.0,tlNBL,Oligo,0.004190463516580399
0.0,tlNBL,VLMC,0.060035068560485266
0.0,tlNBL,WSN,0.0
0.0,tlNBL,dpEX,0.0
0.0,tlNBL,mpEX,0.0
0.0,tlNBL,mpIN,0.0
0.0,tlNBL,nptxEX,0.0
0.0,tlNBL,obNBL,0.0
0.0,tlNBL,reaEGC,0.0067350427109991486
0.0,tlNBL,ribEGC,0.08126119752625126
0.0,tlNBL,scgnIN,0.0
0.0,tlNBL,sfrpEGC,2.539214343806008
0.0,tlNBL,sstIN,0.0
0.0,tlNBL,tlNBL,0.595804520138544
0.0,tlNBL,wntEGC,0.6737222721678527
0.0,wntEGC,CMPN,0.32200213893186674
0.0,wntEGC,MCG,0.035429244367485374
0.0,wntEGC,MSN,0.0
0.0,wntEGC,Oligo,0.23766870474204038
0.0,wntEGC,VLMC,0.4415290717385773
0.0,wntEGC,WSN,0.0
0.0,wntEGC,dpEX,0.355448766311689
0.0,wntEGC,mpEX,0.0316854040337424
0.0,wntEGC,mpIN,0.004286639031521615
0.0,wntEGC,nptxEX,0.0
0.0,wntEGC,obNBL,0.0
0.0,wntEGC,reaEGC,0.18378943306768042
0.0,wntEGC,ribEGC,0.3566620777814816
0.0,wntEGC,scgnIN,0.0
0.0,wntEGC,sfrpEGC,2.0425204526461087
0.0,wntEGC,sstIN,0.0
0.0,wntEGC,tlNBL,0.5766465406234448
0.0,wntEGC,wntEGC,19.949377223664197
0.5,CMPN,CMPN,0.24699659832797125
0.5,CMPN,MCG,0.0
0.5,CMPN,MSN,0.0011719249930057225
0.5,CMPN,Oligo,0.0
0.5,CMPN,VLMC,0.005592568733617274
0.5,CMPN,WSN,0.0
0.5,CMPN,cckIN,0.003925845846143692
0.5,CMPN,dpEX,0.0016271523468157384
0.5,CMPN,mpEX,0.0
0.5,CMPN,mpIN,0.0
0.5,CMPN,nptxEX,0.0
0.5,CMPN,obNBL,0.0
0.5,CMPN,reaEGC,0.0
0.5,CMPN,ribEGC,0.004943532001285653
0.5,CMPN,scgnIN,0.0
0.5,CMPN,sfrpEGC,0.0
0.5,CMPN,sstIN,0.0
0.5,CMPN,tlNBL,0.0
0.5,CMPN,wntEGC,0.1893717158605291
0.5,MCG,CMPN,0.0
0.5,MCG,MCG,0.685030602040838
0.5,MCG,MSN,0.0
0.5,MCG,Oligo,0.0
0.5,MCG,VLMC,0.0
0.5,MCG,WSN,0.0
0.5,MCG,cckIN,0.0
0.5,MCG,dpEX,0.03969851673626509
0.5,MCG,mpEX,0.0
0.5,MCG,mpIN,0.0
0.5,MCG,nptxEX,0.0
0.5,MCG,obNBL,0.0
0.5,MCG,reaEGC,0.03282075631813925
0.5,MCG,ribEGC,0.07692947544035364
0.5,MCG,scgnIN,0.0
0.5,MCG,sfrpEGC,0.015437698755107943
0.5,MCG,sstIN,0.0
0.5,MCG,tlNBL,0.0
0.5,MCG,wntEGC,0.0
0.5,MSN,CMPN,0.0
0.5,MSN,MCG,0.0
0.5,MSN,MSN,0.14225805384009632
0.5,MSN,Oligo,0.0
0.5,MSN,VLMC,0.007026488448849958
0.5,MSN,WSN,0.0
0.5,MSN,cckIN,0.0
0.5,MSN,dpEX,0.0
0.5,MSN,mpEX,0.0
0.5,MSN,mpIN,0.0
0.5,MSN,nptxEX,0.0018102648246347607
0.5,MSN,obNBL,0.0
0.5,MSN,reaEGC,0.0012521697514092745
0.5,MSN,ribEGC,0.004960837648875678
0.5,MSN,scgnIN,0.0
0.5,MSN,sfrpEGC,0.04848333955997258
0.5,MSN,sstIN,0.0
0.5,MSN,tlNBL,0.038875029395468795
0.5,MSN,wntEGC,0.0
0.5,Oligo,CMPN,0.0
0.5,Oligo,MCG,0.0
0.5,Oligo,MSN,0.0
0.5,Oligo,Oligo,0.0
0.5,Oligo,VLMC,1.9151966571807861
0.5,Oligo,WSN,0.0
0.5,Oligo,cckIN,0.0
0.5,Oligo,dpEX,0.0
0.5,Oligo,mpEX,0.5459834337234497
0.5,Oligo,mpIN,0.0
0.5,Oligo,nptxEX,0.0
0.5,Oligo,obNBL,0.0
0.5,Oligo,reaEGC,0.0
0.5,Oligo,ribEGC,0.0
0.5,Oligo,scgnIN,0.0
0.5,Oligo,sfrpEGC,0.0
0.5,Oligo,sstIN,0.0
0.5,Oligo,tlNBL,0.0
0.5,Oligo,wntEGC,0.0
0.5,VLMC,CMPN,0.0022984364660574436
0.5,VLMC,MCG,0.001071358724536223
0.5,VLMC,MSN,0.006884319895696601
0.5,VLMC,Oligo,0.0032037949346928837
0.5,VLMC,VLMC,1.1587002445577694
0.5,VLMC,WSN,0.0019501810977456998
0.5,VLMC,cckIN,0.0
0.5,VLMC,dpEX,0.006384149597158581
0.5,VLMC,mpEX,0.0003526777004589303
0.5,VLMC,mpIN,0.0007127488216872681
0.5,VLMC,nptxEX,0.0
0.5,VLMC,obNBL,0.003945742795661006
0.5,VLMC,reaEGC,0.04577590897984931
0.5,VLMC,ribEGC,0.006481577129614363
0.5,VLMC,scgnIN,0.002035227928912669
0.5,VLMC,sfrpEGC,0.1154018589177026
0.5,VLMC,sstIN,0.0016568883507832627
0.5,VLMC,tlNBL,0.024082498241390138
0.5,VLMC,wntEGC,0.02947295047006615
0.5,WSN,CMPN,0.0
0.5,WSN,MCG,0.0
0.5,WSN,MSN,0.0
0.5,WSN,Oligo,0.0
0.5,WSN,VLMC,0.026941343628126998
0.5,WSN,WSN,1.1554163442603473
0.5,WSN,cckIN,0.0
0.5,WSN,dpEX,0.0
0.5,WSN,mpEX,0.0
0.5,WSN,mpIN,0.0
0.5,WSN,nptxEX,0.0
0.5,WSN,obNBL,0.0
0.5,WSN,reaEGC,0.36069128431122877
0.5,WSN,ribEGC,0.0
0.5,WSN,scgnIN,0.0
0.5,WSN,sfrpEGC,0.0
0.5,WSN,sstIN,0.0
0.5,WSN,tlNBL,0.0
0.5,WSN,wntEGC,0.0
0.5,cckIN,CMPN,0.06703487038612366
0.5,cckIN,MCG,0.0
0.5,cckIN,MSN,0.03282701117651803
0.5,cckIN,Oligo,0.0
0.5,cckIN,VLMC,0.0785158566066197
0.5,cckIN,WSN,0.0
0.5,cckIN,cckIN,0.1493351365838732
0.5,cckIN,dpEX,0.0
0.5,cckIN,mpEX,0.0
0.5,cckIN,mpIN,0.0
0.5,cckIN,nptxEX,0.0
0.5,cckIN,obNBL,0.0
0.5,cckIN,reaEGC,0.0
0.5,cckIN,ribEGC,0.010755787576947893
0.5,cckIN,scgnIN,0.0
0.5,cckIN,sfrpEGC,0.0
0.5,cckIN,sstIN,0.0
0.5,cckIN,tlNBL,0.0
0.5,cckIN,wntEGC,0.0
0.5,dpEX,CMPN,0.0
0.5,dpEX,MCG,0.003406647933545963
0.5,dpEX,MSN,0.0
0.5,dpEX,Oligo,0.0
0.5,dpEX,VLMC,0.0
0.5,dpEX,WSN,0.0
0.5,dpEX,cckIN,0.0
0.5,dpEX,dpEX,0.03518079754918121
0.5,dpEX,mpEX,0.0007460916689199995
0.5,dpEX,mpIN,0.0009361115536948507
0.5,dpEX,nptxEX,0.0
0.5,dpEX,obNBL,0.0
0.5,dpEX,reaEGC,0.008779048965882885
0.5,dpEX,ribEGC,0.0
0.5,dpEX,scgnIN,0.0
0.5,dpEX,sfrpEGC,0.0
0.5,dpEX,sstIN,0.0
0.5,dpEX,tlNBL,0.0
0.5,dpEX,wntEGC,0.1001208339088647
0.5,mpEX,CMPN,0.0
0.5,mpEX,MCG,0.0
0.5,mpEX,MSN,0.0
0.5,mpEX,Oligo,0.0011435980844025566
0.5,mpEX,VLMC,0.0
0.5,mpEX,WSN,0.0
0.5,mpEX,cckIN,0.0
0.5,mpEX,dpEX,0.0
0.5,mpEX,mpEX,0.20106604249760657
0.5,mpEX,mpIN,0.0
0.5,mpEX,nptxEX,0.0
0.5,mpEX,obNBL,0.0
0.5,mpEX,reaEGC,0.049683608955676015
0.5,mpEX,ribEGC,0.0
0.5,mpEX,scgnIN,0.0
0.5,mpEX,sfrpEGC,0.010396799946775531
0.5,mpEX,sstIN,0.0
0.5,mpEX,tlNBL,0.0
0.5,mpEX,wntEGC,0.10260382164822947
0.5,mpIN,CMPN,0.0
0.5,mpIN,MCG,0.0
0.5,mpIN,MSN,0.0
0.5,mpIN,Oligo,0.0
0.5,mpIN,VLMC,0.0056256502866744995
0.5,mpIN,WSN,0.0
0.5,mpIN,cckIN,0.0
0.5,mpIN,dpEX,0.0
0.5,mpIN,mpEX,0.0015639212159883407
0.5,mpIN,mpIN,0.04547589236781711
0.5,mpIN,nptxEX,0.0
0.5,mpIN,obNBL,0.0
0.5,mpIN,reaEGC,0.0
0.5,mpIN,ribEGC,0.0
0.5,mpIN,scgnIN,0.0
0.5,mpIN,sfrpEGC,0.0
0.5,mpIN,sstIN,0.0
0.5,mpIN,tlNBL,0.0
0.5,mpIN,wntEGC,0.0
0.5,nptxEX,CMPN,0.0
0.5,nptxEX,MCG,0.0
0.5,nptxEX,MSN,0.0021378062048011065
0.5,nptxEX,Oligo,0.0
0.5,nptxEX,VLMC,0.010906046760674998
0.5,nptxEX,WSN,0.0
0.5,nptxEX,cckIN,0.0
0.5,nptxEX,dpEX,0.0
0.5,nptxEX,mpEX,0.0
0.5,nptxEX,mpIN,0.0
0.5,nptxEX,nptxEX,0.07487778769013631
0.5,nptxEX,obNBL,0.0007831660094182136
0.5,nptxEX,reaEGC,0.0
0.5,nptxEX,ribEGC,0.006891784253041389
0.5,nptxEX,scgnIN,0.0
0.5,nptxEX,sfrpEGC,0.0
0.5,nptxEX,sstIN,0.0
0.5,nptxEX,tlNBL,0.0
0.5,nptxEX,wntEGC,0.1927767932744316
0.5,obNBL,CMPN,0.0
0.5,obNBL,MCG,0.0
0.5,obNBL,MSN,0.0
0.5,obNBL,Oligo,0.0
0.5,obNBL,VLMC,0.011145524938717725
0.5,obNBL,WSN,0.0010335012478861468
0.5,obNBL,cckIN,0.0
0.5,obNBL,dpEX,0.0
0.5,obNBL,mpEX,0.0
0.5,obNBL,mpIN,0.0
0.5,obNBL,nptxEX,0.0
0.5,obNBL,obNBL,0.035546877694597974
0.5,obNBL,reaEGC,0.0
0.5,obNBL,ribEGC,0.0
0.5,obNBL,scgnIN,0.0006795776083067438
0.5,obNBL,sfrpEGC,0.0
0.5,obNBL,sstIN,0.0
0.5,obNBL,tlNBL,0.0
0.5,obNBL,wntEGC,0.0
0.5,reaEGC,CMPN,0.0
0.5,reaEGC,MCG,0.0183300029618938
0.5,reaEGC,MSN,0.004307002418126042
0.5,reaEGC,Oligo,0.0
0.5,reaEGC,VLMC,0.17034954280250159
0.5,reaEGC,WSN,0.03508401176203852
0.5,reaEGC,cckIN,0.0
0.5,reaEGC,dpEX,0.02698204027334221
0.5,reaEGC,mpEX,0.0811655001913606
0.5,reaEGC,mpIN,0.0
0.5,reaEGC,nptxEX,0.0
0.5,reaEGC,obNBL,0.0
0.5,reaEGC,reaEGC,4.764605054388875
0.5,reaEGC,ribEGC,0.007261901033725663
0.5,reaEGC,scgnIN,0.0
0.5,reaEGC,sfrpEGC,0.2945263915853538
0.5,reaEGC,sstIN,0.0
0.5,reaEGC,tlNBL,0.0
0.5,reaEGC,wntEGC,0.0
0.5,ribEGC,CMPN,0.02925409475962321
0.5,ribEGC,MCG,0.0
0.5,ribEGC,MSN,0.029940570725335014
0.5,ribEGC,Oligo,0.0
0.5,ribEGC,VLMC,0.12694136566585965
0.5,ribEGC,WSN,0.0
0.5,ribEGC,cckIN,0.0
0.5,ribEGC,dpEX,0.0
0.5,ribEGC,mpEX,0.0
0.5,ribEGC,mpIN,0.0
0.5,ribEGC,nptxEX,0.11433025863435534
0.5,ribEGC,obNBL,0.0
0.5,ribEGC,reaEGC,0.02258658938937717
0.5,ribEGC,ribEGC,12.41226904988289
0.5,ribEGC,scgnIN,0.0
0.5,ribEGC,sfrpEGC,1.8835211025344
0.5,ribEGC,sstIN,0.0
0.5,ribEGC,tlNBL,0.5785843637254503
0.5,ribEGC,wntEGC,0.8155936923291948
0.5,scgnIN,CMPN,0.0006031877285725361
0.5,scgnIN,MCG,0.0
0.5,scgnIN,MSN,0.0
0.5,scgnIN,Oligo,0.0
0.5,scgnIN,VLMC,0.0034510413268664937
0.5,scgnIN,WSN,0.0
0.5,scgnIN,cckIN,0.0
0.5,scgnIN,dpEX,0.0
0.5,scgnIN,mpEX,0.0
0.5,scgnIN,mpIN,0.0
0.5,scgnIN,nptxEX,0.0
0.5,scgnIN,obNBL,0.001362919163059544
0.5,scgnIN,reaEGC,0.0
0.5,scgnIN,ribEGC,0.0
0.5,scgnIN,scgnIN,0.0
0.5,scgnIN,sfrpEGC,0.0
0.5,scgnIN,sstIN,0.0003294346031841931
0.5,scgnIN,tlNBL,0.0
0.5,scgnIN,wntEGC,0.0
0.5,sfrpEGC,CMPN,0.0
0.5,sfrpEGC,MCG,0.0
0.5,sfrpEGC,MSN,0.13054686951470543
0.5,sfrpEGC,Oligo,0.0
0.5,sfrpEGC,VLMC,0.47605076275922203
0.5,sfrpEGC,WSN,0.0
0.5,sfrpEGC,cckIN,0.0
0.5,sfrpEGC,dpEX,0.0
0.5,sfrpEGC,mpEX,0.012043502780940983
0.5,sfrpEGC,mpIN,0.0
0.5,sfrpEGC,nptxEX,0.0
0.5,sfrpEGC,obNBL,0.0
0.5,sfrpEGC,reaEGC,0.28606584230503
0.5,sfrpEGC,ribEGC,0.5027618672881093
0.5,sfrpEGC,scgnIN,0.0
0.5,sfrpEGC,sfrpEGC,13.494091189541184
0.5,sfrpEGC,sstIN,0.0
0.5,sfrpEGC,tlNBL,1.1021923928202448
0.5,sfrpEGC,wntEGC,1.6856086898100127
0.5,sstIN,CMPN,0.0015855445872227697
0.5,sstIN,MCG,0.0
0.5,sstIN,MSN,0.0
0.5,sstIN,Oligo,0.0
0.5,sstIN,VLMC,0.0
0.5,sstIN,WSN,0.0
0.5,sstIN,cckIN,0.0
0.5,sstIN,dpEX,0.00314274488838479
0.5,sstIN,mpEX,0.0
0.5,sstIN,mpIN,0.0
0.5,sstIN,nptxEX,0.0
0.5,sstIN,obNBL,0.0
0.5,sstIN,reaEGC,0.0
0.5,sstIN,ribEGC,0.0
0.5,sstIN,scgnIN,0.0
0.5,sstIN,sfrpEGC,0.0
0.5,sstIN,sstIN,0.01826844130150616
0.5,sstIN,tlNBL,0.0
0.5,sstIN,wntEGC,0.0
0.5,tlNBL,CMPN,0.0
0.5,tlNBL,MCG,0.002745766710076067
0.5,tlNBL,MSN,0.18403918699671826
0.5,tlNBL,Oligo,0.0
0.5,tlNBL,VLMC,0.09647571585244602
0.5,tlNBL,WSN,0.0
0.5,tlNBL,cckIN,0.0
0.5,tlNBL,dpEX,0.0
0.5,tlNBL,mpEX,0.0
0.5,tlNBL,mpIN,0.0
0.5,tlNBL,nptxEX,0.0
0.5,tlNBL,obNBL,0.0
0.5,tlNBL,reaEGC,0.0019342477122942607
0.5,tlNBL,ribEGC,0.29129640354464453
0.5,tlNBL,scgnIN,0.0
0.5,tlNBL,sfrpEGC,1.3987325909030106
0.5,tlNBL,sstIN,0.0
0.5,tlNBL,tlNBL,2.0640046852640808
0.5,tlNBL,wntEGC,0.5466760092725357
0.5,wntEGC,CMPN,0.22558854438584566
0.5,wntEGC,MCG,0.0
0.5,wntEGC,MSN,0.0
0.5,wntEGC,Oligo,0.0
0.5,wntEGC,VLMC,0.05889577214224932
0.5,wntEGC,WSN,0.0
0.5,wntEGC,cckIN,0.0
0.5,wntEGC,dpEX,0.08120333368768169
0.5,wntEGC,mpEX,0.09733102593240858
0.5,wntEGC,mpIN,0.0
0.5,wntEGC,nptxEX,0.06753071928829081
0.5,wntEGC,obNBL,0.0
0.5,wntEGC,reaEGC,0.0
0.5,wntEGC,ribEGC,0.11330478905625484
0.5,wntEGC,scgnIN,0.0
0.5,wntEGC,sfrpEGC,1.0643248061339061
0.5,wntEGC,sstIN,0.0
0.5,wntEGC,tlNBL,0.2500400128872586
0.5,wntEGC,wntEGC,22.860920776503495
1.0,CMPN,CMPN,0.0
1.0,CMPN,MCG,0.0
1.0,CMPN,MSN,0.0
1.0,CMPN,VLMC,0.0
1.0,CMPN,WSN,0.0
1.0,CMPN,cckIN,0.0031865005606835513
1.0,CMPN,dpEX,0.0
1.0,CMPN,mpEX,0.002671119053381288
1.0,CMPN,mpIN,0.0
1.0,CMPN,nptxEX,0.0
1.0,CMPN,npyIN,0.005499987992797329
1.0,CMPN,obNBL,0.0
1.0,CMPN,reaEGC,0.003546821167533147
1.0,CMPN,ribEGC,0.01785621302052057
1.0,CMPN,scgnIN,0.0
1.0,CMPN,sfrpEGC,0.0
1.0,CMPN,sstIN,0.0
1.0,CMPN,tlNBL,0.0
1.0,CMPN,wntEGC,0.14743623618391732
1.0,MCG,CMPN,0.0
1.0,MCG,MCG,0.0059456420699935154
1.0,MCG,MSN,0.0
1.0,MCG,VLMC,0.02022778313623834
1.0,MCG,WSN,0.013976703536995936
1.0,MCG,cckIN,0.002824512542103211
1.0,MCG,dpEX,0.0
1.0,MCG,mpEX,0.001969924002750966
1.0,MCG,mpIN,0.00216442616277151
1.0,MCG,nptxEX,0.0
1.0,MCG,npyIN,0.0
1.0,MCG,obNBL,0.0
1.0,MCG,reaEGC,0.052718458132506495
1.0,MCG,ribEGC,0.03714136786050926
1.0,MCG,scgnIN,0.0
1.0,MCG,sfrpEGC,0.046178699618550985
1.0,MCG,sstIN,0.0014775603065663332
1.0,MCG,tlNBL,0.0
1.0,MCG,wntEGC,0.07522769481348236
1.0,MSN,CMPN,0.0016151042963495317
1.0,MSN,MCG,0.0
1.0,MSN,MSN,0.0
1.0,MSN,VLMC,0.0013048991264886414
1.0,MSN,WSN,0.0005734610241769955
1.0,MSN,cckIN,0.0
1.0,MSN,dpEX,0.0
1.0,MSN,mpEX,0.0
1.0,MSN,mpIN,0.0
1.0,MSN,nptxEX,0.0
1.0,MSN,npyIN,0.0
1.0,MSN,obNBL,0.0007487918860864955
1.0,MSN,reaEGC,0.0011362559748011709
1.0,MSN,ribEGC,0.05250977196835524
1.0,MSN,scgnIN,0.0
1.0,MSN,sfrpEGC,0.026511810078526175
1.0,MSN,sstIN,0.0
1.0,MSN,tlNBL,0.0
1.0,MSN,wntEGC,0.0007321643118826759
1.0,VLMC,CMPN,0.001241690119321431
1.0,VLMC,MCG,0.004388125386766776
1.0,VLMC,MSN,0.0
1.0,VLMC,VLMC,0.7283872898479581
1.0,VLMC,WSN,0.0003614787521608679
1.0,VLMC,cckIN,0.007651455916937509
1.0,VLMC,dpEX,0.0
1.0,VLMC,mpEX,0.00538572072341188
1.0,VLMC,mpIN,0.0004167718445908266
1.0,VLMC,nptxEX,0.0
1.0,VLMC,npyIN,0.0
1.0,VLMC,obNBL,0.012578007110481754
1.0,VLMC,reaEGC,0.0
1.0,VLMC,ribEGC,0.34442859932988784
1.0,VLMC,scgnIN,0.0016543371973817905
1.0,VLMC,sfrpEGC,0.5192124081055751
1.0,VLMC,sstIN,0.0026534555481889147
1.0,VLMC,tlNBL,0.012444241375404744
1.0,VLMC,wntEGC,0.28276475085893926
1.0,WSN,CMPN,0.0
1.0,WSN,MCG,0.010579433154176783
1.0,WSN,MSN,0.0
1.0,WSN,VLMC,0.001337220394071728
1.0,WSN,WSN,0.14723998755829815
1.0,WSN,cckIN,0.0006754527121414373
1.0,WSN,dpEX,0.0
1.0,WSN,mpEX,0.0
1.0,WSN,mpIN,0.0
1.0,WSN,nptxEX,0.0
1.0,WSN,npyIN,0.0
1.0,WSN,obNBL,0.001426977753148648
1.0,WSN,reaEGC,0.01822263738255442
1.0,WSN,ribEGC,0.0
1.0,WSN,scgnIN,0.0009200186641127975
1.0,WSN,sfrpEGC,0.0
1.0,WSN,sstIN,0.0
1.0,WSN,tlNBL,0.0
1.0,WSN,wntEGC,0.0
1.0,cckIN,CMPN,0.0015540134366201614
1.0,cckIN,MCG,0.0
1.0,cckIN,MSN,0.0
1.0,cckIN,VLMC,0.0067376834395961715
1.0,cckIN,WSN,0.0
1.0,cckIN,cckIN,0.030979147443196655
1.0,cckIN,dpEX,0.0
1.0,cckIN,mpEX,0.0
1.0,cckIN,mpIN,0.0
1.0,cckIN,nptxEX,0.0
1.0,cckIN,npyIN,0.0
1.0,cckIN,obNBL,0.0009239406318254858
1.0,cckIN,reaEGC,0.0
1.0,cckIN,ribEGC,0.01445948033813645
1.0,cckIN,scgnIN,0.0
1.0,cckIN,sfrpEGC,0.03783744623382222
1.0,cckIN,sstIN,0.0033790800267016973
1.0,cckIN,tlNBL,0.0
1.0,cckIN,wntEGC,0.044196232121997914
1.0,dpEX,CMPN,0.0
1.0,dpEX,MCG,0.0
1.0,dpEX,MSN,0.0
1.0,dpEX,VLMC,0.0
1.0,dpEX,WSN,0.0
1.0,dpEX,cckIN,0.0
1.0,dpEX,dpEX,0.0
1.0,dpEX,mpEX,0.0023672316330937263
1.0,dpEX,mpIN,0.0
1.0,dpEX,nptxEX,0.0
1.0,dpEX,npyIN,0.0
1.0,dpEX,obNBL,0.0
1.0,dpEX,reaEGC,0.01234057052867619
1.0,dpEX,ribEGC,0.0016784472415453493
1.0,dpEX,scgnIN,0.0
1.0,dpEX,sfrpEGC,0.0
1.0,dpEX,sstIN,0.0
1.0,dpEX,tlNBL,0.0
1.0,dpEX,wntEGC,0.12402301440088767
1.0,mpEX,CMPN,0.0
1.0,mpEX,MCG,0.0
1.0,mpEX,MSN,0.0
1.0,mpEX,VLMC,0.0010317387756394463
1.0,mpEX,WSN,0.00047776077422627644
1.0,mpEX,cckIN,0.0
1.0,mpEX,dpEX,0.0
1.0,mpEX,mpEX,0.010153169610017648
1.0,mpEX,mpIN,0.0013371502694908095
1.0,mpEX,nptxEX,0.0
1.0,mpEX,npyIN,0.0
1.0,mpEX,obNBL,0.0
1.0,mpEX,reaEGC,0.0
1.0,mpEX,ribEGC,0.0015447609995040425
1.0,mpEX,scgnIN,0.0
1.0,mpEX,sfrpEGC,0.0
1.0,mpEX,sstIN,0.0004923298680709183
1.0,mpEX,tlNBL,0.0
1.0,mpEX,wntEGC,0.18814052734638284
1.0,mpIN,CMPN,0.0
1.0,mpIN,MCG,0.0
1.0,mpIN,MSN,0.0
1.0,mpIN,VLMC,0.0
1.0,mpIN,WSN,0.0
1.0,mpIN,cckIN,0.0
1.0,mpIN,dpEX,0.0
1.0,mpIN,mpEX,0.008541993012553767
1.0,mpIN,mpIN,0.0
1.0,mpIN,nptxEX,0.004082232975123222
1.0,mpIN,npyIN,0.0
1.0,mpIN,obNBL,0.0
1.0,mpIN,reaEGC,0.0
1.0,mpIN,ribEGC,0.0
1.0,mpIN,scgnIN,0.0
1.0,mpIN,sfrpEGC,0.0
1.0,mpIN,sstIN,0.0014756480068491217
1.0,mpIN,tlNBL,0.0
1.0,mpIN,wntEGC,0.0725467816779488
1.0,nptxEX,CMPN,0.0
1.0,nptxEX,MCG,0.0
1.0,nptxEX,MSN,0.0
1.0,nptxEX,VLMC,0.0
1.0,nptxEX,WSN,0.0
1.0,nptxEX,cckIN,0.0
1.0,nptxEX,dpEX,0.0
1.0,nptxEX,mpEX,0.0
1.0,nptxEX,mpIN,0.0
1.0,nptxEX,nptxEX,0.0018381457287090512
1.0,nptxEX,npyIN,0.0
1.0,nptxEX,obNBL,0.0
1.0,nptxEX,reaEGC,0.0
1.0,nptxEX,ribEGC,0.0742102819698545
1.0,nptxEX,scgnIN,0.0
1.0,nptxEX,sfrpEGC,0.0
1.0,nptxEX,sstIN,0.0
1.0,nptxEX,tlNBL,0.0
1.0,nptxEX,wntEGC,0.01783464010533369
1.0,npyIN,CMPN,0.0
1.0,npyIN,MCG,0.0
1.0,npyIN,MSN,0.0
1.0,npyIN,VLMC,0.0
1.0,npyIN,WSN,0.0
1.0,npyIN,cckIN,0.0
1.0,npyIN,dpEX,0.0
1.0,npyIN,mpEX,0.0
1.0,npyIN,mpIN,0.0
1.0,npyIN,nptxEX,0.0
1.0,npyIN,npyIN,0.0
1.0,npyIN,obNBL,0.0
1.0,npyIN,reaEGC,0.0
1.0,npyIN,ribEGC,0.0
1.0,npyIN,scgnIN,0.0
1.0,npyIN,sfrpEGC,0.0
1.0,npyIN,sstIN,0.0
1.0,npyIN,tlNBL,0.0
1.0,npyIN,wntEGC,0.0
1.0,obNBL,CMPN,0.0
1.0,obNBL,MCG,0.0
1.0,obNBL,MSN,0.0028653861028361694
1.0,obNBL,VLMC,0.0004372550971012881
1.0,obNBL,WSN,0.00039685474640411856
1.0,obNBL,cckIN,0.0007575915485984576
1.0,obNBL,dpEX,0.0
1.0,obNBL,mpEX,0.0017243481223287798
1.0,obNBL,mpIN,0.0
1.0,obNBL,nptxEX,0.0
1.0,obNBL,npyIN,0.0
1.0,obNBL,obNBL,0.023459329967099336
1.0,obNBL,reaEGC,0.0
1.0,obNBL,ribEGC,0.0
1.0,obNBL,scgnIN,0.003232661498154645
1.0,obNBL,sfrpEGC,0.0
1.0,obNBL,sstIN,0.0
1.0,obNBL,tlNBL,0.0
1.0,obNBL,wntEGC,0.0
1.0,reaEGC,CMPN,0.00472723287044805
1.0,reaEGC,MCG,0.023103203667637004
1.0,reaEGC,MSN,0.011766976601368672
1.0,reaEGC,VLMC,0.0
1.0,reaEGC,WSN,0.023311964793555063
1.0,reaEGC,cckIN,0.0
1.0,reaEGC,dpEX,0.030798798132126857
1.0,reaEGC,mpEX,0.0041023842616431045
1.0,reaEGC,mpIN,0.0
1.0,reaEGC,nptxEX,0.0
1.0,reaEGC,npyIN,0.0
1.0,reaEGC,obNBL,0.0
1.0,reaEGC,reaEGC,4.870786390166485
1.0,reaEGC,ribEGC,0.07844077113972668
1.0,reaEGC,scgnIN,0.0
1.0,reaEGC,sfrpEGC,0.2559399475922456
1.0,reaEGC,sstIN,0.0
1.0,reaEGC,tlNBL,0.10199010579282253
1.0,reaEGC,wntEGC,0.2516169971480793
1.0,ribEGC,CMPN,0.009616284233749292
1.0,ribEGC,MCG,0.004726783485169623
1.0,ribEGC,MSN,0.007817115753319613
1.0,ribEGC,VLMC,0.7205840495361644
1.0,ribEGC,WSN,0.003689768967355133
1.0,ribEGC,cckIN,0.019111301441481158
1.0,ribEGC,dpEX,0.0
1.0,ribEGC,mpEX,0.0
1.0,ribEGC,mpIN,0.0
1.0,ribEGC,nptxEX,0.0020586248416050224
1.0,ribEGC,npyIN,0.0
1.0,ribEGC,obNBL,0.0
1.0,ribEGC,reaEGC,0.029044961663568097
1.0,ribEGC,ribEGC,5.512799622556967
1.0,ribEGC,scgnIN,0.0
1.0,ribEGC,sfrpEGC,1.8199218710896317
1.0,ribEGC,sstIN,0.0
1.0,ribEGC,tlNBL,0.08312985187123535
1.0,ribEGC,wntEGC,3.983253861927683
1.0,scgnIN,CMPN,0.0
1.0,scgnIN,MCG,0.0
1.0,scgnIN,MSN,0.0008324907699101408
1.0,scgnIN,VLMC,0.0
1.0,scgnIN,WSN,0.00033843454340813867
1.0,scgnIN,cckIN,0.0
1.0,scgnIN,dpEX,0.0
1.0,scgnIN,mpEX,0.0
1.0,scgnIN,mpIN,0.0
1.0,scgnIN,nptxEX,0.0
1.0,scgnIN,npyIN,0.0
1.0,scgnIN,obNBL,0.0
1.0,scgnIN,reaEGC,0.0
1.0,scgnIN,ribEGC,0.0
1.0,scgnIN,scgnIN,0.0
1.0,scgnIN,sfrpEGC,0.0
1.0,scgnIN,sstIN,0.0
1.0,scgnIN,tlNBL,0.0
1.0,scgnIN,wntEGC,0.0
1.0,sfrpEGC,CMPN,0.0
1.0,sfrpEGC,MCG,0.004866832262509829
1.0,sfrpEGC,MSN,0.0
1.0,sfrpEGC,VLMC,0.9833044919358703
1.0,sfrpEGC,WSN,0.0
1.0,sfrpEGC,cckIN,0.014907479028165083
1.0,sfrpEGC,dpEX,0.0
1.0,sfrpEGC,mpEX,0.0
1.0,sfrpEGC,mpIN,0.0
1.0,sfrpEGC,nptxEX,0.0
1.0,sfrpEGC,npyIN,0.0
1.0,sfrpEGC,obNBL,0.0
1.0,sfrpEGC,reaEGC,0.3027049389494446
1.0,sfrpEGC,ribEGC,2.2646829227864482
1.0,sfrpEGC,scgnIN,0.0
1.0,sfrpEGC,sfrpEGC,14.733322487125148
1.0,sfrpEGC,sstIN,0.0
1.0,sfrpEGC,tlNBL,0.7968164557244355
1.0,sfrpEGC,wntEGC,1.5096495801752263
1.0,sstIN,CMPN,0.0
1.0,sstIN,MCG,0.0022821839811023236
1.0,sstIN,MSN,0.0
1.0,sstIN,VLMC,0.003594343911116372
1.0,sstIN,WSN,0.0
1.0,sstIN,cckIN,0.013689248098267449
1.0,sstIN,dpEX,0.006685767310235637
1.0,sstIN,mpEX,0.023721881110459465
1.0,sstIN,mpIN,0.0
1.0,sstIN,nptxEX,0.003912436942058782
1.0,sstIN,npyIN,0.0
1.0,sstIN,obNBL,0.0
1.0,sstIN,reaEGC,0.0
1.0,sstIN,ribEGC,0.0
1.0,sstIN,scgnIN,0.0011040049570578117
1.0,sstIN,sfrpEGC,0.0
1.0,sstIN,sstIN,0.007676586709439956
1.0,sstIN,tlNBL,0.0
1.0,sstIN,wntEGC,0.010605049153369685
1.0,tlNBL,CMPN,0.0
1.0,tlNBL,MCG,0.0
1.0,tlNBL,MSN,0.0
1.0,tlNBL,VLMC,0.041443994094756235
1.0,tlNBL,WSN,0.0
1.0,tlNBL,cckIN,0.0
1.0,tlNBL,dpEX,0.0
1.0,tlNBL,mpEX,0.0
1.0,tlNBL,mpIN,0.0
1.0,tlNBL,nptxEX,0.0
1.0,tlNBL,npyIN,0.0
1.0,tlNBL,obNBL,0.0
1.0,tlNBL,reaEGC,0.09413323404467229
1.0,tlNBL,ribEGC,0.19731821021819196
1.0,tlNBL,scgnIN,0.0
1.0,tlNBL,sfrpEGC,1.1411003131148725
1.0,tlNBL,sstIN,0.0
1.0,tlNBL,tlNBL,0.13151116303094118
1.0,tlNBL,wntEGC,0.06305381397887497
1.0,wntEGC,CMPN,0.021516807185541286
1.0,wntEGC,MCG,0.02850652803288828
1.0,wntEGC,MSN,0.0
1.0,wntEGC,VLMC,0.3440037014319165
1.0,wntEGC,WSN,0.0
1.0,wntEGC,cckIN,0.017080012170395047
1.0,wntEGC,dpEX,0.0027236345970984735
1.0,wntEGC,mpEX,0.06884232889307608
1.0,wntEGC,mpIN,0.0033799657727232074
1.0,wntEGC,nptxEX,0.0032415517485967957
1.0,wntEGC,npyIN,0.0
1.0,wntEGC,obNBL,0.0
1.0,wntEGC,reaEGC,0.09246727239967573
1.0,wntEGC,ribEGC,2.2621919087561047
1.0,wntEGC,scgnIN,0.0
1.0,wntEGC,sfrpEGC,0.6956990920529508
1.0,wntEGC,sstIN,0.0
1.0,wntEGC,tlNBL,0.02415976595170427
1.0,wntEGC,wntEGC,14.97700480040939
1.5,CMPN,CMPN,0.27182034272992095
1.5,CMPN,IMN,0.0
1.5,CMPN,MCG,0.0
1.5,CMPN,MSN,0.011747227738732878
1.5,CMPN,VLMC,0.0
1.5,CMPN,WSN,0.0
1.5,CMPN,cckIN,0.026317431810109513
1.5,CMPN,dpEX,0.0
1.5,CMPN,mpEX,0.003037343724914219
1.5,CMPN,mpIN,0.0
1.5,CMPN,nptxEX,0.0
1.5,CMPN,obNBL,0.0
1.5,CMPN,reaEGC,0.0
1.5,CMPN,ribEGC,0.0008548108131989189
1.5,CMPN,scgnIN,0.0
1.5,CMPN,sfrpEGC,0.04301447586520858
1.5,CMPN,sstIN,0.0
1.5,CMPN,tlNBL,0.02985437467046406
1.5,CMPN,wntEGC,0.1022144067870534
1.5,IMN,CMPN,0.0
1.5,IMN,IMN,0.0
1.5,IMN,MCG,4.172032326459885
1.5,IMN,MSN,0.0
1.5,IMN,VLMC,0.6287404298782349
1.5,IMN,WSN,0.0
1.5,IMN,cckIN,0.0
1.5,IMN,dpEX,0.0
1.5,IMN,mpEX,0.0
1.5,IMN,mpIN,0.0
1.5,IMN,nptxEX,0.0
1.5,IMN,obNBL,0.0
1.5,IMN,reaEGC,1.338378667831421
1.5,IMN,ribEGC,0.0
1.5,IMN,scgnIN,0.0
1.5,IMN,sfrpEGC,0.0
1.5,IMN,sstIN,0.0
1.5,IMN,tlNBL,0.0
1.5,IMN,wntEGC,0.0
1.5,MCG,CMPN,0.0
1.5,MCG,IMN,0.009581203905411952
1.5,MCG,MCG,0.43739842442033205
1.5,MCG,MSN,0.011986265528387356
1.5,MCG,VLMC,0.021726595614240576
1.5,MCG,WSN,0.002540469787281412
1.5,MCG,cckIN,0.0
1.5,MCG,dpEX,0.010911363394149227
1.5,MCG,mpEX,0.009253102571853085
1.5,MCG,mpIN,0.0
1.5,MCG,nptxEX,0.018081885545364933
1.5,MCG,obNBL,0.0
1.5,MCG,reaEGC,0.4031526688775868
1.5,MCG,ribEGC,0.0
1.5,MCG,scgnIN,0.0
1.5,MCG,sfrpEGC,0.08544973913252045
1.5,MCG,sstIN,0.0
1.5,MCG,tlNBL,0.0
1.5,MCG,wntEGC,0.0
1.5,MSN,CMPN,0.0004935781991108228
1.5,MSN,IMN,0.0
1.5,MSN,MCG,0.0
1.5,MSN,MSN,0.6452301073985286
1.5,MSN,VLMC,0.007177975002129436
1.5,MSN,WSN,0.0
1.5,MSN,cckIN,0.0005392271322886848
1.5,MSN,dpEX,0.0
1.5,MSN,mpEX,0.0007139152062339007
1.5,MSN,mpIN,0.0
1.5,MSN,nptxEX,0.00023265057635084492
1.5,MSN,obNBL,0.0023351864968111646
1.5,MSN,reaEGC,0.018340335991960624
1.5,MSN,ribEGC,0.03709449220516316
1.5,MSN,scgnIN,0.0
1.5,MSN,sfrpEGC,0.21881645718828016
1.5,MSN,sstIN,0.0
1.5,MSN,tlNBL,0.1252258810255146
1.5,MSN,wntEGC,0.008015893100709165
1.5,VLMC,CMPN,0.0019005680104888705
1.5,VLMC,IMN,0.0
1.5,VLMC,MCG,0.004737202639802903
1.5,VLMC,MSN,0.005115497153594548
1.5,VLMC,VLMC,0.48142817864384974
1.5,VLMC,WSN,0.0
1.5,VLMC,cckIN,0.0
1.5,VLMC,dpEX,0.0
1.5,VLMC,mpEX,0.005923083145655627
1.5,VLMC,mpIN,0.0
1.5,VLMC,nptxEX,0.004345791488627627
1.5,VLMC,obNBL,0.0060181392411631975
1.5,VLMC,reaEGC,0.018760091407253588
1.5,VLMC,ribEGC,0.0
1.5,VLMC,scgnIN,0.0
1.5,VLMC,sfrpEGC,0.04011266788328954
1.5,VLMC,sstIN,0.0018997783264213047
1.5,VLMC,tlNBL,0.003983954777957249
1.5,VLMC,wntEGC,0.0
1.5,WSN,CMPN,0.0
1.5,WSN,IMN,0.0
1.5,WSN,MCG,0.3282328605651855
1.5,WSN,MSN,0.0
1.5,WSN,VLMC,0.0
1.5,WSN,WSN,0.4591130018234253
1.5,WSN,cckIN,0.0
1.5,WSN,dpEX,0.0
1.5,WSN,mpEX,0.0
1.5,WSN,mpIN,0.0
1.5,WSN,nptxEX,0.0
1.5,WSN,obNBL,0.0
1.5,WSN,reaEGC,2.020667254924774
1.5,WSN,ribEGC,0.0
1.5,WSN,scgnIN,0.0
1.5,WSN,sfrpEGC,0.0
1.5,WSN,sstIN,0.0
1.5,WSN,tlNBL,0.0
1.5,WSN,wntEGC,0.0
1.5,cckIN,CMPN,0.1085671249188875
1.5,cckIN,IMN,0.0
1.5,cckIN,MCG,0.0
1.5,cckIN,MSN,0.048073633198152506
1.5,cckIN,VLMC,0.0
1.5,cckIN,WSN,0.0
1.5,cckIN,cckIN,0.07109560516842625
1.5,cckIN,dpEX,0.0
1.5,cckIN,mpEX,0.0
1.5,cckIN,mpIN,0.0
1.5,cckIN,nptxEX,0.0
1.5,cckIN,obNBL,0.0
1.5,cckIN,reaEGC,0.0
1.5,cckIN,ribEGC,0.0
1.5,cckIN,scgnIN,0.0
1.5,cckIN,sfrpEGC,0.0
1.5,cckIN,sstIN,0.0
1.5,cckIN,tlNBL,0.0
1.5,cckIN,wntEGC,0.0
1.5,dpEX,CMPN,0.0
1.5,dpEX,IMN,0.0
1.5,dpEX,MCG,0.0008118632267106254
1.5,dpEX,MSN,0.0
1.5,dpEX,VLMC,0.0
1.5,dpEX,WSN,0.0
1.5,dpEX,cckIN,0.0
1.5,dpEX,dpEX,0.007272185357111805
1.5,dpEX,mpEX,0.0
1.5,dpEX,mpIN,0.0
1.5,dpEX,nptxEX,0.0
1.5,dpEX,obNBL,0.0
1.5,dpEX,reaEGC,0.03758647936695027
1.5,dpEX,ribEGC,0.0
1.5,dpEX,scgnIN,0.0
1.5,dpEX,sfrpEGC,0.0
1.5,dpEX,sstIN,0.001807392880601703
1.5,dpEX,tlNBL,0.0
1.5,dpEX,wntEGC,0.05915806552149215
1.5,mpEX,CMPN,0.0
1.5,mpEX,IMN,0.0
1.5,mpEX,MCG,0.006582616935677243
1.5,mpEX,MSN,0.0014886207844255158
1.5,mpEX,VLMC,0.020535132714680264
1.5,mpEX,WSN,0.0
1.5,mpEX,cckIN,0.0
1.5,mpEX,dpEX,0.0
1.5,mpEX,mpEX,0.6886721541461307
1.5,mpEX,mpIN,0.0
1.5,mpEX,nptxEX,0.0
1.5,mpEX,obNBL,0.0
1.5,mpEX,reaEGC,0.06029237641991558
1.5,mpEX,ribEGC,0.0
1.5,mpEX,scgnIN,0.0
1.5,mpEX,sfrpEGC,0.06236568306173597
1.5,mpEX,sstIN,0.0
1.5,mpEX,tlNBL,0.012721111491528525
1.5,mpEX,wntEGC,0.10953343831311722
1.5,mpIN,CMPN,0.0
1.5,mpIN,IMN,0.0
1.5,mpIN,MCG,0.0
1.5,mpIN,MSN,0.0
1.5,mpIN,VLMC,0.0
1.5,mpIN,WSN,0.0
1.5,mpIN,cckIN,0.0
1.5,mpIN,dpEX,0.0
1.5,mpIN,mpEX,0.0
1.5,mpIN,mpIN,0.0
1.5,mpIN,nptxEX,0.0
1.5,mpIN,obNBL,0.0
1.5,mpIN,reaEGC,0.0
1.5,mpIN,ribEGC,0.0
1.5,mpIN,scgnIN,0.0
1.5,mpIN,sfrpEGC,0.0
1.5,mpIN,sstIN,0.0
1.5,mpIN,tlNBL,0.0
1.5,mpIN,wntEGC,0.0
1.5,nptxEX,CMPN,0.0
1.5,nptxEX,IMN,0.0
1.5,nptxEX,MCG,0.0016544097392972462
1.5,nptxEX,MSN,0.0
1.5,nptxEX,VLMC,0.002354180444730999
1.5,nptxEX,WSN,0.0
1.5,nptxEX,cckIN,0.0
1.5,nptxEX,dpEX,0.0
1.5,nptxEX,mpEX,0.0
1.5,nptxEX,mpIN,0.0
1.5,nptxEX,nptxEX,0.16560861432920443
1.5,nptxEX,obNBL,0.0
1.5,nptxEX,reaEGC,0.005592114568606125
1.5,nptxEX,ribEGC,0.007385864606096172
1.5,nptxEX,scgnIN,0.0
1.5,nptxEX,sfrpEGC,0.0
1.5,nptxEX,sstIN,0.0
1.5,nptxEX,tlNBL,0.01853496020310282
1.5,nptxEX,wntEGC,0.20720879163708086
1.5,obNBL,CMPN,0.0
1.5,obNBL,IMN,0.0
1.5,obNBL,MCG,0.0
1.5,obNBL,MSN,0.008580624515975103
1.5,obNBL,VLMC,0.001617963448014622
1.5,obNBL,WSN,0.0
1.5,obNBL,cckIN,0.0
1.5,obNBL,dpEX,0.0
1.5,obNBL,mpEX,0.0
1.5,obNBL,mpIN,0.0
1.5,obNBL,nptxEX,0.0
1.5,obNBL,obNBL,0.058935557926553604
1.5,obNBL,reaEGC,0.0
1.5,obNBL,ribEGC,0.0
1.5,obNBL,scgnIN,0.0
1.5,obNBL,sfrpEGC,0.0
1.5,obNBL,sstIN,0.0
1.5,obNBL,tlNBL,0.0
1.5,obNBL,wntEGC,0.0
1.5,reaEGC,CMPN,0.0
1.5,reaEGC,IMN,0.0
1.5,reaEGC,MCG,0.22733523651381224
1.5,reaEGC,MSN,0.06318672388298077
1.5,reaEGC,VLMC,0.051383560904152484
1.5,reaEGC,WSN,0.018490334983030078
1.5,reaEGC,cckIN,0.0
1.5,reaEGC,dpEX,0.05155070512992901
1.5,reaEGC,mpEX,0.1734655366088804
1.5,reaEGC,mpIN,0.0
1.5,reaEGC,nptxEX,0.014621601743592741
1.5,reaEGC,obNBL,0.0
1.5,reaEGC,reaEGC,6.048647870098688
1.5,reaEGC,ribEGC,0.0
1.5,reaEGC,scgnIN,0.0
1.5,reaEGC,sfrpEGC,0.7446274633894968
1.5,reaEGC,sstIN,0.0
1.5,reaEGC,tlNBL,0.05819902095676127
1.5,reaEGC,wntEGC,0.10580268930335071
1.5,ribEGC,CMPN,0.06229847172896067
1.5,ribEGC,IMN,0.0
1.5,ribEGC,MCG,0.0
1.5,ribEGC,MSN,0.6533432429035505
1.5,ribEGC,VLMC,0.0
1.5,ribEGC,WSN,0.0
1.5,ribEGC,cckIN,0.0
1.5,ribEGC,dpEX,0.0
1.5,ribEGC,mpEX,0.0
1.5,ribEGC,mpIN,0.0
1.5,ribEGC,nptxEX,0.120386337240537
1.5,ribEGC,obNBL,0.0
1.5,ribEGC,reaEGC,0.0
1.5,ribEGC,ribEGC,18.538870121041935
1.5,ribEGC,scgnIN,0.0
1.5,ribEGC,sfrpEGC,0.08281242350737254
1.5,ribEGC,sstIN,0.0
1.5,ribEGC,tlNBL,0.43943403909603757
1.5,ribEGC,wntEGC,6.742325030267239
1.5,scgnIN,CMPN,0.0
1.5,scgnIN,IMN,0.0
1.5,scgnIN,MCG,0.0
1.5,scgnIN,MSN,0.0
1.5,scgnIN,VLMC,0.006489775750948035
1.5,scgnIN,WSN,0.0
1.5,scgnIN,cckIN,0.0
1.5,scgnIN,dpEX,0.0
1.5,scgnIN,mpEX,0.0
1.5,scgnIN,mpIN,0.0
1.5,scgnIN,nptxEX,0.0
1.5,scgnIN,obNBL,0.0
1.5,scgnIN,reaEGC,0.0
1.5,scgnIN,ribEGC,0.0
1.5,scgnIN,scgnIN,0.0
1.5,scgnIN,sfrpEGC,0.0
1.5,scgnIN,sstIN,0.0
1.5,scgnIN,tlNBL,0.0
1.5,scgnIN,wntEGC,0.0
1.5,sfrpEGC,CMPN,0.07745438440572842
1.5,sfrpEGC,IMN,0.0
1.5,sfrpEGC,MCG,0.012271773271750861
1.5,sfrpEGC,MSN,0.9869277618923079
1.5,sfrpEGC,VLMC,0.1285069679093157
1.5,sfrpEGC,WSN,0.0
1.5,sfrpEGC,cckIN,0.0
1.5,sfrpEGC,dpEX,0.0
1.5,sfrpEGC,mpEX,0.12231686244323382
1.5,sfrpEGC,mpIN,0.0
1.5,sfrpEGC,nptxEX,0.0
1.5,sfrpEGC,obNBL,0.0
1.5,sfrpEGC,reaEGC,0.6825023712086202
1.5,sfrpEGC,ribEGC,0.017028125263007617
1.5,sfrpEGC,scgnIN,0.0
1.5,sfrpEGC,sfrpEGC,13.974670915651185
1.5,sfrpEGC,sstIN,0.0
1.5,sfrpEGC,tlNBL,1.0424581447727659
1.5,sfrpEGC,wntEGC,0.8235195642522937
1.5,sstIN,CMPN,0.0
1.5,sstIN,IMN,0.0
1.5,sstIN,MCG,0.0
1.5,sstIN,MSN,0.0
1.5,sstIN,VLMC,0.00899912519197838
1.5,sstIN,WSN,0.0
1.5,sstIN,cckIN,0.0
1.5,sstIN,dpEX,0.01262994344327964
1.5,sstIN,mpEX,0.0077229118814655376
1.5,sstIN,mpIN,0.0
1.5,sstIN,nptxEX,0.0
1.5,sstIN,obNBL,0.0
1.5,sstIN,reaEGC,0.0
1.5,sstIN,ribEGC,0.0
1.5,sstIN,scgnIN,0.0
1.5,sstIN,sfrpEGC,0.0
1.5,sstIN,sstIN,0.034419887498313304
1.5,sstIN,tlNBL,0.0
1.5,sstIN,wntEGC,0.0
1.5,tlNBL,CMPN,0.07511624225900193
1.5,tlNBL,IMN,0.0
1.5,tlNBL,MCG,0.0
1.5,tlNBL,MSN,0.6500930938838927
1.5,tlNBL,VLMC,0.017728279691097165
1.5,tlNBL,WSN,0.0
1.5,tlNBL,cckIN,0.0
1.5,tlNBL,dpEX,0.0
1.5,tlNBL,mpEX,0.027516788194987398
1.5,tlNBL,mpIN,0.0
1.5,tlNBL,nptxEX,0.029148227419734985
1.5,tlNBL,obNBL,0.0
1.5,tlNBL,reaEGC,0.07733042451960981
1.5,tlNBL,ribEGC,0.20859952862105094
1.5,tlNBL,scgnIN,0.0
1.5,tlNBL,sfrpEGC,1.8772843808920916
1.5,tlNBL,sstIN,0.0
1.5,tlNBL,tlNBL,3.8014300067809
1.5,tlNBL,wntEGC,1.9828292747174412
1.5,wntEGC,CMPN,0.17203293506194045
1.5,wntEGC,IMN,0.0
1.5,wntEGC,MCG,0.0
1.5,wntEGC,MSN,0.034098075771773304
1.5,wntEGC,VLMC,0.0
1.5,wntEGC,WSN,0.0
1.5,wntEGC,cckIN,0.0
1.5,wntEGC,dpEX,0.0026456625373275193
1.5,wntEGC,mpEX,0.17184131164793615
1.5,wntEGC,mpIN,0.0
1.5,wntEGC,nptxEX,0.12095967556039493
1.5,wntEGC,obNBL,0.0
1.5,wntEGC,reaEGC,0.09422838908654672
1.5,wntEGC,ribEGC,0.6631848572029008
1.5,wntEGC,scgnIN,0.0
1.5,wntEGC,sfrpEGC,0.62849445351296
1.5,wntEGC,sstIN,0.0
1.5,wntEGC,tlNBL,0.962906201818475
1.5,wntEGC,wntEGC,31.50352633253846
2.0,CMPN,CMPN,0.016883440066975897
2.0,CMPN,CP,0.0
2.0,CMPN,IMN,0.0014296300081456219
2.0,CMPN,MCG,0.003907398123809378
2.0,CMPN,MSN,0.000826506717026897
2.0,CMPN,VLMC,0.008248771980570686
2.0,CMPN,cckIN,0.0
2.0,CMPN,dpEX,0.0
2.0,CMPN,mpEX,0.0016799496164003503
2.0,CMPN,nptxEX,0.001878043615950689
2.0,CMPN,npyIN,0.0021323238059712517
2.0,CMPN,obNBL,0.0
2.0,CMPN,reaEGC,0.04535127510516556
2.0,CMPN,scgnIN,0.0
2.0,CMPN,sfrpEGC,0.050766369307173834
2.0,CMPN,sstIN,0.003786725061686505
2.0,CMPN,tlNBL,0.24676371369339134
2.0,CMPN,wntEGC,0.01678078674928941
2.0,CP,CMPN,0.0
2.0,CP,CP,1.1514209822258528
2.0,CP,IMN,0.0
2.0,CP,MCG,0.0
2.0,CP,MSN,0.0
2.0,CP,VLMC,0.2160790939541424
2.0,CP,cckIN,0.0
2.0,CP,dpEX,0.0
2.0,CP,mpEX,0.021164331366034114
2.0,CP,nptxEX,0.0
2.0,CP,npyIN,0.0
2.0,CP,obNBL,0.0
2.0,CP,reaEGC,0.9603848325855592
2.0,CP,scgnIN,0.0
2.0,CP,sfrpEGC,3.423461964901756
2.0,CP,sstIN,0.008211928255417767
2.0,CP,tlNBL,0.8214962977696868
2.0,CP,wntEGC,0.21068047425326178
2.0,IMN,CMPN,0.0
2.0,IMN,CP,0.0
2.0,IMN,IMN,0.4314600343142099
2.0,IMN,MCG,0.061037162939707436
2.0,IMN,MSN,0.0
2.0,IMN,VLMC,0.013018238835218476
2.0,IMN,cckIN,0.0
2.0,IMN,dpEX,0.0
2.0,IMN,mpEX,0.020377270332196863
2.0,IMN,nptxEX,0.0
2.0,IMN,npyIN,0.0
2.0,IMN,obNBL,0.0
2.0,IMN,reaEGC,0.12545231105835458
2.0,IMN,scgnIN,0.0
2.0,IMN,sfrpEGC,0.0
2.0,IMN,sstIN,0.0
2.0,IMN,tlNBL,0.0
2.0,IMN,wntEGC,0.0
2.0,MCG,CMPN,0.0066492872105704415
2.0,MCG,CP,0.0
2.0,MCG,IMN,0.06939736119023075
2.0,MCG,MCG,0.7523916229881622
2.0,MCG,MSN,0.03519918969659894
2.0,MCG,VLMC,0.46222475474631347
2.0,MCG,cckIN,0.0
2.0,MCG,dpEX,0.02443257153586105
2.0,MCG,mpEX,0.3014669782585568
2.0,MCG,nptxEX,0.027709190492276794
2.0,MCG,npyIN,0.006869903317204228
2.0,MCG,obNBL,0.008293745280415923
2.0,MCG,reaEGC,2.102219054820361
2.0,MCG,scgnIN,0.012097859548197852
2.0,MCG,sfrpEGC,0.003848628313453109
2.0,MCG,sstIN,0.009570317963759104
2.0,MCG,tlNBL,0.12639511900919456
2.0,MCG,wntEGC,0.0
2.0,MSN,CMPN,0.00046471598366086065
2.0,MSN,CP,0.00048597717613820576
2.0,MSN,IMN,0.0
2.0,MSN,MCG,0.0018813469709848824
2.0,MSN,MSN,0.002863882602733281
2.0,MSN,VLMC,0.006866187422115319
2.0,MSN,cckIN,0.0
2.0,MSN,dpEX,0.0030188227199672763
2.0,MSN,mpEX,0.0039232904749447964
2.0,MSN,nptxEX,0.0006258934137124155
2.0,MSN,npyIN,0.0
2.0,MSN,obNBL,0.00042117015169243374
2.0,MSN,reaEGC,0.04518132751389251
2.0,MSN,scgnIN,0.0
2.0,MSN,sfrpEGC,0.04008637145290013
2.0,MSN,sstIN,0.002068495182111851
2.0,MSN,tlNBL,0.044706867591599364
2.0,MSN,wntEGC,0.025355031680677348
2.0,VLMC,CMPN,0.0030907270739793293
2.0,VLMC,CP,0.025041140560225352
2.0,VLMC,IMN,0.004546354673574928
2.0,VLMC,MCG,0.05806919464361578
2.0,VLMC,MSN,0.013465175533035351
2.0,VLMC,VLMC,2.976461426669605
2.0,VLMC,cckIN,0.002287347652245994
2.0,VLMC,dpEX,0.0017844429638497607
2.0,VLMC,mpEX,0.026653100202717318
2.0,VLMC,nptxEX,0.0056477282664793675
2.0,VLMC,npyIN,0.0019471239346699355
2.0,VLMC,obNBL,0.0351076842894123
2.0,VLMC,reaEGC,0.020183598322579845
2.0,VLMC,scgnIN,0.0036838333433295172
2.0,VLMC,sfrpEGC,0.2734082549968437
2.0,VLMC,sstIN,0.008211589118884907
2.0,VLMC,tlNBL,0.14059142799785881
2.0,VLMC,wntEGC,0.1760633140385029
2.0,cckIN,CMPN,0.0
2.0,cckIN,CP,0.0
2.0,cckIN,IMN,0.0
2.0,cckIN,MCG,0.0
2.0,cckIN,MSN,0.010221004213916656
2.0,cckIN,VLMC,0.000884126378520983
2.0,cckIN,cckIN,0.009389418105012206
2.0,cckIN,dpEX,0.0
2.0,cckIN,mpEX,0.0
2.0,cckIN,nptxEX,0.0
2.0,cckIN,npyIN,0.0
2.0,cckIN,obNBL,0.0
2.0,cckIN,reaEGC,0.0
2.0,cckIN,scgnIN,0.0008808753397911107
2.0,cckIN,sfrpEGC,0.004227156508458804
2.0,cckIN,sstIN,0.0012428365885939227
2.0,cckIN,tlNBL,0.030274212632549407
2.0,cckIN,wntEGC,0.0
2.0,dpEX,CMPN,0.0
2.0,dpEX,CP,0.0
2.0,dpEX,IMN,0.0
2.0,dpEX,MCG,0.0008504316746759758
2.0,dpEX,MSN,0.010935002951313265
2.0,dpEX,VLMC,0.007621176916060688
2.0,dpEX,cckIN,0.0
2.0,dpEX,dpEX,0.011218216350610308
2.0,dpEX,mpEX,0.006306885815352845
2.0,dpEX,nptxEX,0.0
2.0,dpEX,npyIN,0.0
2.0,dpEX,obNBL,0.0
2.0,dpEX,reaEGC,0.03212640718590441
2.0,dpEX,scgnIN,0.0
2.0,dpEX,sfrpEGC,0.0
2.0,dpEX,sstIN,0.006006195122818295
2.0,dpEX,tlNBL,0.04508385576790185
2.0,dpEX,wntEGC,0.2419345988858518
2.0,mpEX,CMPN,0.0
2.0,mpEX,CP,0.009389106453483271
2.0,mpEX,IMN,0.0005819201469421387
2.0,mpEX,MCG,0.043152597119711075
2.0,mpEX,MSN,0.005480170641559496
2.0,mpEX,VLMC,0.026728588436655553
2.0,mpEX,cckIN,0.0
2.0,mpEX,dpEX,0.00858736077370061
2.0,mpEX,mpEX,0.20429779452108993
2.0,mpEX,nptxEX,0.0
2.0,mpEX,npyIN,0.0
2.0,mpEX,obNBL,0.0
2.0,mpEX,reaEGC,1.3207873687559295
2.0,mpEX,scgnIN,0.0
2.0,mpEX,sfrpEGC,0.026682187160587185
2.0,mpEX,sstIN,0.016684121316428567
2.0,mpEX,tlNBL,0.004388490738285982
2.0,mpEX,wntEGC,0.11721515216902584
2.0,nptxEX,CMPN,0.0
2.0,nptxEX,CP,0.0
2.0,nptxEX,IMN,0.0
2.0,nptxEX,MCG,0.0
2.0,nptxEX,MSN,0.0
2.0,nptxEX,VLMC,0.0
2.0,nptxEX,cckIN,0.0
2.0,nptxEX,dpEX,0.00044272541999816893
2.0,nptxEX,mpEX,0.0
2.0,nptxEX,nptxEX,0.0018179782893922593
2.0,nptxEX,npyIN,0.0
2.0,nptxEX,obNBL,0.0005071179072062174
2.0,nptxEX,reaEGC,0.0011040708753797743
2.0,nptxEX,scgnIN,0.0
2.0,nptxEX,sfrpEGC,0.0
2.0,nptxEX,sstIN,0.0006874051358964708
2.0,nptxEX,tlNBL,0.02461327095826467
2.0,nptxEX,wntEGC,0.0
2.0,npyIN,CMPN,0.007807676162984636
2.0,npyIN,CP,0.0
2.0,npyIN,IMN,0.0
2.0,npyIN,MCG,0.005943319311848393
2.0,npyIN,MSN,0.002720716098944346
2.0,npyIN,VLMC,0.009181787570317587
2.0,npyIN,cckIN,0.0
2.0,npyIN,dpEX,0.0
2.0,npyIN,mpEX,0.0
2.0,npyIN,nptxEX,0.0
2.0,npyIN,npyIN,0.014179258434860795
2.0,npyIN,obNBL,0.0
2.0,npyIN,reaEGC,0.03186511469108087
2.0,npyIN,scgnIN,0.0
2.0,npyIN,sfrpEGC,0.0
2.0,npyIN,sstIN,0.0
2.0,npyIN,tlNBL,0.13284082214037576
2.0,npyIN,wntEGC,0.02344775034321679
2.0,obNBL,CMPN,0.0016693732395383265
2.0,obNBL,CP,0.0
2.0,obNBL,IMN,0.0009013138903902905
2.0,obNBL,MCG,0.0
2.0,obNBL,MSN,0.0007850572851751124
2.0,obNBL,VLMC,0.003283492093596511
2.0,obNBL,cckIN,0.0
2.0,obNBL,dpEX,0.0
2.0,obNBL,mpEX,0.0
2.0,obNBL,nptxEX,0.001693951027859621
2.0,obNBL,npyIN,0.0
2.0,obNBL,obNBL,0.0298081933077411
2.0,obNBL,reaEGC,0.0
2.0,obNBL,scgnIN,0.0
2.0,obNBL,sfrpEGC,0.0
2.0,obNBL,sstIN,0.0
2.0,obNBL,tlNBL,0.003351822440474676
2.0,obNBL,wntEGC,0.0
2.0,reaEGC,CMPN,0.04985990105791295
2.0,reaEGC,CP,0.29538603348934905
2.0,reaEGC,IMN,0.04038831363333033
2.0,reaEGC,MCG,0.7109221156607283
2.0,reaEGC,MSN,0.08874416807864574
2.0,reaEGC,VLMC,0.05225347901912446
2.0,reaEGC,cckIN,0.0
2.0,reaEGC,dpEX,0.0
2.0,reaEGC,mpEX,1.818797257162155
2.0,reaEGC,nptxEX,0.0
2.0,reaEGC,npyIN,0.0
2.0,reaEGC,obNBL,0.0
2.0,reaEGC,reaEGC,15.357609515382897
2.0,reaEGC,scgnIN,0.0
2.0,reaEGC,sfrpEGC,0.41173449358027037
2.0,reaEGC,sstIN,0.05129453818848793
2.0,reaEGC,tlNBL,0.6893891542515856
2.0,reaEGC,wntEGC,0.056180361737596225
2.0,scgnIN,CMPN,0.0
2.0,scgnIN,CP,0.0
2.0,scgnIN,IMN,0.0
2.0,scgnIN,MCG,0.0
2.0,scgnIN,MSN,0.002461938602239014
2.0,scgnIN,VLMC,0.0
2.0,scgnIN,cckIN,0.0
2.0,scgnIN,dpEX,0.0
2.0,scgnIN,mpEX,0.0
2.0,scgnIN,nptxEX,0.0
2.0,scgnIN,npyIN,0.0
2.0,scgnIN,obNBL,0.0
2.0,scgnIN,reaEGC,0.0
2.0,scgnIN,scgnIN,0.0098248969929421
2.0,scgnIN,sfrpEGC,0.0011314119887255464
2.0,scgnIN,sstIN,0.0
2.0,scgnIN,tlNBL,0.0008912538951225126
2.0,scgnIN,wntEGC,0.0021972640564567165
2.0,sfrpEGC,CMPN,0.033547736358958365
2.0,sfrpEGC,CP,0.7992215015438219
2.0,sfrpEGC,IMN,0.0
2.0,sfrpEGC,MCG,0.0024401373815852285
2.0,sfrpEGC,MSN,0.07265328245841904
2.0,sfrpEGC,VLMC,0.7824140239432947
2.0,sfrpEGC,cckIN,0.0028684174777656203
2.0,sfrpEGC,dpEX,0.0
2.0,sfrpEGC,mpEX,0.02433927110488841
2.0,sfrpEGC,nptxEX,0.0
2.0,sfrpEGC,npyIN,0.0
2.0,sfrpEGC,obNBL,0.0
2.0,sfrpEGC,reaEGC,0.6113224305853938
2.0,sfrpEGC,scgnIN,0.0
2.0,sfrpEGC,sfrpEGC,16.791532368829703
2.0,sfrpEGC,sstIN,0.0
2.0,sfrpEGC,tlNBL,7.582046218759177
2.0,sfrpEGC,wntEGC,0.2525258553738626
2.0,sstIN,CMPN,0.002532870699671023
2.0,sstIN,CP,0.004192603681875572
2.0,sstIN,IMN,0.0
2.0,sstIN,MCG,0.01224844051704247
2.0,sstIN,MSN,0.009130433139441901
2.0,sstIN,VLMC,0.046218011543840545
2.0,sstIN,cckIN,0.0
2.0,sstIN,dpEX,0.022327372157424065
2.0,sstIN,mpEX,0.12290759727545862
2.0,sstIN,nptxEX,0.002100809598068812
2.0,sstIN,npyIN,0.0
2.0,sstIN,obNBL,0.0017165312208391134
2.0,sstIN,reaEGC,0.1798917838220317
2.0,sstIN,scgnIN,0.0017521447467005902
2.0,sstIN,sfrpEGC,0.0
2.0,sstIN,sstIN,0.04095643309868529
2.0,sstIN,tlNBL,0.009387702123889365
2.0,sstIN,wntEGC,0.035202045320965755
2.0,tlNBL,CMPN,0.1041062037622415
2.0,tlNBL,CP,0.04633697119014224
2.0,tlNBL,IMN,0.0
2.0,tlNBL,MCG,0.01601955617873488
2.0,tlNBL,MSN,0.02566034629121755
2.0,tlNBL,VLMC,0.18682522529301637
2.0,tlNBL,cckIN,0.005352365138094988
2.0,tlNBL,dpEX,0.005988187102647983
2.0,tlNBL,mpEX,0.003750738381985215
2.0,tlNBL,nptxEX,0.0
2.0,tlNBL,npyIN,0.002189097220263545
2.0,tlNBL,obNBL,0.0011833757383508101
2.0,tlNBL,reaEGC,0.48729925400080687
2.0,tlNBL,scgnIN,0.0
2.0,tlNBL,sfrpEGC,3.5866959860420518
2.0,tlNBL,sstIN,0.0023335316737374792
2.0,tlNBL,tlNBL,7.901117407303154
2.0,tlNBL,wntEGC,0.7928798827728226
2.0,wntEGC,CMPN,0.013569971002957237
2.0,wntEGC,CP,0.09842199272682695
2.0,wntEGC,IMN,0.0
2.0,wntEGC,MCG,0.0
2.0,wntEGC,MSN,0.10633233108409183
2.0,wntEGC,VLMC,0.5331173324584961
2.0,wntEGC,cckIN,0.0
2.0,wntEGC,dpEX,0.03724238241692925
2.0,wntEGC,mpEX,0.060738847645340266
2.0,wntEGC,nptxEX,0.0
2.0,wntEGC,npyIN,0.0
2.0,wntEGC,obNBL,0.0
2.0,wntEGC,reaEGC,0.11941090307347042
2.0,wntEGC,scgnIN,0.0033724841440698054
2.0,wntEGC,sfrpEGC,0.3364367712332581
2.0,wntEGC,sstIN,0.0
2.0,wntEGC,tlNBL,1.943417881073191
2.0,wntEGC,wntEGC,16.301247040218875
2.5,CMPN,CMPN,0.8658093639895728
2.5,CMPN,CP,0.0031989347246280195
2.5,CMPN,IMN,0.0
2.5,CMPN,MCG,0.0
2.5,CMPN,MSN,0.013010221819384845
2.5,CMPN,VLMC,0.0018957157627789807
2.5,CMPN,cckIN,0.0
2.5,CMPN,dpEX,0.0
2.5,CMPN,mpEX,0.024018919553981364
2.5,CMPN,nptxEX,0.0
2.5,CMPN,npyIN,0.0008139800518117053
2.5,CMPN,ntng1IN,0.0
2.5,CMPN,obNBL,0.0
2.5,CMPN,rIPC1,0.0
2.5,CMPN,rIPC2,0.0
2.5,CMPN,reaEGC,0.0
2.5,CMPN,ribEGC,0.0
2.5,CMPN,scgnIN,0.0
2.5,CMPN,sfrpEGC,0.15431183103279503
2.5,CMPN,sstIN,0.00019871626943802762
2.5,CMPN,tlNBL,0.05427394028311443
2.5,CMPN,wntEGC,0.0026290769997338757
2.5,CP,CMPN,0.01782640814781189
2.5,CP,CP,2.0045975781977177
2.5,CP,IMN,0.011009936779737472
2.5,CP,MCG,0.16159245520830154
2.5,CP,MSN,0.36294388547539713
2.5,CP,VLMC,0.08458153940737248
2.5,CP,cckIN,0.0
2.5,CP,dpEX,0.0
2.5,CP,mpEX,1.0340187691152096
2.5,CP,nptxEX,0.027042532712221144
2.5,CP,npyIN,0.0
2.5,CP,ntng1IN,0.0
2.5,CP,obNBL,0.0
2.5,CP,rIPC1,0.0
2.5,CP,rIPC2,0.0
2.5,CP,reaEGC,2.0638015881180762
2.5,CP,ribEGC,0.021289747953414918
2.5,CP,scgnIN,0.0
2.5,CP,sfrpEGC,1.2141713552176951
2.5,CP,sstIN,0.0
2.5,CP,tlNBL,0.028910118341445922
2.5,CP,wntEGC,0.7323248080909253
2.5,IMN,CMPN,0.0
2.5,IMN,CP,0.009558810389100624
2.5,IMN,IMN,0.7346906084292041
2.5,IMN,MCG,0.08240964950011868
2.5,IMN,MSN,0.044830560096966225
2.5,IMN,VLMC,0.016888825176971888
2.5,IMN,cckIN,0.0
2.5,IMN,dpEX,0.0
2.5,IMN,mpEX,0.0
2.5,IMN,nptxEX,0.014066993456168716
2.5,IMN,npyIN,0.0
2.5,IMN,ntng1IN,0.0
2.5,IMN,obNBL,0.0
2.5,IMN,rIPC1,0.0
2.5,IMN,rIPC2,0.0
2.5,IMN,reaEGC,0.16939506110886635
2.5,IMN,ribEGC,0.10081847694707034
2.5,IMN,scgnIN,0.0
2.5,IMN,sfrpEGC,0.29805570635302314
2.5,IMN,sstIN,0.0
2.5,IMN,tlNBL,0.0
2.5,IMN,wntEGC,0.0
2.5,MCG,CMPN,0.0
2.5,MCG,CP,0.08489192380935331
2.5,MCG,IMN,0.08047145473051674
2.5,MCG,MCG,1.2612180180753334
2.5,MCG,MSN,0.0773776282992544
2.5,MCG,VLMC,0.016409095235263245
2.5,MCG,cckIN,0.0
2.5,MCG,dpEX,0.0
2.5,MCG,mpEX,0.07361057325254512
2.5,MCG,nptxEX,0.05816856800000879
2.5,MCG,npyIN,0.0
2.5,MCG,ntng1IN,0.0
2.5,MCG,obNBL,0.0
2.5,MCG,rIPC1,0.014746788181836092
2.5,MCG,rIPC2,0.02893905511385278
2.5,MCG,reaEGC,0.5675805665646927
2.5,MCG,ribEGC,0.006050573685501195
2.5,MCG,scgnIN,0.0
2.5,MCG,sfrpEGC,0.9493159453702879
2.5,MCG,sstIN,0.007058237361002572
2.5,MCG,tlNBL,0.0
2.5,MCG,wntEGC,0.0
2.5,MSN,CMPN,0.011365379519904226
2.5,MSN,CP,0.007384741648183948
2.5,MSN,IMN,0.007430792093052795
2.5,MSN,MCG,0.016248749604962722
2.5,MSN,MSN,1.4065760825237423
2.5,MSN,VLMC,0.04091912432349115
2.5,MSN,cckIN,0.0
2.5,MSN,dpEX,0.0
2.5,MSN,mpEX,0.0016761912417400594
2.5,MSN,nptxEX,0.012272665519696422
2.5,MSN,npyIN,0.0
2.5,MSN,ntng1IN,0.0
2.5,MSN,obNBL,0.000857588854764177
2.5,MSN,rIPC1,0.0
2.5,MSN,rIPC2,0.0
2.5,MSN,reaEGC,0.01800473620760424
2.5,MSN,ribEGC,0.02255885019288917
2.5,MSN,scgnIN,0.0
2.5,MSN,sfrpEGC,0.8233484656010988
2.5,MSN,sstIN,0.0
2.5,MSN,tlNBL,0.016429414113586813
2.5,MSN,wntEGC,0.003047712935379093
2.5,VLMC,CMPN,0.006506928593897429
2.5,VLMC,CP,0.00016976028802942057
2.5,VLMC,IMN,0.006529541838853086
2.5,VLMC,MCG,0.00577331379137404
2.5,VLMC,MSN,0.07469119976371363
2.5,VLMC,VLMC,0.6507488728953841
2.5,VLMC,cckIN,0.0007149283188939746
2.5,VLMC,dpEX,0.0009339424104638438
2.5,VLMC,mpEX,0.014375151262257269
2.5,VLMC,nptxEX,0.013173465153884366
2.5,VLMC,npyIN,0.0004115535831842266
2.5,VLMC,ntng1IN,0.0
2.5,VLMC,obNBL,0.0018952541623284908
2.5,VLMC,rIPC1,0.0
2.5,VLMC,rIPC2,0.0
2.5,VLMC,reaEGC,0.016826839863114017
2.5,VLMC,ribEGC,0.0
2.5,VLMC,scgnIN,0.0
2.5,VLMC,sfrpEGC,0.08849193835681905
2.5,VLMC,sstIN,0.0034569791350208346
2.5,VLMC,tlNBL,0.0020983942219468415
2.5,VLMC,wntEGC,0.006112273680707796
2.5,cckIN,CMPN,0.0
2.5,cckIN,CP,0.0
2.5,cckIN,IMN,0.0
2.5,cckIN,MCG,0.0
2.5,cckIN,MSN,0.931135106086731
2.5,cckIN,VLMC,0.0
2.5,cckIN,cckIN,0.0
2.5,cckIN,dpEX,0.0
2.5,cckIN,mpEX,0.0
2.5,cckIN,nptxEX,0.0
2.5,cckIN,npyIN,0.0
2.5,cckIN,ntng1IN,0.0
2.5,cckIN,obNBL,0.0
2.5,cckIN,rIPC1,0.0
2.5,cckIN,rIPC2,0.0
2.5,cckIN,reaEGC,0.0
2.5,cckIN,ribEGC,0.0
2.5,cckIN,scgnIN,0.0
2.5,cckIN,sfrpEGC,0.0
2.5,cckIN,sstIN,0.0
2.5,cckIN,tlNBL,0.0
2.5,cckIN,wntEGC,0.0
2.5,dpEX,CMPN,0.003960799205340329
2.5,dpEX,CP,0.0
2.5,dpEX,IMN,0.0
2.5,dpEX,MCG,0.0
2.5,dpEX,MSN,0.0
2.5,dpEX,VLMC,0.0
2.5,dpEX,cckIN,0.0
2.5,dpEX,dpEX,0.24925334802669158
2.5,dpEX,mpEX,0.06407992007947785
2.5,dpEX,nptxEX,0.0
2.5,dpEX,npyIN,0.0
2.5,dpEX,ntng1IN,0.0
2.5,dpEX,obNBL,0.0
2.5,dpEX,rIPC1,0.0
2.5,dpEX,rIPC2,0.0
2.5,dpEX,reaEGC,0.0
2.5,dpEX,ribEGC,0.0
2.5,dpEX,scgnIN,0.0
2.5,dpEX,sfrpEGC,0.31451968667663144
2.5,dpEX,sstIN,0.0007910912281998964
2.5,dpEX,tlNBL,0.0
2.5,dpEX,wntEGC,0.03271712172439908
2.5,mpEX,CMPN,0.021981315572124554
2.5,mpEX,CP,0.08728735307767702
2.5,mpEX,IMN,0.0
2.5,mpEX,MCG,0.02109570531194398
2.5,mpEX,MSN,0.0067866718464060375
2.5,mpEX,VLMC,0.03280188731039003
2.5,mpEX,cckIN,0.0
2.5,mpEX,dpEX,0.025772154140574082
2.5,mpEX,mpEX,1.1489104042207
2.5,mpEX,nptxEX,0.0
2.5,mpEX,npyIN,0.0
2.5,mpEX,ntng1IN,0.0
2.5,mpEX,obNBL,0.0
2.5,mpEX,rIPC1,0.0
2.5,mpEX,rIPC2,0.0033874312189342117
2.5,mpEX,reaEGC,0.1655560813224646
2.5,mpEX,ribEGC,0.0
2.5,mpEX,scgnIN,0.0
2.5,mpEX,sfrpEGC,0.2103216077473118
2.5,mpEX,sstIN,0.009959825638260669
2.5,mpEX,tlNBL,0.025410085217530794
2.5,mpEX,wntEGC,0.15643984050765983
2.5,nptxEX,CMPN,0.006500900216252037
2.5,nptxEX,CP,0.002583645369082774
2.5,nptxEX,IMN,0.0035794852381078606
2.5,nptxEX,MCG,0.01508934617551983
2.5,nptxEX,MSN,0.04395065645546655
2.5,nptxEX,VLMC,0.03420184650312462
2.5,nptxEX,cckIN,0.0
2.5,nptxEX,dpEX,0.0
2.5,nptxEX,mpEX,0.0
2.5,nptxEX,nptxEX,0.2629035994877503
2.5,nptxEX,npyIN,0.0
2.5,nptxEX,ntng1IN,0.0
2.5,nptxEX,obNBL,0.0
2.5,nptxEX,rIPC1,0.0
2.5,nptxEX,rIPC2,0.0
2.5,nptxEX,reaEGC,0.05103600483674269
2.5,nptxEX,ribEGC,0.006898927552747591
2.5,nptxEX,scgnIN,0.0
2.5,nptxEX,sfrpEGC,0.5057510857993042
2.5,nptxEX,sstIN,0.0
2.5,nptxEX,tlNBL,0.001077321350065052
2.5,nptxEX,wntEGC,0.008221549695713228
2.5,npyIN,CMPN,0.0
2.5,npyIN,CP,0.0
2.5,npyIN,IMN,0.0
2.5,npyIN,MCG,0.0
2.5,npyIN,MSN,0.0
2.5,npyIN,VLMC,0.06329873730154599
2.5,npyIN,cckIN,0.0
2.5,npyIN,dpEX,0.04841501572552849
2.5,npyIN,mpEX,0.0
2.5,npyIN,nptxEX,0.0
2.5,npyIN,npyIN,0.0
2.5,npyIN,ntng1IN,0.0
2.5,npyIN,obNBL,0.0
2.5,npyIN,rIPC1,0.0
2.5,npyIN,rIPC2,0.0
2.5,npyIN,reaEGC,0.0
2.5,npyIN,ribEGC,0.0
2.5,npyIN,scgnIN,0.0
2.5,npyIN,sfrpEGC,0.0
2.5,npyIN,sstIN,0.0
2.5,npyIN,tlNBL,0.0
2.5,npyIN,wntEGC,0.0
2.5,ntng1IN,CMPN,0.0
2.5,ntng1IN,CP,0.0
2.5,ntng1IN,IMN,0.0
2.5,ntng1IN,MCG,0.0
2.5,ntng1IN,MSN,0.0
2.5,ntng1IN,VLMC,0.0
2.5,ntng1IN,cckIN,0.0
2.5,ntng1IN,dpEX,0.0
2.5,ntng1IN,mpEX,0.0
2.5,ntng1IN,nptxEX,0.0
2.5,ntng1IN,npyIN,0.0
2.5,ntng1IN,ntng1IN,0.0
2.5,ntng1IN,obNBL,0.0
2.5,ntng1IN,rIPC1,0.0
2.5,ntng1IN,rIPC2,0.0
2.5,ntng1IN,reaEGC,0.0
2.5,ntng1IN,ribEGC,0.0
2.5,ntng1IN,scgnIN,0.0
2.5,ntng1IN,sfrpEGC,0.0
2.5,ntng1IN,sstIN,0.0
2.5,ntng1IN,tlNBL,0.0
2.5,ntng1IN,wntEGC,0.0
2.5,obNBL,CMPN,0.0
2.5,obNBL,CP,0.0
2.5,obNBL,IMN,0.0
2.5,obNBL,MCG,0.0
2.5,obNBL,MSN,0.038911027728386643
2.5,obNBL,VLMC,0.02878403494942863
2.5,obNBL,cckIN,0.0
2.5,obNBL,dpEX,0.0
2.5,obNBL,mpEX,0.0
2.5,obNBL,nptxEX,0.03334764939434123
2.5,obNBL,npyIN,0.0
2.5,obNBL,ntng1IN,0.0
2.5,obNBL,obNBL,0.14215040712986352
2.5,obNBL,rIPC1,0.0
2.5,obNBL,rIPC2,0.0
2.5,obNBL,reaEGC,0.0
2.5,obNBL,ribEGC,0.0
2.5,obNBL,scgnIN,0.0
2.5,obNBL,sfrpEGC,0.0
2.5,obNBL,sstIN,0.0
2.5,obNBL,tlNBL,0.0
2.5,obNBL,wntEGC,0.0
2.5,rIPC1,CMPN,0.0
2.5,rIPC1,CP,0.0
2.5,rIPC1,IMN,0.0
2.5,rIPC1,MCG,0.6555287122726441
2.5,rIPC1,MSN,0.0
2.5,rIPC1,VLMC,0.24288671016693114
2.5,rIPC1,cckIN,0.0
2.5,rIPC1,dpEX,0.0
2.5,rIPC1,mpEX,0.0
2.5,rIPC1,nptxEX,0.0
2.5,rIPC1,npyIN,0.0
2.5,rIPC1,ntng1IN,0.0
2.5,rIPC1,obNBL,0.0
2.5,rIPC1,rIPC1,0.0
2.5,rIPC1,rIPC2,0.0
2.5,rIPC1,reaEGC,4.231938791275025
2.5,rIPC1,ribEGC,0.0
2.5,rIPC1,scgnIN,0.0
2.5,rIPC1,sfrpEGC,0.0
2.5,rIPC1,sstIN,0.0
2.5,rIPC1,tlNBL,0.0
2.5,rIPC1,wntEGC,0.0
2.5,rIPC2,CMPN,0.0
2.5,rIPC2,CP,0.0
2.5,rIPC2,IMN,0.0
2.5,rIPC2,MCG,0.2469799518585205
2.5,rIPC2,MSN,0.0
2.5,rIPC2,VLMC,0.0
2.5,rIPC2,cckIN,0.0
2.5,rIPC2,dpEX,0.0
2.5,rIPC2,mpEX,0.09272391248393703
2.5,rIPC2,nptxEX,0.0
2.5,rIPC2,npyIN,0.0
2.5,rIPC2,ntng1IN,0.0
2.5,rIPC2,obNBL,0.0
2.5,rIPC2,rIPC1,0.0
2.5,rIPC2,rIPC2,0.11095469706767314
2.5,rIPC2,reaEGC,0.32362946304115087
2.5,rIPC2,ribEGC,0.0
2.5,rIPC2,scgnIN,0.0
2.5,rIPC2,sfrpEGC,0.0
2.5,rIPC2,sstIN,0.0
2.5,rIPC2,tlNBL,0.0
2.5,rIPC2,wntEGC,0.0
2.5,reaEGC,CMPN,0.0
2.5,reaEGC,CP,0.2571200133598957
2.5,reaEGC,IMN,0.07162475327855533
2.5,reaEGC,MCG,0.2840685961787234
2.5,reaEGC,MSN,0.07540256313441955
2.5,reaEGC,VLMC,0.06858623688368454
2.5,reaEGC,cckIN,0.0
2.5,reaEGC,dpEX,0.0
2.5,reaEGC,mpEX,0.20677791256265543
2.5,reaEGC,nptxEX,0.07414985145490194
2.5,reaEGC,npyIN,0.0
2.5,reaEGC,ntng1IN,0.0
2.5,reaEGC,obNBL,0.0
2.5,reaEGC,rIPC1,0.05100516166883646
2.5,reaEGC,rIPC2,0.0
2.5,reaEGC,reaEGC,9.490903580653299
2.5,reaEGC,ribEGC,0.0
2.5,reaEGC,scgnIN,0.0
2.5,reaEGC,sfrpEGC,1.3753819870580104
2.5,reaEGC,sstIN,0.0
2.5,reaEGC,tlNBL,0.002137820253667143
2.5,reaEGC,wntEGC,0.011631983948737075
2.5,ribEGC,CMPN,0.0
2.5,ribEGC,CP,0.22861363671042703
2.5,ribEGC,IMN,0.5057631622661244
2.5,ribEGC,MCG,0.030914298512718895
2.5,ribEGC,MSN,1.9076016355644574
2.5,ribEGC,VLMC,0.0
2.5,ribEGC,cckIN,0.0
2.5,ribEGC,dpEX,0.0
2.5,ribEGC,mpEX,0.0
2.5,ribEGC,nptxEX,0.27244887026873504
2.5,ribEGC,npyIN,0.0
2.5,ribEGC,ntng1IN,0.0
2.5,ribEGC,obNBL,0.0
2.5,ribEGC,rIPC1,0.0
2.5,ribEGC,rIPC2,0.0
2.5,ribEGC,reaEGC,0.0
2.5,ribEGC,ribEGC,1.3758799813010476
2.5,ribEGC,scgnIN,0.0
2.5,ribEGC,sfrpEGC,6.254787575114857
2.5,ribEGC,sstIN,0.0
2.5,ribEGC,tlNBL,0.3046375025402416
2.5,ribEGC,wntEGC,0.04955753413113681
2.5,scgnIN,CMPN,0.0
2.5,scgnIN,CP,0.0
2.5,scgnIN,IMN,0.0
2.5,scgnIN,MCG,0.0
2.5,scgnIN,MSN,0.0
2.5,scgnIN,VLMC,0.0
2.5,scgnIN,cckIN,0.0
2.5,scgnIN,dpEX,0.0
2.5,scgnIN,mpEX,0.0
2.5,scgnIN,nptxEX,0.0284672432086047
2.5,scgnIN,npyIN,0.0
2.5,scgnIN,ntng1IN,0.0
2.5,scgnIN,obNBL,0.0
2.5,scgnIN,rIPC1,0.0
2.5,scgnIN,rIPC2,0.0
2.5,scgnIN,reaEGC,0.0
2.5,scgnIN,ribEGC,0.0
2.5,scgnIN,scgnIN,0.0
2.5,scgnIN,sfrpEGC,0.0
2.5,scgnIN,sstIN,0.0
2.5,scgnIN,tlNBL,0.0
2.5,scgnIN,wntEGC,0.0
2.5,sfrpEGC,CMPN,0.13406403492865096
2.5,sfrpEGC,CP,0.09175443234166088
2.5,sfrpEGC,IMN,0.037630793148663334
2.5,sfrpEGC,MCG,0.24758089301244138
2.5,sfrpEGC,MSN,1.3868981011041484
2.5,sfrpEGC,VLMC,0.10008935967998545
2.5,sfrpEGC,cckIN,0.0
2.5,sfrpEGC,dpEX,0.10519821951146432
2.5,sfrpEGC,mpEX,0.13940015980458806
2.5,sfrpEGC,nptxEX,0.26224966749951645
2.5,sfrpEGC,npyIN,0.0
2.5,sfrpEGC,ntng1IN,0.0
2.5,sfrpEGC,obNBL,0.0
2.5,sfrpEGC,rIPC1,0.0
2.5,sfrpEGC,rIPC2,0.0
2.5,sfrpEGC,reaEGC,0.7038283945678921
2.5,sfrpEGC,ribEGC,0.12492084100439742
2.5,sfrpEGC,scgnIN,0.0
2.5,sfrpEGC,sfrpEGC,29.974363001981644
2.5,sfrpEGC,sstIN,0.0
2.5,sfrpEGC,tlNBL,0.3598576285363235
2.5,sfrpEGC,wntEGC,0.5375265159069129
2.5,sstIN,CMPN,0.0031413021541777113
2.5,sstIN,CP,0.00708809182757423
2.5,sstIN,IMN,0.0
2.5,sstIN,MCG,0.009027651803834098
2.5,sstIN,MSN,0.0
2.5,sstIN,VLMC,0.003231003951458704
2.5,sstIN,cckIN,0.0
2.5,sstIN,dpEX,0.0020314038154624755
2.5,sstIN,mpEX,0.027285450732424145
2.5,sstIN,nptxEX,0.0
2.5,sstIN,npyIN,0.0
2.5,sstIN,ntng1IN,0.0
2.5,sstIN,obNBL,0.0
2.5,sstIN,rIPC1,0.0
2.5,sstIN,rIPC2,0.0009945572841735114
2.5,sstIN,reaEGC,0.0
2.5,sstIN,ribEGC,0.0
2.5,sstIN,scgnIN,0.0
2.5,sstIN,sfrpEGC,0.0
2.5,sstIN,sstIN,0.10774552878879365
2.5,sstIN,tlNBL,0.0
2.5,sstIN,wntEGC,0.029430879865373884
2.5,tlNBL,CMPN,1.6380024292530158
2.5,tlNBL,CP,0.06798692849966195
2.5,tlNBL,IMN,0.0
2.5,tlNBL,MCG,0.03752774458665114
2.5,tlNBL,MSN,0.8537207337526175
2.5,tlNBL,VLMC,0.11558015529926007
2.5,tlNBL,cckIN,0.0
2.5,tlNBL,dpEX,0.0
2.5,tlNBL,mpEX,0.47222551932701695
2.5,tlNBL,nptxEX,0.09393793802994949
2.5,tlNBL,npyIN,0.0
2.5,tlNBL,ntng1IN,0.0
2.5,tlNBL,obNBL,0.0
2.5,tlNBL,rIPC1,0.0
2.5,tlNBL,rIPC2,0.0
2.5,tlNBL,reaEGC,0.05015960412147718
2.5,tlNBL,ribEGC,0.040918741470728166
2.5,tlNBL,scgnIN,0.0
2.5,tlNBL,sfrpEGC,9.352106532225243
2.5,tlNBL,sstIN,0.0
2.5,tlNBL,tlNBL,4.458583102776454
2.5,tlNBL,wntEGC,0.2862236744318253
2.5,wntEGC,CMPN,0.0073718601151516565
2.5,wntEGC,CP,0.3622440185986067
2.5,wntEGC,IMN,0.0
2.5,wntEGC,MCG,0.0
2.5,wntEGC,MSN,0.07973805775767878
2.5,wntEGC,VLMC,0.057558029105788784
2.5,wntEGC,cckIN,0.0
2.5,wntEGC,dpEX,0.09074033483078606
2.5,wntEGC,mpEX,0.8849223393358683
2.5,wntEGC,nptxEX,0.017548454435248124
2.5,wntEGC,npyIN,0.0
2.5,wntEGC,ntng1IN,0.0
2.5,wntEGC,obNBL,0.0
2.5,wntEGC,rIPC1,0.0
2.5,wntEGC,rIPC2,0.0
2.5,wntEGC,reaEGC,0.05473127412168603
2.5,wntEGC,ribEGC,0.017187557722392836
2.5,wntEGC,scgnIN,0.0
2.5,wntEGC,sfrpEGC,3.7649500171369628
2.5,wntEGC,sstIN,0.13986734536133313
2.5,wntEGC,tlNBL,0.07653759498345225
2.5,wntEGC,wntEGC,18.78839684349926
3.0,CMPN,CMPN,0.007085739934008054
3.0,CMPN,CP,0.0006772437428872717
3.0,CMPN,IMN,0.0007583821028123878
3.0,CMPN,MCG,0.00034305686363562965
3.0,CMPN,MSN,0.0
3.0,CMPN,Unknown,0.0
3.0,CMPN,VLMC,0.001276039740011815
3.0,CMPN,cckIN,0.0
3.0,CMPN,dpEX,0.0
3.0,CMPN,mpEX,0.0
3.0,CMPN,nptxEX,0.0
3.0,CMPN,npyIN,0.0003330076296198586
3.0,CMPN,ntng1IN,0.0011739143218454625
3.0,CMPN,rIPC1,0.0
3.0,CMPN,rIPC2,0.0004485112656769459
3.0,CMPN,reaEGC,0.001356831505373988
3.0,CMPN,ribEGC,0.00047000478984115526
3.0,CMPN,scgnIN,0.0
3.0,CMPN,sfrpEGC,0.10309904208794211
3.0,CMPN,sstIN,0.0004901473910955343
3.0,CMPN,wntEGC,0.09496845885144295
3.0,CP,CMPN,0.0
3.0,CP,CP,3.1949467641465805
3.0,CP,IMN,0.048047663643956184
3.0,CP,MCG,0.054921259117477084
3.0,CP,MSN,0.0033758901717031702
3.0,CP,Unknown,0.0
3.0,CP,VLMC,1.1856865980388487
3.0,CP,cckIN,0.0
3.0,CP,dpEX,0.0
3.0,CP,mpEX,0.002496100523892571
3.0,CP,nptxEX,0.0
3.0,CP,npyIN,0.0
3.0,CP,ntng1IN,0.0
3.0,CP,rIPC1,0.010116267072803834
3.0,CP,rIPC2,0.03764513178783305
3.0,CP,reaEGC,1.3111052879077547
3.0,CP,ribEGC,0.06204889320275363
3.0,CP,scgnIN,0.0
3.0,CP,sfrpEGC,0.20801721732406056
3.0,CP,sstIN,0.006796901059501311
3.0,CP,wntEGC,0.9869303672629244
3.0,IMN,CMPN,0.0
3.0,IMN,CP,0.01631259262186926
3.0,IMN,IMN,0.9029745331631517
3.0,IMN,MCG,0.18781483445152547
3.0,IMN,MSN,0.005581982996103898
3.0,IMN,Unknown,0.0
3.0,IMN,VLMC,0.001663691780102328
3.0,IMN,cckIN,0.0
3.0,IMN,dpEX,0.0
3.0,IMN,mpEX,0.0
3.0,IMN,nptxEX,0.0007484231917363293
3.0,IMN,npyIN,0.0
3.0,IMN,ntng1IN,0.0
3.0,IMN,rIPC1,0.33793576455341195
3.0,IMN,rIPC2,0.0018060175502825084
3.0,IMN,reaEGC,0.6345918005180059
3.0,IMN,ribEGC,0.013877665190576757
3.0,IMN,scgnIN,0.0
3.0,IMN,sfrpEGC,0.23643896133644776
3.0,IMN,sstIN,0.01216162900504826
3.0,IMN,wntEGC,0.0
3.0,MCG,CMPN,0.0146247164505284
3.0,MCG,CP,0.11660437642074213
3.0,MCG,IMN,0.779969155715733
3.0,MCG,MCG,1.2375598023577434
3.0,MCG,MSN,0.0021397991878230396
3.0,MCG,Unknown,0.00748817775307632
3.0,MCG,VLMC,0.2506386976416518
3.0,MCG,cckIN,0.0
3.0,MCG,dpEX,0.0
3.0,MCG,mpEX,0.0
3.0,MCG,nptxEX,0.008129399287991407
3.0,MCG,npyIN,0.00485066146385379
3.0,MCG,ntng1IN,0.0
3.0,MCG,rIPC1,0.4434794885356252
3.0,MCG,rIPC2,0.11768786064008387
3.0,MCG,reaEGC,0.8922055677669805
3.0,MCG,ribEGC,0.09916246271714932
3.0,MCG,scgnIN,0.0
3.0,MCG,sfrpEGC,1.4830870049755747
3.0,MCG,sstIN,0.04867545395362668
3.0,MCG,wntEGC,0.2611400043092123
3.0,MSN,CMPN,0.0024265168154475577
3.0,MSN,CP,0.0
3.0,MSN,IMN,0.0021165546563229544
3.0,MSN,MCG,0.007641552768569608
3.0,MSN,MSN,0.0018963408900361954
3.0,MSN,Unknown,0.0
3.0,MSN,VLMC,0.0032340173324411766
3.0,MSN,cckIN,0.006270122888895908
3.0,MSN,dpEX,0.0
3.0,MSN,mpEX,0.0
3.0,MSN,nptxEX,0.0
3.0,MSN,npyIN,0.0007441156609927123
3.0,MSN,ntng1IN,0.0
3.0,MSN,rIPC1,0.0
3.0,MSN,rIPC2,0.0
3.0,MSN,reaEGC,0.0018447157390181484
3.0,MSN,ribEGC,0.025058714523304326
3.0,MSN,scgnIN,0.0
3.0,MSN,sfrpEGC,0.18373331715536062
3.0,MSN,sstIN,0.0022066352461769362
3.0,MSN,wntEGC,0.00044011091325557827
3.0,Unknown,CMPN,0.0
3.0,Unknown,CP,0.0
3.0,Unknown,IMN,0.0
3.0,Unknown,MCG,0.019034302511880565
3.0,Unknown,MSN,0.0
3.0,Unknown,Unknown,0.007166544365328412
3.0,Unknown,VLMC,0.014548821504725966
3.0,Unknown,cckIN,0.0
3.0,Unknown,dpEX,0.0
3.0,Unknown,mpEX,0.0
3.0,Unknown,nptxEX,0.026996399081030558
3.0,Unknown,npyIN,0.0
3.0,Unknown,ntng1IN,0.0
3.0,Unknown,rIPC1,0.0
3.0,Unknown,rIPC2,0.0
3.0,Unknown,reaEGC,0.0
3.0,Unknown,ribEGC,0.0
3.0,Unknown,scgnIN,0.0
3.0,Unknown,sfrpEGC,0.05136794960776041
3.0,Unknown,sstIN,0.0
3.0,Unknown,wntEGC,0.3476958337218262
3.0,VLMC,CMPN,0.0036541602308007427
3.0,VLMC,CP,0.15300207821437678
3.0,VLMC,IMN,0.0002198924931828701
3.0,VLMC,MCG,0.03939155375804874
3.0,VLMC,MSN,0.0028878405351048684
3.0,VLMC,Unknown,0.001017969032778679
3.0,VLMC,VLMC,1.8374538808433631
3.0,VLMC,cckIN,0.0002363745764343023
3.0,VLMC,dpEX,0.0013943685067666542
3.0,VLMC,mpEX,0.013203496402222266
3.0,VLMC,nptxEX,0.0045924074788860035
3.0,VLMC,npyIN,0.0008123337713786922
3.0,VLMC,ntng1IN,0.031033473876258558
3.0,VLMC,rIPC1,0.0015452620738939744
3.0,VLMC,rIPC2,0.011130633344012677
3.0,VLMC,reaEGC,0.06659396155969177
3.0,VLMC,ribEGC,0.05601292113067415
3.0,VLMC,scgnIN,0.009181576742556152
3.0,VLMC,sfrpEGC,0.6043558139346572
3.0,VLMC,sstIN,0.03251375414823231
3.0,VLMC,wntEGC,0.5068231520035528
3.0,cckIN,CMPN,0.0
3.0,cckIN,CP,0.0
3.0,cckIN,IMN,0.0
3.0,cckIN,MCG,0.0
3.0,cckIN,MSN,0.016922907540633244
3.0,cckIN,Unknown,0.0
3.0,cckIN,VLMC,0.0
3.0,cckIN,cckIN,0.014088300788927378
3.0,cckIN,dpEX,0.0
3.0,cckIN,mpEX,0.0
3.0,cckIN,nptxEX,0.0
3.0,cckIN,npyIN,0.0017304660389258427
3.0,cckIN,ntng1IN,0.0
3.0,cckIN,rIPC1,0.0
3.0,cckIN,rIPC2,0.0
3.0,cckIN,reaEGC,0.0
3.0,cckIN,ribEGC,0.0
3.0,cckIN,scgnIN,0.0
3.0,cckIN,sfrpEGC,0.0
3.0,cckIN,sstIN,0.0017898556009028693
3.0,cckIN,wntEGC,0.0
3.0,dpEX,CMPN,0.0
3.0,dpEX,CP,0.0
3.0,dpEX,IMN,0.0
3.0,dpEX,MCG,0.0
3.0,dpEX,MSN,0.0
3.0,dpEX,Unknown,0.0
3.0,dpEX,VLMC,0.0
3.0,dpEX,cckIN,0.0
3.0,dpEX,dpEX,0.0
3.0,dpEX,mpEX,0.005319407136421504
3.0,dpEX,nptxEX,0.0
3.0,dpEX,npyIN,0.0
3.0,dpEX,ntng1IN,0.0
3.0,dpEX,rIPC1,0.0
3.0,dpEX,rIPC2,0.0
3.0,dpEX,reaEGC,0.0
3.0,dpEX,ribEGC,0.0
3.0,dpEX,scgnIN,0.0
3.0,dpEX,sfrpEGC,0.010447011453898872
3.0,dpEX,sstIN,0.002301929973241851
3.0,dpEX,wntEGC,0.2530034874367902
3.0,mpEX,CMPN,0.0
3.0,mpEX,CP,0.0015486843225096358
3.0,mpEX,IMN,0.0
3.0,mpEX,MCG,0.0
3.0,mpEX,MSN,0.0
3.0,mpEX,Unknown,0.0
3.0,mpEX,VLMC,0.009995412461611689
3.0,mpEX,cckIN,0.0
3.0,mpEX,dpEX,0.0004221716401528339
3.0,mpEX,mpEX,0.024352879155756665
3.0,mpEX,nptxEX,0.0
3.0,mpEX,npyIN,0.0
3.0,mpEX,ntng1IN,0.0
3.0,mpEX,rIPC1,0.0
3.0,mpEX,rIPC2,0.004957639846672007
3.0,mpEX,reaEGC,0.001963034576299239
3.0,mpEX,ribEGC,0.0
3.0,mpEX,scgnIN,0.0
3.0,mpEX,sfrpEGC,0.0
3.0,mpEX,sstIN,0.010635495312562604
3.0,mpEX,wntEGC,0.09693638078209495
3.0,nptxEX,CMPN,0.0
3.0,nptxEX,CP,0.0
3.0,nptxEX,IMN,0.0
3.0,nptxEX,MCG,0.0
3.0,nptxEX,MSN,0.0
3.0,nptxEX,Unknown,0.000825763971947912
3.0,nptxEX,VLMC,0.014965585697053084
3.0,nptxEX,cckIN,0.0
3.0,nptxEX,dpEX,0.0
3.0,nptxEX,mpEX,0.0
3.0,nptxEX,nptxEX,0.0
3.0,nptxEX,npyIN,0.0
3.0,nptxEX,ntng1IN,0.0
3.0,nptxEX,rIPC1,0.0
3.0,nptxEX,rIPC2,0.0011357917492069414
3.0,nptxEX,reaEGC,0.002333503160903703
3.0,nptxEX,ribEGC,0.014330815913072273
3.0,nptxEX,scgnIN,0.0
3.0,nptxEX,sfrpEGC,0.03930338816856271
3.0,nptxEX,sstIN,0.0006561143073573042
3.0,nptxEX,wntEGC,0.028087906094629373
3.0,npyIN,CMPN,0.004774629505650854
3.0,npyIN,CP,0.0
3.0,npyIN,IMN,0.0
3.0,npyIN,MCG,0.0
3.0,npyIN,MSN,0.0
3.0,npyIN,Unknown,0.0
3.0,npyIN,VLMC,0.0018597508454548447
3.0,npyIN,cckIN,0.0
3.0,npyIN,dpEX,0.0
3.0,npyIN,mpEX,0.001043785069643135
3.0,npyIN,nptxEX,0.0
3.0,npyIN,npyIN,0.005321072667179048
3.0,npyIN,ntng1IN,0.0
3.0,npyIN,rIPC1,0.0
3.0,npyIN,rIPC2,0.0
3.0,npyIN,reaEGC,0.005557280985714885
3.0,npyIN,ribEGC,0.0
3.0,npyIN,scgnIN,0.0035942599224367353
3.0,npyIN,sfrpEGC,0.06902230632041907
3.0,npyIN,sstIN,0.001003403580903255
3.0,npyIN,wntEGC,0.12233602511769966
3.0,ntng1IN,CMPN,0.007253397299962885
3.0,ntng1IN,CP,0.0
3.0,ntng1IN,IMN,0.0
3.0,ntng1IN,MCG,0.0
3.0,ntng1IN,MSN,0.0
3.0,ntng1IN,Unknown,0.0013853362377952126
3.0,ntng1IN,VLMC,0.02263631654136321
3.0,ntng1IN,cckIN,0.0
3.0,ntng1IN,dpEX,0.0
3.0,ntng1IN,mpEX,0.0
3.0,ntng1IN,nptxEX,0.0
3.0,ntng1IN,npyIN,0.0017556642784791834
3.0,ntng1IN,ntng1IN,0.004758923632257125
3.0,ntng1IN,rIPC1,0.0
3.0,ntng1IN,rIPC2,0.0
3.0,ntng1IN,reaEGC,0.0
3.0,ntng1IN,ribEGC,0.0
3.0,ntng1IN,scgnIN,0.0033855818650301763
3.0,ntng1IN,sfrpEGC,0.0
3.0,ntng1IN,sstIN,0.0
3.0,ntng1IN,wntEGC,0.0
3.0,rIPC1,CMPN,0.0
3.0,rIPC1,CP,0.017610583986554827
3.0,rIPC1,IMN,0.41857117619464007
3.0,rIPC1,MCG,0.23055621555873326
3.0,rIPC1,MSN,0.006696348467831889
3.0,rIPC1,Unknown,0.0
3.0,rIPC1,VLMC,0.02828350442427176
3.0,rIPC1,cckIN,0.0
3.0,rIPC1,dpEX,0.0
3.0,rIPC1,mpEX,0.00484826230498218
3.0,rIPC1,nptxEX,0.01019106214008634
3.0,rIPC1,npyIN,0.0
3.0,rIPC1,ntng1IN,0.0
3.0,rIPC1,rIPC1,0.6624989651498341
3.0,rIPC1,rIPC2,0.04436320760262706
3.0,rIPC1,reaEGC,1.246658010772927
3.0,rIPC1,ribEGC,0.005028450930560076
3.0,rIPC1,scgnIN,0.0
3.0,rIPC1,sfrpEGC,0.0
3.0,rIPC1,sstIN,0.0
3.0,rIPC1,wntEGC,0.0
3.0,rIPC2,CMPN,0.0
3.0,rIPC2,CP,0.0
3.0,rIPC2,IMN,0.0
3.0,rIPC2,MCG,0.004000026788284529
3.0,rIPC2,MSN,0.0
3.0,rIPC2,Unknown,0.0
3.0,rIPC2,VLMC,0.031944669115899216
3.0,rIPC2,cckIN,0.0
3.0,rIPC2,dpEX,0.0
3.0,rIPC2,mpEX,0.007234318042868998
3.0,rIPC2,nptxEX,0.0
3.0,rIPC2,npyIN,0.0
3.0,rIPC2,ntng1IN,0.0
3.0,rIPC2,rIPC1,0.002981211267300506
3.0,rIPC2,rIPC2,0.0914134507748618
3.0,rIPC2,reaEGC,0.674248847721228
3.0,rIPC2,ribEGC,0.007704649398575967
3.0,rIPC2,scgnIN,0.0
3.0,rIPC2,sfrpEGC,0.02584496151600311
3.0,rIPC2,sstIN,0.004343491436830207
3.0,rIPC2,wntEGC,0.07400195545225001
3.0,reaEGC,CMPN,0.0011163463350385427
3.0,reaEGC,CP,0.18694507470354438
3.0,reaEGC,IMN,0.3111928440630436
3.0,reaEGC,MCG,0.2499265173682943
3.0,reaEGC,MSN,0.0
3.0,reaEGC,Unknown,0.0
3.0,reaEGC,VLMC,0.04687059042043984
3.0,reaEGC,cckIN,0.0
3.0,reaEGC,dpEX,0.006750583415850997
3.0,reaEGC,mpEX,0.0
3.0,reaEGC,nptxEX,0.0
3.0,reaEGC,npyIN,0.005825656000524759
3.0,reaEGC,ntng1IN,0.0
3.0,reaEGC,rIPC1,0.5823704961803742
3.0,reaEGC,rIPC2,0.3737920599523932
3.0,reaEGC,reaEGC,16.309664042959913
3.0,reaEGC,ribEGC,0.017901604995131493
3.0,reaEGC,scgnIN,0.0
3.0,reaEGC,sfrpEGC,0.062208292772993445
3.0,reaEGC,sstIN,0.0
3.0,reaEGC,wntEGC,0.3520836760289967
3.0,ribEGC,CMPN,0.0
3.0,ribEGC,CP,0.0
3.0,ribEGC,IMN,0.008519257496855113
3.0,ribEGC,MCG,0.0526118546557826
3.0,ribEGC,MSN,0.011580217650482774
3.0,ribEGC,Unknown,0.0
3.0,ribEGC,VLMC,0.15809017036880194
3.0,ribEGC,cckIN,0.0
3.0,ribEGC,dpEX,0.0
3.0,ribEGC,mpEX,0.0
3.0,ribEGC,nptxEX,0.0
3.0,ribEGC,npyIN,0.0
3.0,ribEGC,ntng1IN,0.0
3.0,ribEGC,rIPC1,0.001377809980062133
3.0,ribEGC,rIPC2,0.0058420653449756475
3.0,ribEGC,reaEGC,0.07483826819078883
3.0,ribEGC,ribEGC,0.31794604925469977
3.0,ribEGC,scgnIN,0.0
3.0,ribEGC,sfrpEGC,2.58092522109354
3.0,ribEGC,sstIN,0.0
3.0,ribEGC,wntEGC,0.11329119914736828
3.0,scgnIN,CMPN,0.001299910552870212
3.0,scgnIN,CP,0.0
3.0,scgnIN,IMN,0.0
3.0,scgnIN,MCG,0.0
3.0,scgnIN,MSN,0.0
3.0,scgnIN,Unknown,0.0
3.0,scgnIN,VLMC,0.0058114083031374575
3.0,scgnIN,cckIN,0.0
3.0,scgnIN,dpEX,0.0
3.0,scgnIN,mpEX,0.0
3.0,scgnIN,nptxEX,0.0
3.0,scgnIN,npyIN,0.0008464363471190636
3.0,scgnIN,ntng1IN,0.0
3.0,scgnIN,rIPC1,0.0
3.0,scgnIN,rIPC2,0.0
3.0,scgnIN,reaEGC,0.0
3.0,scgnIN,ribEGC,0.0
3.0,scgnIN,scgnIN,0.003756435135561585
3.0,scgnIN,sfrpEGC,0.02684164724139385
3.0,scgnIN,sstIN,0.0
3.0,scgnIN,wntEGC,0.05582537278768016
3.0,sfrpEGC,CMPN,0.02103804540998153
3.0,sfrpEGC,CP,0.03193186940127657
3.0,sfrpEGC,IMN,0.03509898388962102
3.0,sfrpEGC,MCG,0.4573994689921993
3.0,sfrpEGC,MSN,0.03602060531538558
3.0,sfrpEGC,Unknown,0.0
3.0,sfrpEGC,VLMC,0.8554613823047424
3.0,sfrpEGC,cckIN,0.0
3.0,sfrpEGC,dpEX,0.0
3.0,sfrpEGC,mpEX,0.0
3.0,sfrpEGC,nptxEX,0.0
3.0,sfrpEGC,npyIN,0.0
3.0,sfrpEGC,ntng1IN,0.0
3.0,sfrpEGC,rIPC1,0.0
3.0,sfrpEGC,rIPC2,0.0
3.0,sfrpEGC,reaEGC,0.07360849004362072
3.0,sfrpEGC,ribEGC,1.1795168202038637
3.0,sfrpEGC,scgnIN,0.0
3.0,sfrpEGC,sfrpEGC,14.246544769465462
3.0,sfrpEGC,sstIN,0.0016810605847501876
3.0,sfrpEGC,wntEGC,1.3617629276644485
3.0,sstIN,CMPN,0.0010495007147082898
3.0,sstIN,CP,0.000744889924469552
3.0,sstIN,IMN,0.006380725359132129
3.0,sstIN,MCG,0.000386518850187061
3.0,sstIN,MSN,0.004643723777268878
3.0,sstIN,Unknown,0.0
3.0,sstIN,VLMC,0.08127478999128289
3.0,sstIN,cckIN,0.0
3.0,sstIN,dpEX,0.006397332635178644
3.0,sstIN,mpEX,0.04987469062181888
3.0,sstIN,nptxEX,0.0029649348211026934
3.0,sstIN,npyIN,0.0
3.0,sstIN,ntng1IN,0.0
3.0,sstIN,rIPC1,0.0
3.0,sstIN,rIPC2,0.0033598007188200734
3.0,sstIN,reaEGC,0.0045591808542255075
3.0,sstIN,ribEGC,0.007781843108276562
3.0,sstIN,scgnIN,0.0
3.0,sstIN,sfrpEGC,0.006028222427507641
3.0,sstIN,sstIN,0.12898589262033947
3.0,sstIN,wntEGC,0.06644918141678875
3.0,wntEGC,CMPN,0.06283046737347844
3.0,wntEGC,CP,0.3260927629028285
3.0,wntEGC,IMN,0.0
3.0,wntEGC,MCG,0.04980648061792148
3.0,wntEGC,MSN,0.0
3.0,wntEGC,Unknown,0.01928597619528007
3.0,wntEGC,VLMC,0.690168550008964
3.0,wntEGC,cckIN,0.0
3.0,wntEGC,dpEX,0.0034649190935900484
3.0,wntEGC,mpEX,0.07345492512056834
3.0,wntEGC,nptxEX,0.00909793916268581
3.0,wntEGC,npyIN,0.017516543583084423
3.0,wntEGC,ntng1IN,0.0
3.0,wntEGC,rIPC1,0.0
3.0,wntEGC,rIPC2,0.04679847856132171
3.0,wntEGC,reaEGC,0.4606118228485302
3.0,wntEGC,ribEGC,0.06684306962307533
3.0,wntEGC,scgnIN,0.010636246951162954
3.0,wntEGC,sfrpEGC,1.5459168417713758
3.0,wntEGC,sstIN,0.006113808558877825
3.0,wntEGC,wntEGC,17.07588479597994
3.5,CMPN,CMPN,1.0442843129913482
3.5,CMPN,IMN,0.0
3.5,CMPN,MCG,0.0
3.5,CMPN,MSN,0.09305774605662159
3.5,CMPN,Unknown,0.0
3.5,CMPN,VLMC,0.0030455398621291097
3.5,CMPN,dpEX,0.000798788384572994
3.5,CMPN,mpEX,0.007880233977673321
3.5,CMPN,mpIN,0.0
3.5,CMPN,nptxEX,0.0
3.5,CMPN,npyIN,0.0029905737768968887
3.5,CMPN,ntng1IN,0.0
3.5,CMPN,rIPC1,0.0
3.5,CMPN,rIPC2,0.0
3.5,CMPN,rIPC4,0.0
3.5,CMPN,reaEGC,0.0
3.5,CMPN,ribEGC,0.0
3.5,CMPN,sfrpEGC,0.14270543483411066
3.5,CMPN,sstIN,0.0
3.5,CMPN,tlNBL,0.0009037183939352543
3.5,CMPN,wntEGC,0.11785608845261428
3.5,IMN,CMPN,0.0
3.5,IMN,IMN,1.2866408666774232
3.5,IMN,MCG,0.1392555899090237
3.5,IMN,MSN,0.2554400591786337
3.5,IMN,Unknown,0.0
3.5,IMN,VLMC,0.07082753711276585
3.5,IMN,dpEX,0.0
3.5,IMN,mpEX,0.0
3.5,IMN,mpIN,0.0
3.5,IMN,nptxEX,0.16405911064239298
3.5,IMN,npyIN,0.0
3.5,IMN,ntng1IN,0.0
3.5,IMN,rIPC1,0.0
3.5,IMN,rIPC2,0.0
3.5,IMN,rIPC4,0.014049847007254531
3.5,IMN,reaEGC,0.44726059423095876
3.5,IMN,ribEGC,0.02935950874825547
3.5,IMN,sfrpEGC,1.428617844750598
3.5,IMN,sstIN,0.0
3.5,IMN,tlNBL,0.0369593711191667
3.5,IMN,wntEGC,0.368041774550617
3.5,MCG,CMPN,0.0
3.5,MCG,IMN,0.3884245909533454
3.5,MCG,MCG,1.932269018541262
3.5,MCG,MSN,0.06993579401553256
3.5,MCG,Unknown,0.0
3.5,MCG,VLMC,0.23417920915825854
3.5,MCG,dpEX,0.05418300860136458
3.5,MCG,mpEX,0.026777832253465375
3.5,MCG,mpIN,0.0
3.5,MCG,nptxEX,0.3298183390237753
3.5,MCG,npyIN,0.0
3.5,MCG,ntng1IN,0.0
3.5,MCG,rIPC1,0.0
3.5,MCG,rIPC2,0.1154888139187711
3.5,MCG,rIPC4,0.19150274355434677
3.5,MCG,reaEGC,1.6962747330804473
3.5,MCG,ribEGC,0.0
3.5,MCG,sfrpEGC,0.0
3.5,MCG,sstIN,0.0
3.5,MCG,tlNBL,0.009269155344916779
3.5,MCG,wntEGC,0.5823020032308635
3.5,MSN,CMPN,0.04927169300949484
3.5,MSN,IMN,0.03275663377602706
3.5,MSN,MCG,0.0
3.5,MSN,MSN,1.4345261931620181
3.5,MSN,Unknown,0.0
3.5,MSN,VLMC,0.018242439006322723
3.5,MSN,dpEX,0.0
3.5,MSN,mpEX,0.002908068708706318
3.5,MSN,mpIN,0.0
3.5,MSN,nptxEX,0.013136094199066072
3.5,MSN,npyIN,0.0
3.5,MSN,ntng1IN,0.0004627273709255223
3.5,MSN,rIPC1,0.0
3.5,MSN,rIPC2,0.0
3.5,MSN,rIPC4,0.0
3.5,MSN,reaEGC,0.0
3.5,MSN,ribEGC,0.0023898261197256845
3.5,MSN,sfrpEGC,0.7081248227963124
3.5,MSN,sstIN,0.0
3.5,MSN,tlNBL,0.014439630498973047
3.5,MSN,wntEGC,0.004664771929176564
3.5,Unknown,CMPN,0.0
3.5,Unknown,IMN,0.0
3.5,Unknown,MCG,0.0
3.5,Unknown,MSN,0.0
3.5,Unknown,Unknown,0.0
3.5,Unknown,VLMC,0.0
3.5,Unknown,dpEX,0.0
3.5,Unknown,mpEX,0.0
3.5,Unknown,mpIN,0.047206648758479526
3.5,Unknown,nptxEX,0.0
3.5,Unknown,npyIN,0.0
3.5,Unknown,ntng1IN,0.0
3.5,Unknown,rIPC1,0.0
3.5,Unknown,rIPC2,0.0
3.5,Unknown,rIPC4,0.0
3.5,Unknown,reaEGC,0.0
3.5,Unknown,ribEGC,0.0
3.5,Unknown,sfrpEGC,0.0
3.5,Unknown,sstIN,0.0
3.5,Unknown,tlNBL,0.0
3.5,Unknown,wntEGC,0.3046539383275168
3.5,VLMC,CMPN,0.00245656920465785
3.5,VLMC,IMN,0.018220990686349466
3.5,VLMC,MCG,0.015685903511836494
3.5,VLMC,MSN,0.03505102402045274
3.5,VLMC,Unknown,0.0
3.5,VLMC,VLMC,0.2966846442899444
3.5,VLMC,dpEX,0.005533904624237141
3.5,VLMC,mpEX,0.010939386214168978
3.5,VLMC,mpIN,0.0
3.5,VLMC,nptxEX,0.05479381787000408
3.5,VLMC,npyIN,0.0
3.5,VLMC,ntng1IN,0.0
3.5,VLMC,rIPC1,0.0
3.5,VLMC,rIPC2,0.0
3.5,VLMC,rIPC4,0.0
3.5,VLMC,reaEGC,0.03730309807078939
3.5,VLMC,ribEGC,0.011199433408992392
3.5,VLMC,sfrpEGC,0.051208522485595355
3.5,VLMC,sstIN,0.006212354152345322
3.5,VLMC,tlNBL,0.0027593271413319546
3.5,VLMC,wntEGC,0.06527148071728961
3.5,dpEX,CMPN,0.001775276110175825
3.5,dpEX,IMN,0.0
3.5,dpEX,MCG,0.007115385038486714
3.5,dpEX,MSN,0.0
3.5,dpEX,Unknown,0.0
3.5,dpEX,VLMC,0.008783920777714555
3.5,dpEX,dpEX,0.4969015701961233
3.5,dpEX,mpEX,0.04145717141169905
3.5,dpEX,mpIN,0.0
3.5,dpEX,nptxEX,0.00996685998539278
3.5,dpEX,npyIN,0.002732479447934738
3.5,dpEX,ntng1IN,0.0
3.5,dpEX,rIPC1,0.0
3.5,dpEX,rIPC2,0.041289765326703184
3.5,dpEX,rIPC4,0.0
3.5,dpEX,reaEGC,0.021373515868151418
3.5,dpEX,ribEGC,0.0
3.5,dpEX,sfrpEGC,0.2660132978783279
3.5,dpEX,sstIN,0.007653624485573008
3.5,dpEX,tlNBL,0.0
3.5,dpEX,wntEGC,0.34053083414825347
3.5,mpEX,CMPN,0.016852348571709492
3.5,mpEX,IMN,0.0
3.5,mpEX,MCG,0.0024429828281930313
3.5,mpEX,MSN,0.009374964319670153
3.5,mpEX,Unknown,0.0
3.5,mpEX,VLMC,0.014801372475774862
3.5,mpEX,dpEX,0.019151279989909748
3.5,mpEX,mpEX,1.146281644304397
3.5,mpEX,mpIN,0.0
3.5,mpEX,nptxEX,0.0032401143797772675
3.5,mpEX,npyIN,0.0035411615381127763
3.5,mpEX,ntng1IN,0.0
3.5,mpEX,rIPC1,0.0
3.5,mpEX,rIPC2,0.016076462129830372
3.5,mpEX,rIPC4,0.0
3.5,mpEX,reaEGC,0.007151008712444381
3.5,mpEX,ribEGC,0.0
3.5,mpEX,sfrpEGC,0.16766639118609222
3.5,mpEX,sstIN,0.040979978065245705
3.5,mpEX,tlNBL,0.0052748024463653564
3.5,mpEX,wntEGC,0.6623414147630511
3.5,mpIN,CMPN,0.0
3.5,mpIN,IMN,0.0
3.5,mpIN,MCG,0.0
3.5,mpIN,MSN,0.0
3.5,mpIN,Unknown,0.0
3.5,mpIN,VLMC,0.0
3.5,mpIN,dpEX,0.0
3.5,mpIN,mpEX,0.0
3.5,mpIN,mpIN,0.0
3.5,mpIN,nptxEX,0.0
3.5,mpIN,npyIN,0.0
3.5,mpIN,ntng1IN,0.0
3.5,mpIN,rIPC1,0.0
3.5,mpIN,rIPC2,0.0
3.5,mpIN,rIPC4,0.0
3.5,mpIN,reaEGC,0.0
3.5,mpIN,ribEGC,0.0
3.5,mpIN,sfrpEGC,0.0
3.5,mpIN,sstIN,0.0
3.5,mpIN,tlNBL,0.0
3.5,mpIN,wntEGC,0.0
3.5,nptxEX,CMPN,0.0
3.5,nptxEX,IMN,0.053022878987742175
3.5,nptxEX,MCG,0.03671757047399511
3.5,nptxEX,MSN,0.04078327978185832
3.5,nptxEX,Unknown,0.0
3.5,nptxEX,VLMC,0.05325889969106965
3.5,nptxEX,dpEX,0.009793696108416383
3.5,nptxEX,mpEX,0.005205482758324722
3.5,nptxEX,mpIN,0.0
3.5,nptxEX,nptxEX,0.7460927963256836
3.5,nptxEX,npyIN,0.0006794280606537617
3.5,nptxEX,ntng1IN,0.0
3.5,nptxEX,rIPC1,0.0
3.5,nptxEX,rIPC2,0.013259853488706015
3.5,nptxEX,rIPC4,0.04091440141201019
3.5,nptxEX,reaEGC,0.07525533459750303
3.5,nptxEX,ribEGC,0.16921668982344307
3.5,nptxEX,sfrpEGC,0.8820864764487215
3.5,nptxEX,sstIN,0.0
3.5,nptxEX,tlNBL,0.0
3.5,nptxEX,wntEGC,0.042318722297405374
3.5,npyIN,CMPN,0.2888934329936379
3.5,npyIN,IMN,0.0
3.5,npyIN,MCG,0.0
3.5,npyIN,MSN,0.0
3.5,npyIN,Unknown,0.0
3.5,npyIN,VLMC,0.0
3.5,npyIN,dpEX,0.06079793080948947
3.5,npyIN,mpEX,0.03469623389996981
3.5,npyIN,mpIN,0.0
3.5,npyIN,nptxEX,0.0
3.5,npyIN,npyIN,0.11991194883982341
3.5,npyIN,ntng1IN,0.0
3.5,npyIN,rIPC1,0.0
3.5,npyIN,rIPC2,0.0
3.5,npyIN,rIPC4,0.0
3.5,npyIN,reaEGC,0.0
3.5,npyIN,ribEGC,0.0
3.5,npyIN,sfrpEGC,0.05201399849172224
3.5,npyIN,sstIN,0.017358716119799698
3.5,npyIN,tlNBL,0.0
3.5,npyIN,wntEGC,0.03686255739446272
3.5,ntng1IN,CMPN,0.07280963345577843
3.5,ntng1IN,IMN,0.0
3.5,ntng1IN,MCG,0.0
3.5,ntng1IN,MSN,0.0
3.5,ntng1IN,Unknown,0.0
3.5,ntng1IN,VLMC,0.0
3.5,ntng1IN,dpEX,0.0
3.5,ntng1IN,mpEX,0.0
3.5,ntng1IN,mpIN,0.0
3.5,ntng1IN,nptxEX,0.0
3.5,ntng1IN,npyIN,0.0
3.5,ntng1IN,ntng1IN,0.0
3.5,ntng1IN,rIPC1,0.0
3.5,ntng1IN,rIPC2,0.0
3.5,ntng1IN,rIPC4,0.0
3.5,ntng1IN,reaEGC,0.0
3.5,ntng1IN,ribEGC,0.0
3.5,ntng1IN,sfrpEGC,0.0
3.5,ntng1IN,sstIN,0.0
3.5,ntng1IN,tlNBL,0.0
3.5,ntng1IN,wntEGC,0.0
3.5,rIPC1,CMPN,0.0
3.5,rIPC1,IMN,0.0
3.5,rIPC1,MCG,3.5943669080734253
3.5,rIPC1,MSN,0.0
3.5,rIPC1,Unknown,0.0
3.5,rIPC1,VLMC,0.0
3.5,rIPC1,dpEX,0.0
3.5,rIPC1,mpEX,0.0
3.5,rIPC1,mpIN,0.0
3.5,rIPC1,nptxEX,0.5753987431526184
3.5,rIPC1,npyIN,0.0
3.5,rIPC1,ntng1IN,0.0
3.5,rIPC1,rIPC1,0.0
3.5,rIPC1,rIPC2,0.0
3.5,rIPC1,rIPC4,0.0
3.5,rIPC1,reaEGC,3.0637863874435425
3.5,rIPC1,ribEGC,0.0
3.5,rIPC1,sfrpEGC,0.0
3.5,rIPC1,sstIN,0.0
3.5,rIPC1,tlNBL,0.0
3.5,rIPC1,wntEGC,0.0
3.5,rIPC2,CMPN,0.0
3.5,rIPC2,IMN,0.0
3.5,rIPC2,MCG,0.2652018974567282
3.5,rIPC2,MSN,0.0
3.5,rIPC2,Unknown,0.0
3.5,rIPC2,VLMC,0.0
3.5,rIPC2,dpEX,0.8007877941789299
3.5,rIPC2,mpEX,0.45018788247272884
3.5,rIPC2,mpIN,0.0
3.5,rIPC2,nptxEX,0.19933896023651648
3.5,rIPC2,npyIN,0.0
3.5,rIPC2,ntng1IN,0.0
3.5,rIPC2,rIPC1,0.0
3.5,rIPC2,rIPC2,0.6345790316318644
3.5,rIPC2,rIPC4,0.11727114381461308
3.5,rIPC2,reaEGC,0.0
3.5,rIPC2,ribEGC,0.0
3.5,rIPC2,sfrpEGC,0.5478111546615074
3.5,rIPC2,sstIN,0.0
3.5,rIPC2,tlNBL,0.0
3.5,rIPC2,wntEGC,1.0763959062510524
3.5,rIPC4,CMPN,0.0
3.5,rIPC4,IMN,0.0
3.5,rIPC4,MCG,3.2669120563401117
3.5,rIPC4,MSN,0.0
3.5,rIPC4,Unknown,0.0
3.5,rIPC4,VLMC,0.0
3.5,rIPC4,dpEX,0.0
3.5,rIPC4,mpEX,0.0
3.5,rIPC4,mpIN,0.0
3.5,rIPC4,nptxEX,4.080844667222765
3.5,rIPC4,npyIN,0.0
3.5,rIPC4,ntng1IN,0.0
3.5,rIPC4,rIPC1,0.0
3.5,rIPC4,rIPC2,0.40634112887912327
3.5,rIPC4,rIPC4,2.3360574112998114
3.5,rIPC4,reaEGC,1.3368596302138434
3.5,rIPC4,ribEGC,0.10953472720252143
3.5,rIPC4,sfrpEGC,0.425702969233195
3.5,rIPC4,sstIN,0.0
3.5,rIPC4,tlNBL,0.0
3.5,rIPC4,wntEGC,5.435933695899116
3.5,reaEGC,CMPN,0.0
3.5,reaEGC,IMN,1.6392998930655027
3.5,reaEGC,MCG,2.438739918564495
3.5,reaEGC,MSN,0.0
3.5,reaEGC,Unknown,0.0
3.5,reaEGC,VLMC,0.65616664212001
3.5,reaEGC,dpEX,0.17884023722849393
3.5,reaEGC,mpEX,0.10918195937809191
3.5,reaEGC,mpIN,0.0
3.5,reaEGC,nptxEX,0.987600376731471
3.5,reaEGC,npyIN,0.0
3.5,reaEGC,ntng1IN,0.0
3.5,reaEGC,rIPC1,0.009835280870136461
3.5,reaEGC,rIPC2,0.0
3.5,reaEGC,rIPC4,0.20750232825153753
3.5,reaEGC,reaEGC,6.323408373484486
3.5,reaEGC,ribEGC,0.3304955849522038
3.5,reaEGC,sfrpEGC,1.7953722822038751
3.5,reaEGC,sstIN,0.0
3.5,reaEGC,tlNBL,0.0
3.5,reaEGC,wntEGC,6.1709584154580766
3.5,ribEGC,CMPN,0.0
3.5,ribEGC,IMN,0.21865239091541455
3.5,ribEGC,MCG,0.0
3.5,ribEGC,MSN,0.11921347742495329
3.5,ribEGC,Unknown,0.0
3.5,ribEGC,VLMC,0.18518072366714478
3.5,ribEGC,dpEX,0.013450867455938587
3.5,ribEGC,mpEX,0.0
3.5,ribEGC,mpIN,0.0
3.5,ribEGC,nptxEX,2.5705771057502083
3.5,ribEGC,npyIN,0.0
3.5,ribEGC,ntng1IN,0.0
3.5,ribEGC,rIPC1,0.0
3.5,ribEGC,rIPC2,0.0
3.5,ribEGC,rIPC4,0.12269682987876561
3.5,ribEGC,reaEGC,0.4410680869351263
3.5,ribEGC,ribEGC,6.636186203230983
3.5,ribEGC,sfrpEGC,14.901774595613064
3.5,ribEGC,sstIN,0.0
3.5,ribEGC,tlNBL,0.0
3.5,ribEGC,wntEGC,3.13302861996319
3.5,sfrpEGC,CMPN,0.1641603419423348
3.5,sfrpEGC,IMN,0.27956329901115606
3.5,sfrpEGC,MCG,0.0008241993813054518
3.5,sfrpEGC,MSN,1.6139946745161649
3.5,sfrpEGC,Unknown,0.0
3.5,sfrpEGC,VLMC,0.06101498387187903
3.5,sfrpEGC,dpEX,0.18185417149101193
3.5,sfrpEGC,mpEX,0.16678107326402802
3.5,sfrpEGC,mpIN,0.0
3.5,sfrpEGC,nptxEX,0.5431743875849663
3.5,sfrpEGC,npyIN,0.0019633445651624235
3.5,sfrpEGC,ntng1IN,0.0
3.5,sfrpEGC,rIPC1,0.0
3.5,sfrpEGC,rIPC2,0.038160817334294564
3.5,sfrpEGC,rIPC4,0.007799704951182528
3.5,sfrpEGC,reaEGC,0.17271879248060976
3.5,sfrpEGC,ribEGC,0.6870362600445502
3.5,sfrpEGC,sfrpEGC,31.90118226404972
3.5,sfrpEGC,sstIN,0.0
3.5,sfrpEGC,tlNBL,0.11712124839700468
3.5,sfrpEGC,wntEGC,3.145786670792763
3.5,sstIN,CMPN,0.0028368888629807364
3.5,sstIN,IMN,0.0
3.5,sstIN,MCG,0.0
3.5,sstIN,MSN,0.0
3.5,sstIN,Unknown,0.0
3.5,sstIN,VLMC,0.013150356985904553
3.5,sstIN,dpEX,0.0093308850708935
3.5,sstIN,mpEX,0.15248078880486665
3.5,sstIN,mpIN,0.0
3.5,sstIN,nptxEX,0.0
3.5,sstIN,npyIN,0.0
3.5,sstIN,ntng1IN,0.0
3.5,sstIN,rIPC1,0.0
3.5,sstIN,rIPC2,0.0
3.5,sstIN,rIPC4,0.0
3.5,sstIN,reaEGC,0.0
3.5,sstIN,ribEGC,0.0
3.5,sstIN,sfrpEGC,0.0
3.5,sstIN,sstIN,0.24862138982172366
3.5,sstIN,tlNBL,0.0
3.5,sstIN,wntEGC,0.06198871218495899
3.5,tlNBL,CMPN,0.10385688831066263
3.5,tlNBL,IMN,0.25453873543903743
3.5,tlNBL,MCG,0.03103648383041908
3.5,tlNBL,MSN,1.4628605390417164
3.5,tlNBL,Unknown,0.0
3.5,tlNBL,VLMC,0.11615796746878788
3.5,tlNBL,dpEX,0.0
3.5,tlNBL,mpEX,0.0
3.5,tlNBL,mpIN,0.0
3.5,tlNBL,nptxEX,0.13777973939632548
3.5,tlNBL,npyIN,0.0
3.5,tlNBL,ntng1IN,0.0
3.5,tlNBL,rIPC1,0.0
3.5,tlNBL,rIPC2,0.0
3.5,tlNBL,rIPC4,0.0
3.5,tlNBL,reaEGC,0.0
3.5,tlNBL,ribEGC,0.12497437411341174
3.5,tlNBL,sfrpEGC,5.424795377871086
3.5,tlNBL,sstIN,0.0
3.5,tlNBL,tlNBL,1.0708640197227741
3.5,tlNBL,wntEGC,0.5194332681853195
3.5,wntEGC,CMPN,0.22466933121115473
3.5,wntEGC,IMN,0.16220506460898096
3.5,wntEGC,MCG,0.08046121801176498
3.5,wntEGC,MSN,0.025718016598735273
3.5,wntEGC,Unknown,0.0
3.5,wntEGC,VLMC,0.06027123837147729
3.5,wntEGC,dpEX,0.309030267738598
3.5,wntEGC,mpEX,0.9282007375832515
3.5,wntEGC,mpIN,0.0
3.5,wntEGC,nptxEX,0.03576298707806274
3.5,wntEGC,npyIN,0.003437526420746085
3.5,wntEGC,ntng1IN,0.0
3.5,wntEGC,rIPC1,0.0
3.5,wntEGC,rIPC2,0.06413992858263672
3.5,wntEGC,rIPC4,0.08362635754289906
3.5,wntEGC,reaEGC,0.5991926229973603
3.5,wntEGC,ribEGC,0.19073846233644176
3.5,wntEGC,sfrpEGC,4.621977968456565
3.5,wntEGC,sstIN,0.015385498526651062
3.5,wntEGC,tlNBL,0.020526962765192582
3.5,wntEGC,wntEGC,16.93506406139704
4.0,CMPN,CMPN,0.0065024475092595475
4.0,CMPN,IMN,0.0
4.0,CMPN,MCG,0.0
4.0,CMPN,MSN,0.0012724026686178063
4.0,CMPN,Unknown,0.0007627472843763963
4.0,CMPN,VLMC,0.0032005326927832837
4.0,CMPN,cckIN,0.0
4.0,CMPN,dpEX,0.0
4.0,CMPN,mpEX,0.0
4.0,CMPN,mpIN,0.0
4.0,CMPN,nptxEX,0.0
4.0,CMPN,npyIN,0.0026473886561843582
4.0,CMPN,ntng1IN,0.0011383729793553083
4.0,CMPN,obNBL,0.0
4.0,CMPN,rIPC4,0.0
4.0,CMPN,scgnIN,0.0
4.0,CMPN,sfrpEGC,0.0010402943446951092
4.0,CMPN,sstIN,0.0
4.0,CMPN,tlNBL,0.04239398559098536
4.0,CMPN,wntEGC,0.24143795366838294
4.0,IMN,CMPN,0.0
4.0,IMN,IMN,0.0036619528522336387
4.0,IMN,MCG,0.015650164628739603
4.0,IMN,MSN,0.007998400748906743
4.0,IMN,Unknown,0.0
4.0,IMN,VLMC,0.014978497493557813
4.0,IMN,cckIN,0.0
4.0,IMN,dpEX,0.0
4.0,IMN,mpEX,0.0
4.0,IMN,mpIN,0.0
4.0,IMN,nptxEX,0.0
4.0,IMN,npyIN,0.0
4.0,IMN,ntng1IN,0.0
4.0,IMN,obNBL,0.0
4.0,IMN,rIPC4,0.0347729651585504
4.0,IMN,scgnIN,0.0
4.0,IMN,sfrpEGC,0.02804892609112954
4.0,IMN,sstIN,0.0
4.0,IMN,tlNBL,0.2535650200313992
4.0,IMN,wntEGC,0.18203773375772203
4.0,MCG,CMPN,0.006399017288571313
4.0,MCG,IMN,0.008005431720188685
4.0,MCG,MCG,1.2890765678314935
4.0,MCG,MSN,0.0
4.0,MCG,Unknown,0.02286223570505778
4.0,MCG,VLMC,0.1879465693519229
4.0,MCG,cckIN,0.0
4.0,MCG,dpEX,0.029587175732567198
4.0,MCG,mpEX,0.0
4.0,MCG,mpIN,0.0
4.0,MCG,nptxEX,0.009678875832330612
4.0,MCG,npyIN,0.0
4.0,MCG,ntng1IN,0.0
4.0,MCG,obNBL,0.0
4.0,MCG,rIPC4,3.3078987530299595
4.0,MCG,scgnIN,0.0
4.0,MCG,sfrpEGC,0.08945143790472121
4.0,MCG,sstIN,0.0
4.0,MCG,tlNBL,0.8339055986631484
4.0,MCG,wntEGC,2.4632359141395206
4.0,MSN,CMPN,0.00031495182401690717
4.0,MSN,IMN,0.002879052490182327
4.0,MSN,MCG,0.0
4.0,MSN,MSN,0.00042414456826167193
4.0,MSN,Unknown,0.0004358622348735521
4.0,MSN,VLMC,0.0008046713622203261
4.0,MSN,cckIN,0.0
4.0,MSN,dpEX,0.0
4.0,MSN,mpEX,0.0
4.0,MSN,mpIN,0.0
4.0,MSN,nptxEX,0.0002335452809802777
4.0,MSN,npyIN,0.0
4.0,MSN,ntng1IN,0.0
4.0,MSN,obNBL,0.0
4.0,MSN,rIPC4,0.0
4.0,MSN,scgnIN,0.0
4.0,MSN,sfrpEGC,0.029630617213696496
4.0,MSN,sstIN,0.0
4.0,MSN,tlNBL,0.025127996176464305
4.0,MSN,wntEGC,0.0061274668315108895
4.0,Unknown,CMPN,0.0
4.0,Unknown,IMN,0.0
4.0,Unknown,MCG,0.03308272659778595
4.0,Unknown,MSN,0.0
4.0,Unknown,Unknown,0.17622110247612
4.0,Unknown,VLMC,0.0
4.0,Unknown,cckIN,0.0
4.0,Unknown,dpEX,0.0
4.0,Unknown,mpEX,0.0
4.0,Unknown,mpIN,0.0
4.0,Unknown,nptxEX,0.0
4.0,Unknown,npyIN,0.0
4.0,Unknown,ntng1IN,0.0
4.0,Unknown,obNBL,0.0
4.0,Unknown,rIPC4,0.07458291947841644
4.0,Unknown,scgnIN,0.0
4.0,Unknown,sfrpEGC,0.3817987784743309
4.0,Unknown,sstIN,0.0
4.0,Unknown,tlNBL,0.2954650104045868
4.0,Unknown,wntEGC,0.894667986035347
4.0,VLMC,CMPN,0.0017936611494232463
4.0,VLMC,IMN,0.006371523431270798
4.0,VLMC,MCG,0.0204088209853696
4.0,VLMC,MSN,0.00031164391881468667
4.0,VLMC,Unknown,0.0
4.0,VLMC,VLMC,0.49572638563294974
4.0,VLMC,cckIN,0.0
4.0,VLMC,dpEX,0.0
4.0,VLMC,mpEX,0.003147890802063694
4.0,VLMC,mpIN,0.002376520909325925
4.0,VLMC,nptxEX,0.0011022944067943991
4.0,VLMC,npyIN,0.0
4.0,VLMC,ntng1IN,0.0012142299055364091
4.0,VLMC,obNBL,0.0022029948092437204
4.0,VLMC,rIPC4,0.024063744253850397
4.0,VLMC,scgnIN,0.0011642809332795226
4.0,VLMC,sfrpEGC,0.1369294867436321
4.0,VLMC,sstIN,0.002351281227748518
4.0,VLMC,tlNBL,0.15456144326511836
4.0,VLMC,wntEGC,0.10893344043651758
4.0,cckIN,CMPN,0.0
4.0,cckIN,IMN,0.0
4.0,cckIN,MCG,0.0
4.0,cckIN,MSN,0.0025418678451986873
4.0,cckIN,Unknown,0.0
4.0,cckIN,VLMC,0.0008914572351119098
4.0,cckIN,cckIN,0.004714090052772971
4.0,cckIN,dpEX,0.0
4.0,cckIN,mpEX,0.0
4.0,cckIN,mpIN,0.0
4.0,cckIN,nptxEX,0.0
4.0,cckIN,npyIN,0.0
4.0,cckIN,ntng1IN,0.0008630164931802189
4.0,cckIN,obNBL,0.0
4.0,cckIN,rIPC4,0.0
4.0,cckIN,scgnIN,0.0
4.0,cckIN,sfrpEGC,0.0
4.0,cckIN,sstIN,0.0
4.0,cckIN,tlNBL,0.02222372938604916
4.0,cckIN,wntEGC,0.0
4.0,dpEX,CMPN,0.0
4.0,dpEX,IMN,0.0
4.0,dpEX,MCG,0.0048371895482040355
4.0,dpEX,MSN,0.0
4.0,dpEX,Unknown,0.0
4.0,dpEX,VLMC,0.0
4.0,dpEX,cckIN,0.0
4.0,dpEX,dpEX,0.0
4.0,dpEX,mpEX,0.0
4.0,dpEX,mpIN,0.0
4.0,dpEX,nptxEX,0.0
4.0,dpEX,npyIN,0.0
4.0,dpEX,ntng1IN,0.0
4.0,dpEX,obNBL,0.0
4.0,dpEX,rIPC4,0.0
4.0,dpEX,scgnIN,0.0
4.0,dpEX,sfrpEGC,0.0
4.0,dpEX,sstIN,0.0
4.0,dpEX,tlNBL,0.001226571007692527
4.0,dpEX,wntEGC,0.2232747791763843
4.0,mpEX,CMPN,0.0
4.0,mpEX,IMN,0.0
4.0,mpEX,MCG,0.0
4.0,mpEX,MSN,0.0
4.0,mpEX,Unknown,0.0
4.0,mpEX,VLMC,0.00622256667922236
4.0,mpEX,cckIN,0.0
4.0,mpEX,dpEX,0.0
4.0,mpEX,mpEX,0.026946855576823997
4.0,mpEX,mpIN,0.0030342896961238347
4.0,mpEX,nptxEX,0.0002919456642334194
4.0,mpEX,npyIN,0.0011976399465338317
4.0,mpEX,ntng1IN,0.0
4.0,mpEX,obNBL,0.0
4.0,mpEX,rIPC4,0.0
4.0,mpEX,scgnIN,0.0
4.0,mpEX,sfrpEGC,0.0
4.0,mpEX,sstIN,0.0014998390418168336
4.0,mpEX,tlNBL,0.0012371604175262102
4.0,mpEX,wntEGC,0.24579571845602388
4.0,mpIN,CMPN,0.0
4.0,mpIN,IMN,0.0
4.0,mpIN,MCG,0.0
4.0,mpIN,MSN,0.0
4.0,mpIN,Unknown,0.0
4.0,mpIN,VLMC,0.0
4.0,mpIN,cckIN,0.0
4.0,mpIN,dpEX,0.0025335609912872314
4.0,mpIN,mpEX,0.04522564729054769
4.0,mpIN,mpIN,0.04721522609392802
4.0,mpIN,nptxEX,0.0
4.0,mpIN,npyIN,0.010368654727935791
4.0,mpIN,ntng1IN,0.0
4.0,mpIN,obNBL,0.0
4.0,mpIN,rIPC4,0.0
4.0,mpIN,scgnIN,0.0
4.0,mpIN,sfrpEGC,0.0
4.0,mpIN,sstIN,0.004022411505381266
4.0,mpIN,tlNBL,0.02882311741511027
4.0,mpIN,wntEGC,1.410826766093572
4.0,nptxEX,CMPN,0.0
4.0,nptxEX,IMN,0.0008831921154246062
4.0,nptxEX,MCG,0.000489953240438895
4.0,nptxEX,MSN,0.0005831201093995484
4.0,nptxEX,Unknown,0.0
4.0,nptxEX,VLMC,0.0004400876885812848
4.0,nptxEX,cckIN,0.0
4.0,nptxEX,dpEX,0.0
4.0,nptxEX,mpEX,0.0
4.0,nptxEX,mpIN,0.0
4.0,nptxEX,nptxEX,0.003842284779968355
4.0,nptxEX,npyIN,0.0
4.0,nptxEX,ntng1IN,0.0
4.0,nptxEX,obNBL,0.0
4.0,nptxEX,rIPC4,0.008147678121669368
4.0,nptxEX,scgnIN,0.0
4.0,nptxEX,sfrpEGC,0.0014693957086297294
4.0,nptxEX,sstIN,0.0
4.0,nptxEX,tlNBL,0.07339873516472162
4.0,nptxEX,wntEGC,0.08410512548495622
4.0,npyIN,CMPN,0.008984241243136131
4.0,npyIN,IMN,0.0
4.0,npyIN,MCG,0.0
4.0,npyIN,MSN,0.0
4.0,npyIN,Unknown,0.0
4.0,npyIN,VLMC,0.0
4.0,npyIN,cckIN,0.0
4.0,npyIN,dpEX,0.0
4.0,npyIN,mpEX,0.001531046123827918
4.0,npyIN,mpIN,0.0038856263888084283
4.0,npyIN,nptxEX,0.0
4.0,npyIN,npyIN,0.01633845557600765
4.0,npyIN,ntng1IN,0.0
4.0,npyIN,obNBL,0.0
4.0,npyIN,rIPC4,0.0
4.0,npyIN,scgnIN,0.0
4.0,npyIN,sfrpEGC,0.0
4.0,npyIN,sstIN,0.0
4.0,npyIN,tlNBL,0.02091861842042309
4.0,npyIN,wntEGC,0.2800238316341982
4.0,ntng1IN,CMPN,0.0
4.0,ntng1IN,IMN,0.0
4.0,ntng1IN,MCG,0.0
4.0,ntng1IN,MSN,0.0
4.0,ntng1IN,Unknown,0.0
4.0,ntng1IN,VLMC,0.005804150995582041
4.0,ntng1IN,cckIN,0.0
4.0,ntng1IN,dpEX,0.0
4.0,ntng1IN,mpEX,0.0
4.0,ntng1IN,mpIN,0.0
4.0,ntng1IN,nptxEX,0.0
4.0,ntng1IN,npyIN,0.0
4.0,ntng1IN,ntng1IN,0.01407547520868706
4.0,ntng1IN,obNBL,0.0
4.0,ntng1IN,rIPC4,0.0
4.0,ntng1IN,scgnIN,0.0
4.0,ntng1IN,sfrpEGC,0.0
4.0,ntng1IN,sstIN,0.0
4.0,ntng1IN,tlNBL,0.0
4.0,ntng1IN,wntEGC,0.006230294403403697
4.0,obNBL,CMPN,0.0
4.0,obNBL,IMN,0.0
4.0,obNBL,MCG,0.0
4.0,obNBL,MSN,0.0033916885781491925
4.0,obNBL,Unknown,0.0
4.0,obNBL,VLMC,0.001141357116210155
4.0,obNBL,cckIN,0.0
4.0,obNBL,dpEX,0.0
4.0,obNBL,mpEX,0.0
4.0,obNBL,mpIN,0.0
4.0,obNBL,nptxEX,0.0
4.0,obNBL,npyIN,0.0
4.0,obNBL,ntng1IN,0.0
4.0,obNBL,obNBL,0.012610189935081026
4.0,obNBL,rIPC4,0.0
4.0,obNBL,scgnIN,0.0
4.0,obNBL,sfrpEGC,0.0
4.0,obNBL,sstIN,0.0
4.0,obNBL,tlNBL,0.0
4.0,obNBL,wntEGC,0.0
4.0,rIPC4,CMPN,0.0
4.0,rIPC4,IMN,0.0
4.0,rIPC4,MCG,0.29955786863248124
4.0,rIPC4,MSN,0.0
4.0,rIPC4,Unknown,0.0
4.0,rIPC4,VLMC,0.020828208370174437
4.0,rIPC4,cckIN,0.0
4.0,rIPC4,dpEX,0.0
4.0,rIPC4,mpEX,0.0
4.0,rIPC4,mpIN,0.0
4.0,rIPC4,nptxEX,0.003876476407908707
4.0,rIPC4,npyIN,0.0
4.0,rIPC4,ntng1IN,0.0
4.0,rIPC4,obNBL,0.0
4.0,rIPC4,rIPC4,1.1662740054533636
4.0,rIPC4,scgnIN,0.0
4.0,rIPC4,sfrpEGC,0.05523648257735822
4.0,rIPC4,sstIN,0.0
4.0,rIPC4,tlNBL,0.8363080206963656
4.0,rIPC4,wntEGC,0.8269313507071501
4.0,scgnIN,CMPN,0.0
4.0,scgnIN,IMN,0.0
4.0,scgnIN,MCG,0.0
4.0,scgnIN,MSN,0.0
4.0,scgnIN,Unknown,0.0
4.0,scgnIN,VLMC,0.0013324733554702444
4.0,scgnIN,cckIN,0.0
4.0,scgnIN,dpEX,0.0
4.0,scgnIN,mpEX,0.0
4.0,scgnIN,mpIN,0.0
4.0,scgnIN,nptxEX,0.0
4.0,scgnIN,npyIN,0.0
4.0,scgnIN,ntng1IN,0.007726071728873499
4.0,scgnIN,obNBL,0.0
4.0,scgnIN,rIPC4,0.0
4.0,scgnIN,scgnIN,0.004748843687096822
4.0,scgnIN,sfrpEGC,0.0
4.0,scgnIN,sstIN,0.0
4.0,scgnIN,tlNBL,0.0
4.0,scgnIN,wntEGC,0.0
4.0,sfrpEGC,CMPN,0.0
4.0,sfrpEGC,IMN,0.005059458027961346
4.0,sfrpEGC,MCG,0.007498901038919783
4.0,sfrpEGC,MSN,0.027986850865870626
4.0,sfrpEGC,Unknown,0.021655924596135624
4.0,sfrpEGC,VLMC,0.4517891559119748
4.0,sfrpEGC,cckIN,0.0
4.0,sfrpEGC,dpEX,0.0
4.0,sfrpEGC,mpEX,0.0
4.0,sfrpEGC,mpIN,0.0
4.0,sfrpEGC,nptxEX,0.0
4.0,sfrpEGC,npyIN,0.0
4.0,sfrpEGC,ntng1IN,0.0
4.0,sfrpEGC,obNBL,0.0
4.0,sfrpEGC,rIPC4,0.03971972981970812
4.0,sfrpEGC,scgnIN,0.0
4.0,sfrpEGC,sfrpEGC,24.96742336350308
4.0,sfrpEGC,sstIN,0.0
4.0,sfrpEGC,tlNBL,8.214851827932748
4.0,sfrpEGC,wntEGC,1.0656966268131924
4.0,sstIN,CMPN,0.002936410467799117
4.0,sstIN,IMN,0.0
4.0,sstIN,MCG,0.0
4.0,sstIN,MSN,0.0
4.0,sstIN,Unknown,0.0
4.0,sstIN,VLMC,0.023203275370888593
4.0,sstIN,cckIN,0.010975595775658523
4.0,sstIN,dpEX,0.002740145214204866
4.0,sstIN,mpEX,0.053888445492924715
4.0,sstIN,mpIN,0.0010076298461696965
4.0,sstIN,nptxEX,0.007804628067869481
4.0,sstIN,npyIN,0.0026545832312204003
4.0,sstIN,ntng1IN,0.003657124997154484
4.0,sstIN,obNBL,0.0
4.0,sstIN,rIPC4,0.0
4.0,sstIN,scgnIN,0.0
4.0,sstIN,sfrpEGC,0.0
4.0,sstIN,sstIN,0.030396586632340905
4.0,sstIN,tlNBL,0.0
4.0,sstIN,wntEGC,0.017839397114466846
4.0,tlNBL,CMPN,0.009031817285100704
4.0,tlNBL,IMN,0.01505585828480935
4.0,tlNBL,MCG,0.07225453962095289
4.0,tlNBL,MSN,0.006295214756142659
4.0,tlNBL,Unknown,0.009347120176290802
4.0,tlNBL,VLMC,0.14897236432202113
4.0,tlNBL,cckIN,0.0015702458214198241
4.0,tlNBL,dpEX,0.0
4.0,tlNBL,mpEX,0.0
4.0,tlNBL,mpIN,0.005984873409189555
4.0,tlNBL,nptxEX,0.008441651148254917
4.0,tlNBL,npyIN,0.0019852397783920645
4.0,tlNBL,ntng1IN,0.0
4.0,tlNBL,obNBL,0.0
4.0,tlNBL,rIPC4,0.49894741681709537
4.0,tlNBL,scgnIN,0.0
4.0,tlNBL,sfrpEGC,3.3578488282396655
4.0,tlNBL,sstIN,0.0
4.0,tlNBL,tlNBL,9.3912085095935
4.0,tlNBL,wntEGC,3.552144773830949
4.0,wntEGC,CMPN,0.07215898403944063
4.0,wntEGC,IMN,0.03789800590227458
4.0,wntEGC,MCG,0.1930758595959214
4.0,wntEGC,MSN,0.004136240617795424
4.0,wntEGC,Unknown,0.030477899288343005
4.0,wntEGC,VLMC,0.06515433977950703
4.0,wntEGC,cckIN,0.0
4.0,wntEGC,dpEX,0.06468473344056075
4.0,wntEGC,mpEX,0.08273978198855376
4.0,wntEGC,mpIN,0.1756694981874513
4.0,wntEGC,nptxEX,0.010777621599268322
4.0,wntEGC,npyIN,0.03772100153540777
4.0,wntEGC,ntng1IN,0.0
4.0,wntEGC,obNBL,0.0
4.0,wntEGC,rIPC4,0.49290818480913307
4.0,wntEGC,scgnIN,0.0
4.0,wntEGC,sfrpEGC,0.3794282858898817
4.0,wntEGC,sstIN,0.001501659347006112
4.0,wntEGC,tlNBL,2.792485319720812
4.0,wntEGC,wntEGC,34.085972501132886
