dataset,target,method,space,sliced_w2,projection_sd,n_projection_repeats,input_manifest_sha256,display_name,source_role,source_file_sha256
zebrafish,1,CytoBridge-0.015,joint,0.05831315763062528,0.0008955937426602611,5,3b9335b83452097eabdef6922f88bba547208228e60a4dfe825e23ec48f5caf7,CytoBridge,frozen_unaffected_formal_evaluation,d4c945c7663d69ed8d5eb51d65df4b3821081378f87b95f9f87f8134b961c5d5
zebrafish,1,CytoBridge-0.015,state,0.0565339432202346,0.0014358733976434152,5,3b9335b83452097eabdef6922f88bba547208228e60a4dfe825e23ec48f5caf7,CytoBridge,frozen_unaffected_formal_evaluation,d4c945c7663d69ed8d5eb51d65df4b3821081378f87b95f9f87f8134b961c5d5
zebrafish,1,CytoBridge-0.015,spatial,0.049453693154834596,0.0001805544858647907,5,3b9335b83452097eabdef6922f88bba547208228e60a4dfe825e23ec48f5caf7,CytoBridge,frozen_unaffected_formal_evaluation,d4c945c7663d69ed8d5eb51d65df4b3821081378f87b95f9f87f8134b961c5d5
zebrafish,1,stvcr,joint,0.1104480398524635,0.0008249801461196087,5,3b9335b83452097eabdef6922f88bba547208228e60a4dfe825e23ec48f5caf7,stVCR,frozen_unaffected_formal_evaluation,d4c945c7663d69ed8d5eb51d65df4b3821081378f87b95f9f87f8134b961c5d5
zebrafish,1,stvcr,state,0.10645096309188655,0.0013416706860635416,5,3b9335b83452097eabdef6922f88bba547208228e60a4dfe825e23ec48f5caf7,stVCR,frozen_unaffected_formal_evaluation,d4c945c7663d69ed8d5eb51d65df4b3821081378f87b95f9f87f8134b961c5d5
zebrafish,1,stvcr,spatial,0.18977452600008574,0.0008015071003588193,5,3b9335b83452097eabdef6922f88bba547208228e60a4dfe825e23ec48f5caf7,stVCR,frozen_unaffected_formal_evaluation,d4c945c7663d69ed8d5eb51d65df4b3821081378f87b95f9f87f8134b961c5d5
zebrafish,1,moscot,joint,0.08230400630517758,0.0004877749680463999,5,3b9335b83452097eabdef6922f88bba547208228e60a4dfe825e23ec48f5caf7,MOSCOT,frozen_unaffected_formal_evaluation,d4c945c7663d69ed8d5eb51d65df4b3821081378f87b95f9f87f8134b961c5d5
zebrafish,1,moscot,state,0.08530478752428872,0.001299661293549732,5,3b9335b83452097eabdef6922f88bba547208228e60a4dfe825e23ec48f5caf7,MOSCOT,frozen_unaffected_formal_evaluation,d4c945c7663d69ed8d5eb51d65df4b3821081378f87b95f9f87f8134b961c5d5
zebrafish,1,moscot,spatial,0.0847153398883314,0.00030275510357831545,5,3b9335b83452097eabdef6922f88bba547208228e60a4dfe825e23ec48f5caf7,MOSCOT,frozen_unaffected_formal_evaluation,d4c945c7663d69ed8d5eb51d65df4b3821081378f87b95f9f87f8134b961c5d5
zebrafish,1,paste,joint,0.07758394403929134,0.0005784639015377186,5,3b9335b83452097eabdef6922f88bba547208228e60a4dfe825e23ec48f5caf7,PASTE,frozen_unaffected_formal_evaluation,d4c945c7663d69ed8d5eb51d65df4b3821081378f87b95f9f87f8134b961c5d5
zebrafish,1,paste,state,0.06952751664098508,0.0014647725651496496,5,3b9335b83452097eabdef6922f88bba547208228e60a4dfe825e23ec48f5caf7,PASTE,frozen_unaffected_formal_evaluation,d4c945c7663d69ed8d5eb51d65df4b3821081378f87b95f9f87f8134b961c5d5
zebrafish,1,paste,spatial,0.2095558599305038,0.0005922216102140246,5,3b9335b83452097eabdef6922f88bba547208228e60a4dfe825e23ec48f5caf7,PASTE,frozen_unaffected_formal_evaluation,d4c945c7663d69ed8d5eb51d65df4b3821081378f87b95f9f87f8134b961c5d5
zebrafish,1,spateo,joint,0.0941852166404225,0.000617032960652872,5,3b9335b83452097eabdef6922f88bba547208228e60a4dfe825e23ec48f5caf7,Spateo,frozen_unaffected_formal_evaluation,d4c945c7663d69ed8d5eb51d65df4b3821081378f87b95f9f87f8134b961c5d5
zebrafish,1,spateo,state,0.09549218369249594,0.001243766881663427,5,3b9335b83452097eabdef6922f88bba547208228e60a4dfe825e23ec48f5caf7,Spateo,frozen_unaffected_formal_evaluation,d4c945c7663d69ed8d5eb51d65df4b3821081378f87b95f9f87f8134b961c5d5
zebrafish,1,spateo,spatial,0.1681513412923871,0.0017270903420247648,5,3b9335b83452097eabdef6922f88bba547208228e60a4dfe825e23ec48f5caf7,Spateo,frozen_unaffected_formal_evaluation,d4c945c7663d69ed8d5eb51d65df4b3821081378f87b95f9f87f8134b961c5d5
zebrafish,1,random_independent_pairs,joint,0.08095598346063751,0.0006278540286208695,5,3b9335b83452097eabdef6922f88bba547208228e60a4dfe825e23ec48f5caf7,Random interpolation,frozen_unaffected_formal_evaluation,d4c945c7663d69ed8d5eb51d65df4b3821081378f87b95f9f87f8134b961c5d5
zebrafish,1,random_independent_pairs,state,0.0754987502859784,0.001413344630385116,5,3b9335b83452097eabdef6922f88bba547208228e60a4dfe825e23ec48f5caf7,Random interpolation,frozen_unaffected_formal_evaluation,d4c945c7663d69ed8d5eb51d65df4b3821081378f87b95f9f87f8134b961c5d5
zebrafish,1,random_independent_pairs,spatial,0.17808305623934045,0.00044142823708716327,5,3b9335b83452097eabdef6922f88bba547208228e60a4dfe825e23ec48f5caf7,Random interpolation,frozen_unaffected_formal_evaluation,d4c945c7663d69ed8d5eb51d65df4b3821081378f87b95f9f87f8134b961c5d5
zebrafish,1,mioflow,state,0.07803817160474787,0.0009285463062450307,5,3b9335b83452097eabdef6922f88bba547208228e60a4dfe825e23ec48f5caf7,MIOFlow,frozen_unaffected_formal_evaluation,d4c945c7663d69ed8d5eb51d65df4b3821081378f87b95f9f87f8134b961c5d5
zebrafish,1,stories,state,0.09089792974050308,0.0012147869223468712,5,3b9335b83452097eabdef6922f88bba547208228e60a4dfe825e23ec48f5caf7,STORIES,frozen_unaffected_formal_evaluation,d4c945c7663d69ed8d5eb51d65df4b3821081378f87b95f9f87f8134b961c5d5
zebrafish,1,wot,state,0.08481758168003428,0.00131016862368051,5,3b9335b83452097eabdef6922f88bba547208228e60a4dfe825e23ec48f5caf7,Waddington-OT,frozen_unaffected_formal_evaluation,d4c945c7663d69ed8d5eb51d65df4b3821081378f87b95f9f87f8134b961c5d5
zebrafish,2,CytoBridge-0.015,joint,0.056431085188384675,0.0007314269862939093,5,3b9335b83452097eabdef6922f88bba547208228e60a4dfe825e23ec48f5caf7,CytoBridge,frozen_unaffected_formal_evaluation,d4c945c7663d69ed8d5eb51d65df4b3821081378f87b95f9f87f8134b961c5d5
zebrafish,2,CytoBridge-0.015,state,0.05685619320726536,0.0018801112972920597,5,3b9335b83452097eabdef6922f88bba547208228e60a4dfe825e23ec48f5caf7,CytoBridge,frozen_unaffected_formal_evaluation,d4c945c7663d69ed8d5eb51d65df4b3821081378f87b95f9f87f8134b961c5d5
zebrafish,2,CytoBridge-0.015,spatial,0.0440712003259938,0.00023535647234461157,5,3b9335b83452097eabdef6922f88bba547208228e60a4dfe825e23ec48f5caf7,CytoBridge,frozen_unaffected_formal_evaluation,d4c945c7663d69ed8d5eb51d65df4b3821081378f87b95f9f87f8134b961c5d5
zebrafish,2,stvcr,joint,0.12477104314165857,0.002006806705704571,5,3b9335b83452097eabdef6922f88bba547208228e60a4dfe825e23ec48f5caf7,stVCR,frozen_unaffected_formal_evaluation,d4c945c7663d69ed8d5eb51d65df4b3821081378f87b95f9f87f8134b961c5d5
zebrafish,2,stvcr,state,0.11638352442895825,0.002765086355560229,5,3b9335b83452097eabdef6922f88bba547208228e60a4dfe825e23ec48f5caf7,stVCR,frozen_unaffected_formal_evaluation,d4c945c7663d69ed8d5eb51d65df4b3821081378f87b95f9f87f8134b961c5d5
zebrafish,2,stvcr,spatial,0.2998430164368569,0.003609411110224537,5,3b9335b83452097eabdef6922f88bba547208228e60a4dfe825e23ec48f5caf7,stVCR,frozen_unaffected_formal_evaluation,d4c945c7663d69ed8d5eb51d65df4b3821081378f87b95f9f87f8134b961c5d5
zebrafish,2,moscot,joint,0.07898426802547508,0.0010204026433908548,5,3b9335b83452097eabdef6922f88bba547208228e60a4dfe825e23ec48f5caf7,MOSCOT,frozen_unaffected_formal_evaluation,d4c945c7663d69ed8d5eb51d65df4b3821081378f87b95f9f87f8134b961c5d5
zebrafish,2,moscot,state,0.08733374059965651,0.00042154316519321867,5,3b9335b83452097eabdef6922f88bba547208228e60a4dfe825e23ec48f5caf7,MOSCOT,frozen_unaffected_formal_evaluation,d4c945c7663d69ed8d5eb51d65df4b3821081378f87b95f9f87f8134b961c5d5
zebrafish,2,moscot,spatial,0.05652428961976308,0.00042426798267608285,5,3b9335b83452097eabdef6922f88bba547208228e60a4dfe825e23ec48f5caf7,MOSCOT,frozen_unaffected_formal_evaluation,d4c945c7663d69ed8d5eb51d65df4b3821081378f87b95f9f87f8134b961c5d5
zebrafish,2,paste,joint,0.06870323785872325,0.0006586867777606786,5,3b9335b83452097eabdef6922f88bba547208228e60a4dfe825e23ec48f5caf7,PASTE,frozen_unaffected_formal_evaluation,d4c945c7663d69ed8d5eb51d65df4b3821081378f87b95f9f87f8134b961c5d5
zebrafish,2,paste,state,0.06746493985020842,0.0005296105293416222,5,3b9335b83452097eabdef6922f88bba547208228e60a4dfe825e23ec48f5caf7,PASTE,frozen_unaffected_formal_evaluation,d4c945c7663d69ed8d5eb51d65df4b3821081378f87b95f9f87f8134b961c5d5
zebrafish,2,paste,spatial,0.11313126393512926,0.0005270788667975384,5,3b9335b83452097eabdef6922f88bba547208228e60a4dfe825e23ec48f5caf7,PASTE,frozen_unaffected_formal_evaluation,d4c945c7663d69ed8d5eb51d65df4b3821081378f87b95f9f87f8134b961c5d5
zebrafish,2,spateo,joint,0.08541812571216538,0.0009592080110295851,5,3b9335b83452097eabdef6922f88bba547208228e60a4dfe825e23ec48f5caf7,Spateo,frozen_unaffected_formal_evaluation,d4c945c7663d69ed8d5eb51d65df4b3821081378f87b95f9f87f8134b961c5d5
zebrafish,2,spateo,state,0.09035861000161557,0.0002900221627013549,5,3b9335b83452097eabdef6922f88bba547208228e60a4dfe825e23ec48f5caf7,Spateo,frozen_unaffected_formal_evaluation,d4c945c7663d69ed8d5eb51d65df4b3821081378f87b95f9f87f8134b961c5d5
zebrafish,2,spateo,spatial,0.13475455354736604,0.002047289835481605,5,3b9335b83452097eabdef6922f88bba547208228e60a4dfe825e23ec48f5caf7,Spateo,frozen_unaffected_formal_evaluation,d4c945c7663d69ed8d5eb51d65df4b3821081378f87b95f9f87f8134b961c5d5
zebrafish,2,random_independent_pairs,joint,0.0852250201391158,0.0005377505844944746,5,3b9335b83452097eabdef6922f88bba547208228e60a4dfe825e23ec48f5caf7,Random interpolation,frozen_unaffected_formal_evaluation,d4c945c7663d69ed8d5eb51d65df4b3821081378f87b95f9f87f8134b961c5d5
zebrafish,2,random_independent_pairs,state,0.08070601180820317,0.0004917078969639228,5,3b9335b83452097eabdef6922f88bba547208228e60a4dfe825e23ec48f5caf7,Random interpolation,frozen_unaffected_formal_evaluation,d4c945c7663d69ed8d5eb51d65df4b3821081378f87b95f9f87f8134b961c5d5
zebrafish,2,random_independent_pairs,spatial,0.1817510143637454,0.00018854205292921785,5,3b9335b83452097eabdef6922f88bba547208228e60a4dfe825e23ec48f5caf7,Random interpolation,frozen_unaffected_formal_evaluation,d4c945c7663d69ed8d5eb51d65df4b3821081378f87b95f9f87f8134b961c5d5
zebrafish,2,mioflow,state,0.08608800615064896,0.0004136375927640429,5,3b9335b83452097eabdef6922f88bba547208228e60a4dfe825e23ec48f5caf7,MIOFlow,frozen_unaffected_formal_evaluation,d4c945c7663d69ed8d5eb51d65df4b3821081378f87b95f9f87f8134b961c5d5
zebrafish,2,stories,state,0.08829371221007214,0.000398307358586928,5,3b9335b83452097eabdef6922f88bba547208228e60a4dfe825e23ec48f5caf7,STORIES,frozen_unaffected_formal_evaluation,d4c945c7663d69ed8d5eb51d65df4b3821081378f87b95f9f87f8134b961c5d5
zebrafish,2,wot,state,0.0840103250601117,0.0003709798460626525,5,3b9335b83452097eabdef6922f88bba547208228e60a4dfe825e23ec48f5caf7,Waddington-OT,frozen_unaffected_formal_evaluation,d4c945c7663d69ed8d5eb51d65df4b3821081378f87b95f9f87f8134b961c5d5
zebrafish,3,CytoBridge-0.015,joint,0.061056142794240056,0.0005485193972303583,5,3b9335b83452097eabdef6922f88bba547208228e60a4dfe825e23ec48f5caf7,CytoBridge,frozen_unaffected_formal_evaluation,d4c945c7663d69ed8d5eb51d65df4b3821081378f87b95f9f87f8134b961c5d5
zebrafish,3,CytoBridge-0.015,state,0.06231106914135408,0.000543095308920214,5,3b9335b83452097eabdef6922f88bba547208228e60a4dfe825e23ec48f5caf7,CytoBridge,frozen_unaffected_formal_evaluation,d4c945c7663d69ed8d5eb51d65df4b3821081378f87b95f9f87f8134b961c5d5
zebrafish,3,CytoBridge-0.015,spatial,0.05873256087900562,0.0003841997895703599,5,3b9335b83452097eabdef6922f88bba547208228e60a4dfe825e23ec48f5caf7,CytoBridge,frozen_unaffected_formal_evaluation,d4c945c7663d69ed8d5eb51d65df4b3821081378f87b95f9f87f8134b961c5d5
zebrafish,3,stvcr,joint,0.07088266722818208,0.000646845071810132,5,3b9335b83452097eabdef6922f88bba547208228e60a4dfe825e23ec48f5caf7,stVCR,frozen_unaffected_formal_evaluation,d4c945c7663d69ed8d5eb51d65df4b3821081378f87b95f9f87f8134b961c5d5
zebrafish,3,stvcr,state,0.07126364246681867,0.0004578382767481197,5,3b9335b83452097eabdef6922f88bba547208228e60a4dfe825e23ec48f5caf7,stVCR,frozen_unaffected_formal_evaluation,d4c945c7663d69ed8d5eb51d65df4b3821081378f87b95f9f87f8134b961c5d5
zebrafish,3,stvcr,spatial,0.13411448479103139,0.0012091783874767052,5,3b9335b83452097eabdef6922f88bba547208228e60a4dfe825e23ec48f5caf7,stVCR,frozen_unaffected_formal_evaluation,d4c945c7663d69ed8d5eb51d65df4b3821081378f87b95f9f87f8134b961c5d5
zebrafish,3,moscot,joint,0.04577189379160804,0.000708840657498028,5,3b9335b83452097eabdef6922f88bba547208228e60a4dfe825e23ec48f5caf7,MOSCOT,frozen_unaffected_formal_evaluation,d4c945c7663d69ed8d5eb51d65df4b3821081378f87b95f9f87f8134b961c5d5
zebrafish,3,moscot,state,0.04856006709094512,0.0002279367535040788,5,3b9335b83452097eabdef6922f88bba547208228e60a4dfe825e23ec48f5caf7,MOSCOT,frozen_unaffected_formal_evaluation,d4c945c7663d69ed8d5eb51d65df4b3821081378f87b95f9f87f8134b961c5d5
zebrafish,3,moscot,spatial,0.09471069727356243,0.0007040334386979334,5,3b9335b83452097eabdef6922f88bba547208228e60a4dfe825e23ec48f5caf7,MOSCOT,frozen_unaffected_formal_evaluation,d4c945c7663d69ed8d5eb51d65df4b3821081378f87b95f9f87f8134b961c5d5
zebrafish,3,paste,joint,0.04186947799001108,0.0007268355282389345,5,3b9335b83452097eabdef6922f88bba547208228e60a4dfe825e23ec48f5caf7,PASTE,frozen_unaffected_formal_evaluation,d4c945c7663d69ed8d5eb51d65df4b3821081378f87b95f9f87f8134b961c5d5
zebrafish,3,paste,state,0.03920168850275746,0.0003635788296465812,5,3b9335b83452097eabdef6922f88bba547208228e60a4dfe825e23ec48f5caf7,PASTE,frozen_unaffected_formal_evaluation,d4c945c7663d69ed8d5eb51d65df4b3821081378f87b95f9f87f8134b961c5d5
zebrafish,3,paste,spatial,0.09796584510701274,0.0004894622508696231,5,3b9335b83452097eabdef6922f88bba547208228e60a4dfe825e23ec48f5caf7,PASTE,frozen_unaffected_formal_evaluation,d4c945c7663d69ed8d5eb51d65df4b3821081378f87b95f9f87f8134b961c5d5
zebrafish,3,spateo,joint,0.07500340005577191,0.001303316843941918,5,3b9335b83452097eabdef6922f88bba547208228e60a4dfe825e23ec48f5caf7,Spateo,frozen_unaffected_formal_evaluation,d4c945c7663d69ed8d5eb51d65df4b3821081378f87b95f9f87f8134b961c5d5
zebrafish,3,spateo,state,0.04653753547366082,0.00020590296241903883,5,3b9335b83452097eabdef6922f88bba547208228e60a4dfe825e23ec48f5caf7,Spateo,frozen_unaffected_formal_evaluation,d4c945c7663d69ed8d5eb51d65df4b3821081378f87b95f9f87f8134b961c5d5
zebrafish,3,spateo,spatial,0.3025047903992165,0.0026604261842166953,5,3b9335b83452097eabdef6922f88bba547208228e60a4dfe825e23ec48f5caf7,Spateo,frozen_unaffected_formal_evaluation,d4c945c7663d69ed8d5eb51d65df4b3821081378f87b95f9f87f8134b961c5d5
zebrafish,3,random_independent_pairs,joint,0.047911185002062276,0.0007674327577185433,5,3b9335b83452097eabdef6922f88bba547208228e60a4dfe825e23ec48f5caf7,Random interpolation,frozen_unaffected_formal_evaluation,d4c945c7663d69ed8d5eb51d65df4b3821081378f87b95f9f87f8134b961c5d5
zebrafish,3,random_independent_pairs,state,0.04289483738332744,0.00030219576585317667,5,3b9335b83452097eabdef6922f88bba547208228e60a4dfe825e23ec48f5caf7,Random interpolation,frozen_unaffected_formal_evaluation,d4c945c7663d69ed8d5eb51d65df4b3821081378f87b95f9f87f8134b961c5d5
zebrafish,3,random_independent_pairs,spatial,0.1322068160026575,0.0005553374111360286,5,3b9335b83452097eabdef6922f88bba547208228e60a4dfe825e23ec48f5caf7,Random interpolation,frozen_unaffected_formal_evaluation,d4c945c7663d69ed8d5eb51d65df4b3821081378f87b95f9f87f8134b961c5d5
zebrafish,3,mioflow,state,0.04473469706253788,0.00036178341404967184,5,3b9335b83452097eabdef6922f88bba547208228e60a4dfe825e23ec48f5caf7,MIOFlow,frozen_unaffected_formal_evaluation,d4c945c7663d69ed8d5eb51d65df4b3821081378f87b95f9f87f8134b961c5d5
zebrafish,3,stories,state,0.04677271738165404,0.0003212857476467493,5,3b9335b83452097eabdef6922f88bba547208228e60a4dfe825e23ec48f5caf7,STORIES,frozen_unaffected_formal_evaluation,d4c945c7663d69ed8d5eb51d65df4b3821081378f87b95f9f87f8134b961c5d5
zebrafish,3,wot,state,0.04709352260695486,0.0002738245574502003,5,3b9335b83452097eabdef6922f88bba547208228e60a4dfe825e23ec48f5caf7,Waddington-OT,frozen_unaffected_formal_evaluation,d4c945c7663d69ed8d5eb51d65df4b3821081378f87b95f9f87f8134b961c5d5
mosta,1,CytoBridge-0.015,joint,0.05143740291474126,0.0008494246121392041,5,cfcae1667edc50b99ac4906ca1260140324279e36c281bdae86b6fba0ff968d9,CytoBridge,frozen_unaffected_formal_evaluation,432db324680e781cc21de32040136dc109801f10176167f35dcf00560243f4d1
mosta,1,CytoBridge-0.015,state,0.05144806574952167,0.0017612560362374025,5,cfcae1667edc50b99ac4906ca1260140324279e36c281bdae86b6fba0ff968d9,CytoBridge,frozen_unaffected_formal_evaluation,432db324680e781cc21de32040136dc109801f10176167f35dcf00560243f4d1
mosta,1,CytoBridge-0.015,spatial,0.04973698848077734,0.0004247317832341444,5,cfcae1667edc50b99ac4906ca1260140324279e36c281bdae86b6fba0ff968d9,CytoBridge,frozen_unaffected_formal_evaluation,432db324680e781cc21de32040136dc109801f10176167f35dcf00560243f4d1
mosta,1,stvcr,joint,0.047728942072083405,0.0006251379491769006,5,cfcae1667edc50b99ac4906ca1260140324279e36c281bdae86b6fba0ff968d9,stVCR,frozen_unaffected_formal_evaluation,432db324680e781cc21de32040136dc109801f10176167f35dcf00560243f4d1
mosta,1,stvcr,state,0.047040226209862576,0.0008422581787108198,5,cfcae1667edc50b99ac4906ca1260140324279e36c281bdae86b6fba0ff968d9,stVCR,frozen_unaffected_formal_evaluation,432db324680e781cc21de32040136dc109801f10176167f35dcf00560243f4d1
mosta,1,stvcr,spatial,0.082949906724098,0.0005362834444793241,5,cfcae1667edc50b99ac4906ca1260140324279e36c281bdae86b6fba0ff968d9,stVCR,frozen_unaffected_formal_evaluation,432db324680e781cc21de32040136dc109801f10176167f35dcf00560243f4d1
mosta,1,moscot,joint,0.05537664842446784,0.0005946859968833584,5,cfcae1667edc50b99ac4906ca1260140324279e36c281bdae86b6fba0ff968d9,MOSCOT,frozen_unaffected_formal_evaluation,432db324680e781cc21de32040136dc109801f10176167f35dcf00560243f4d1
mosta,1,moscot,state,0.06066365467656341,0.0008499328414162432,5,cfcae1667edc50b99ac4906ca1260140324279e36c281bdae86b6fba0ff968d9,MOSCOT,frozen_unaffected_formal_evaluation,432db324680e781cc21de32040136dc109801f10176167f35dcf00560243f4d1
mosta,1,moscot,spatial,0.04984913557163616,0.0003927633287156894,5,cfcae1667edc50b99ac4906ca1260140324279e36c281bdae86b6fba0ff968d9,MOSCOT,frozen_unaffected_formal_evaluation,432db324680e781cc21de32040136dc109801f10176167f35dcf00560243f4d1
mosta,1,paste,joint,0.04949752171362162,0.0006908848529190925,5,cfcae1667edc50b99ac4906ca1260140324279e36c281bdae86b6fba0ff968d9,PASTE,frozen_unaffected_formal_evaluation,432db324680e781cc21de32040136dc109801f10176167f35dcf00560243f4d1
mosta,1,paste,state,0.04661876366330248,0.001102165880114743,5,cfcae1667edc50b99ac4906ca1260140324279e36c281bdae86b6fba0ff968d9,PASTE,frozen_unaffected_formal_evaluation,432db324680e781cc21de32040136dc109801f10176167f35dcf00560243f4d1
mosta,1,paste,spatial,0.10544777578641829,0.0007124345263063795,5,cfcae1667edc50b99ac4906ca1260140324279e36c281bdae86b6fba0ff968d9,PASTE,frozen_unaffected_formal_evaluation,432db324680e781cc21de32040136dc109801f10176167f35dcf00560243f4d1
mosta,1,spateo,joint,0.06264946590071076,0.0006260618869403179,5,cfcae1667edc50b99ac4906ca1260140324279e36c281bdae86b6fba0ff968d9,Spateo,frozen_unaffected_formal_evaluation,432db324680e781cc21de32040136dc109801f10176167f35dcf00560243f4d1
mosta,1,spateo,state,0.061520856042490676,0.0008258253017271223,5,cfcae1667edc50b99ac4906ca1260140324279e36c281bdae86b6fba0ff968d9,Spateo,frozen_unaffected_formal_evaluation,432db324680e781cc21de32040136dc109801f10176167f35dcf00560243f4d1
mosta,1,spateo,spatial,0.11312091462556657,0.00018541544614796119,5,cfcae1667edc50b99ac4906ca1260140324279e36c281bdae86b6fba0ff968d9,Spateo,frozen_unaffected_formal_evaluation,432db324680e781cc21de32040136dc109801f10176167f35dcf00560243f4d1
mosta,1,random_independent_pairs,joint,0.06410571299827926,0.0007043526546388386,5,cfcae1667edc50b99ac4906ca1260140324279e36c281bdae86b6fba0ff968d9,Random interpolation,frozen_unaffected_formal_evaluation,432db324680e781cc21de32040136dc109801f10176167f35dcf00560243f4d1
mosta,1,random_independent_pairs,state,0.056795591127000424,0.0009016277065786062,5,cfcae1667edc50b99ac4906ca1260140324279e36c281bdae86b6fba0ff968d9,Random interpolation,frozen_unaffected_formal_evaluation,432db324680e781cc21de32040136dc109801f10176167f35dcf00560243f4d1
mosta,1,random_independent_pairs,spatial,0.16943838482958,0.00018171404072412693,5,cfcae1667edc50b99ac4906ca1260140324279e36c281bdae86b6fba0ff968d9,Random interpolation,frozen_unaffected_formal_evaluation,432db324680e781cc21de32040136dc109801f10176167f35dcf00560243f4d1
mosta,1,mioflow,state,0.06942174696726819,0.001621579484990376,5,cfcae1667edc50b99ac4906ca1260140324279e36c281bdae86b6fba0ff968d9,MIOFlow,frozen_unaffected_formal_evaluation,432db324680e781cc21de32040136dc109801f10176167f35dcf00560243f4d1
mosta,1,stories,state,0.056311245060815085,0.0008671749147484424,5,cfcae1667edc50b99ac4906ca1260140324279e36c281bdae86b6fba0ff968d9,STORIES,frozen_unaffected_formal_evaluation,432db324680e781cc21de32040136dc109801f10176167f35dcf00560243f4d1
mosta,1,wot,state,0.0584301502316632,0.0009023866682406168,5,cfcae1667edc50b99ac4906ca1260140324279e36c281bdae86b6fba0ff968d9,Waddington-OT,frozen_unaffected_formal_evaluation,432db324680e781cc21de32040136dc109801f10176167f35dcf00560243f4d1
mosta,2,CytoBridge-0.015,joint,0.05395540315928214,0.0010942153279477594,5,cfcae1667edc50b99ac4906ca1260140324279e36c281bdae86b6fba0ff968d9,CytoBridge,frozen_unaffected_formal_evaluation,432db324680e781cc21de32040136dc109801f10176167f35dcf00560243f4d1
mosta,2,CytoBridge-0.015,state,0.05211167689014612,0.0011906555150632608,5,cfcae1667edc50b99ac4906ca1260140324279e36c281bdae86b6fba0ff968d9,CytoBridge,frozen_unaffected_formal_evaluation,432db324680e781cc21de32040136dc109801f10176167f35dcf00560243f4d1
mosta,2,CytoBridge-0.015,spatial,0.06975839855139991,0.0002024889847191455,5,cfcae1667edc50b99ac4906ca1260140324279e36c281bdae86b6fba0ff968d9,CytoBridge,frozen_unaffected_formal_evaluation,432db324680e781cc21de32040136dc109801f10176167f35dcf00560243f4d1
mosta,2,stvcr,joint,0.056699868633708614,0.0014379419783554185,5,cfcae1667edc50b99ac4906ca1260140324279e36c281bdae86b6fba0ff968d9,stVCR,frozen_unaffected_formal_evaluation,432db324680e781cc21de32040136dc109801f10176167f35dcf00560243f4d1
mosta,2,stvcr,state,0.05550089310064724,0.0014635336224028755,5,cfcae1667edc50b99ac4906ca1260140324279e36c281bdae86b6fba0ff968d9,stVCR,frozen_unaffected_formal_evaluation,432db324680e781cc21de32040136dc109801f10176167f35dcf00560243f4d1
mosta,2,stvcr,spatial,0.04517617545446348,0.00015512953060305796,5,cfcae1667edc50b99ac4906ca1260140324279e36c281bdae86b6fba0ff968d9,stVCR,frozen_unaffected_formal_evaluation,432db324680e781cc21de32040136dc109801f10176167f35dcf00560243f4d1
mosta,2,moscot,joint,0.060293849629379434,0.0006495620499281961,5,cfcae1667edc50b99ac4906ca1260140324279e36c281bdae86b6fba0ff968d9,MOSCOT,frozen_unaffected_formal_evaluation,432db324680e781cc21de32040136dc109801f10176167f35dcf00560243f4d1
mosta,2,moscot,state,0.062001324393194744,0.0008029096619628247,5,cfcae1667edc50b99ac4906ca1260140324279e36c281bdae86b6fba0ff968d9,MOSCOT,frozen_unaffected_formal_evaluation,432db324680e781cc21de32040136dc109801f10176167f35dcf00560243f4d1
mosta,2,moscot,spatial,0.08056148487670525,0.0001285751892066482,5,cfcae1667edc50b99ac4906ca1260140324279e36c281bdae86b6fba0ff968d9,MOSCOT,frozen_unaffected_formal_evaluation,432db324680e781cc21de32040136dc109801f10176167f35dcf00560243f4d1
mosta,2,paste,joint,0.0597950639433811,0.000816654614965326,5,cfcae1667edc50b99ac4906ca1260140324279e36c281bdae86b6fba0ff968d9,PASTE,frozen_unaffected_formal_evaluation,432db324680e781cc21de32040136dc109801f10176167f35dcf00560243f4d1
mosta,2,paste,state,0.04732505920806038,0.0011055086812946375,5,cfcae1667edc50b99ac4906ca1260140324279e36c281bdae86b6fba0ff968d9,PASTE,frozen_unaffected_formal_evaluation,432db324680e781cc21de32040136dc109801f10176167f35dcf00560243f4d1
mosta,2,paste,spatial,0.20959793409091648,0.0004253951868187888,5,cfcae1667edc50b99ac4906ca1260140324279e36c281bdae86b6fba0ff968d9,PASTE,frozen_unaffected_formal_evaluation,432db324680e781cc21de32040136dc109801f10176167f35dcf00560243f4d1
mosta,2,spateo,joint,0.06365840345746063,0.0008224958923621118,5,cfcae1667edc50b99ac4906ca1260140324279e36c281bdae86b6fba0ff968d9,Spateo,frozen_unaffected_formal_evaluation,432db324680e781cc21de32040136dc109801f10176167f35dcf00560243f4d1
mosta,2,spateo,state,0.06055521061685985,0.0007850848347196083,5,cfcae1667edc50b99ac4906ca1260140324279e36c281bdae86b6fba0ff968d9,Spateo,frozen_unaffected_formal_evaluation,432db324680e781cc21de32040136dc109801f10176167f35dcf00560243f4d1
mosta,2,spateo,spatial,0.12257558597453122,0.0006217101508247429,5,cfcae1667edc50b99ac4906ca1260140324279e36c281bdae86b6fba0ff968d9,Spateo,frozen_unaffected_formal_evaluation,432db324680e781cc21de32040136dc109801f10176167f35dcf00560243f4d1
mosta,2,random_independent_pairs,joint,0.07201704896386796,0.0006786227819714119,5,cfcae1667edc50b99ac4906ca1260140324279e36c281bdae86b6fba0ff968d9,Random interpolation,frozen_unaffected_formal_evaluation,432db324680e781cc21de32040136dc109801f10176167f35dcf00560243f4d1
mosta,2,random_independent_pairs,state,0.05519247975843002,0.0009594804470480931,5,cfcae1667edc50b99ac4906ca1260140324279e36c281bdae86b6fba0ff968d9,Random interpolation,frozen_unaffected_formal_evaluation,432db324680e781cc21de32040136dc109801f10176167f35dcf00560243f4d1
mosta,2,random_independent_pairs,spatial,0.24442131316959567,0.00047320564296151154,5,cfcae1667edc50b99ac4906ca1260140324279e36c281bdae86b6fba0ff968d9,Random interpolation,frozen_unaffected_formal_evaluation,432db324680e781cc21de32040136dc109801f10176167f35dcf00560243f4d1
mosta,2,mioflow,state,0.057739217309916234,0.0009019858986616644,5,cfcae1667edc50b99ac4906ca1260140324279e36c281bdae86b6fba0ff968d9,MIOFlow,frozen_unaffected_formal_evaluation,432db324680e781cc21de32040136dc109801f10176167f35dcf00560243f4d1
mosta,2,stories,state,0.061487632470173206,0.0009107889556194173,5,cfcae1667edc50b99ac4906ca1260140324279e36c281bdae86b6fba0ff968d9,STORIES,frozen_unaffected_formal_evaluation,432db324680e781cc21de32040136dc109801f10176167f35dcf00560243f4d1
mosta,2,wot,state,0.05779919979571346,0.0008838977816919845,5,cfcae1667edc50b99ac4906ca1260140324279e36c281bdae86b6fba0ff968d9,Waddington-OT,frozen_unaffected_formal_evaluation,432db324680e781cc21de32040136dc109801f10176167f35dcf00560243f4d1
arista,1,CytoBridge-0.015,joint,0.04864854078191454,0.0005808077658072807,5,5491162645e69021470217b0178d64760be0b624fce0c97e92ff0d36f2f9bd11,CytoBridge,refreshed_matched_formal_evaluation,12bcafb4695e77275001dd99a7ab906a86af4113521da0a8a40358c9cc39cb92
arista,1,CytoBridge-0.015,state,0.04858550596022102,0.0010626743612335697,5,5491162645e69021470217b0178d64760be0b624fce0c97e92ff0d36f2f9bd11,CytoBridge,refreshed_matched_formal_evaluation,12bcafb4695e77275001dd99a7ab906a86af4113521da0a8a40358c9cc39cb92
arista,1,CytoBridge-0.015,spatial,0.03381350386111136,0.00011290868351567547,5,5491162645e69021470217b0178d64760be0b624fce0c97e92ff0d36f2f9bd11,CytoBridge,refreshed_matched_formal_evaluation,12bcafb4695e77275001dd99a7ab906a86af4113521da0a8a40358c9cc39cb92
arista,1,stvcr,joint,0.04992451978956276,0.0007516746766612826,5,5491162645e69021470217b0178d64760be0b624fce0c97e92ff0d36f2f9bd11,stVCR,refreshed_matched_formal_evaluation,12bcafb4695e77275001dd99a7ab906a86af4113521da0a8a40358c9cc39cb92
arista,1,stvcr,state,0.0532092233101187,0.0005453932728002557,5,5491162645e69021470217b0178d64760be0b624fce0c97e92ff0d36f2f9bd11,stVCR,refreshed_matched_formal_evaluation,12bcafb4695e77275001dd99a7ab906a86af4113521da0a8a40358c9cc39cb92
arista,1,stvcr,spatial,0.0625381969053552,0.00033487388307172443,5,5491162645e69021470217b0178d64760be0b624fce0c97e92ff0d36f2f9bd11,stVCR,refreshed_matched_formal_evaluation,12bcafb4695e77275001dd99a7ab906a86af4113521da0a8a40358c9cc39cb92
arista,1,moscot,joint,0.06229180977150278,0.0005245599042248401,5,5491162645e69021470217b0178d64760be0b624fce0c97e92ff0d36f2f9bd11,MOSCOT,refreshed_matched_formal_evaluation,12bcafb4695e77275001dd99a7ab906a86af4113521da0a8a40358c9cc39cb92
arista,1,moscot,state,0.0712459694456296,0.0004948806854721951,5,5491162645e69021470217b0178d64760be0b624fce0c97e92ff0d36f2f9bd11,MOSCOT,refreshed_matched_formal_evaluation,12bcafb4695e77275001dd99a7ab906a86af4113521da0a8a40358c9cc39cb92
arista,1,moscot,spatial,0.04356950119782708,7.780717887653421e-05,5,5491162645e69021470217b0178d64760be0b624fce0c97e92ff0d36f2f9bd11,MOSCOT,refreshed_matched_formal_evaluation,12bcafb4695e77275001dd99a7ab906a86af4113521da0a8a40358c9cc39cb92
arista,1,paste,joint,0.060598278166311505,0.000319996479312277,5,5491162645e69021470217b0178d64760be0b624fce0c97e92ff0d36f2f9bd11,PASTE,refreshed_matched_formal_evaluation,12bcafb4695e77275001dd99a7ab906a86af4113521da0a8a40358c9cc39cb92
arista,1,paste,state,0.04972209865220578,0.0007422814358855341,5,5491162645e69021470217b0178d64760be0b624fce0c97e92ff0d36f2f9bd11,PASTE,refreshed_matched_formal_evaluation,12bcafb4695e77275001dd99a7ab906a86af4113521da0a8a40358c9cc39cb92
arista,1,paste,spatial,0.21507795570620827,0.0016139714819317298,5,5491162645e69021470217b0178d64760be0b624fce0c97e92ff0d36f2f9bd11,PASTE,refreshed_matched_formal_evaluation,12bcafb4695e77275001dd99a7ab906a86af4113521da0a8a40358c9cc39cb92
arista,1,spateo,joint,0.061107651812957076,0.0005475613140530813,5,5491162645e69021470217b0178d64760be0b624fce0c97e92ff0d36f2f9bd11,Spateo,refreshed_matched_formal_evaluation,12bcafb4695e77275001dd99a7ab906a86af4113521da0a8a40358c9cc39cb92
arista,1,spateo,state,0.07012513314467161,0.0005384492422665882,5,5491162645e69021470217b0178d64760be0b624fce0c97e92ff0d36f2f9bd11,Spateo,refreshed_matched_formal_evaluation,12bcafb4695e77275001dd99a7ab906a86af4113521da0a8a40358c9cc39cb92
arista,1,spateo,spatial,0.03528178455345058,7.095619693165409e-05,5,5491162645e69021470217b0178d64760be0b624fce0c97e92ff0d36f2f9bd11,Spateo,refreshed_matched_formal_evaluation,12bcafb4695e77275001dd99a7ab906a86af4113521da0a8a40358c9cc39cb92
arista,1,random_independent_pairs,joint,0.07319046477038986,0.0001276977328560765,5,5491162645e69021470217b0178d64760be0b624fce0c97e92ff0d36f2f9bd11,Random interpolation,refreshed_matched_formal_evaluation,12bcafb4695e77275001dd99a7ab906a86af4113521da0a8a40358c9cc39cb92
arista,1,random_independent_pairs,state,0.06201198770288966,0.0005878336044643439,5,5491162645e69021470217b0178d64760be0b624fce0c97e92ff0d36f2f9bd11,Random interpolation,refreshed_matched_formal_evaluation,12bcafb4695e77275001dd99a7ab906a86af4113521da0a8a40358c9cc39cb92
arista,1,random_independent_pairs,spatial,0.22410145604208212,0.0009876845894013064,5,5491162645e69021470217b0178d64760be0b624fce0c97e92ff0d36f2f9bd11,Random interpolation,refreshed_matched_formal_evaluation,12bcafb4695e77275001dd99a7ab906a86af4113521da0a8a40358c9cc39cb92
arista,1,mioflow,state,0.06741196089443093,0.0009120213141058234,5,5491162645e69021470217b0178d64760be0b624fce0c97e92ff0d36f2f9bd11,MIOFlow,refreshed_matched_formal_evaluation,12bcafb4695e77275001dd99a7ab906a86af4113521da0a8a40358c9cc39cb92
arista,1,stories,state,0.07833460463452524,0.00038868591182224005,5,5491162645e69021470217b0178d64760be0b624fce0c97e92ff0d36f2f9bd11,STORIES,refreshed_matched_formal_evaluation,12bcafb4695e77275001dd99a7ab906a86af4113521da0a8a40358c9cc39cb92
arista,1,wot,state,0.06666665714039213,0.0005616857499266577,5,5491162645e69021470217b0178d64760be0b624fce0c97e92ff0d36f2f9bd11,Waddington-OT,refreshed_matched_formal_evaluation,12bcafb4695e77275001dd99a7ab906a86af4113521da0a8a40358c9cc39cb92
arista,2,CytoBridge-0.015,joint,0.0629798195780042,0.0008044443178201443,5,5491162645e69021470217b0178d64760be0b624fce0c97e92ff0d36f2f9bd11,CytoBridge,refreshed_matched_formal_evaluation,12bcafb4695e77275001dd99a7ab906a86af4113521da0a8a40358c9cc39cb92
arista,2,CytoBridge-0.015,state,0.06349601395231746,0.0016227296363622494,5,5491162645e69021470217b0178d64760be0b624fce0c97e92ff0d36f2f9bd11,CytoBridge,refreshed_matched_formal_evaluation,12bcafb4695e77275001dd99a7ab906a86af4113521da0a8a40358c9cc39cb92
arista,2,CytoBridge-0.015,spatial,0.04586689833234264,0.00024422369059487904,5,5491162645e69021470217b0178d64760be0b624fce0c97e92ff0d36f2f9bd11,CytoBridge,refreshed_matched_formal_evaluation,12bcafb4695e77275001dd99a7ab906a86af4113521da0a8a40358c9cc39cb92
arista,2,stvcr,joint,0.05523506705649304,0.001318563487297512,5,5491162645e69021470217b0178d64760be0b624fce0c97e92ff0d36f2f9bd11,stVCR,refreshed_matched_formal_evaluation,12bcafb4695e77275001dd99a7ab906a86af4113521da0a8a40358c9cc39cb92
arista,2,stvcr,state,0.05526368539130955,0.0011822982760077091,5,5491162645e69021470217b0178d64760be0b624fce0c97e92ff0d36f2f9bd11,stVCR,refreshed_matched_formal_evaluation,12bcafb4695e77275001dd99a7ab906a86af4113521da0a8a40358c9cc39cb92
arista,2,stvcr,spatial,0.0505698836099059,0.00026539766045520193,5,5491162645e69021470217b0178d64760be0b624fce0c97e92ff0d36f2f9bd11,stVCR,refreshed_matched_formal_evaluation,12bcafb4695e77275001dd99a7ab906a86af4113521da0a8a40358c9cc39cb92
arista,2,moscot,joint,0.06732556676694837,0.0006333608199301859,5,5491162645e69021470217b0178d64760be0b624fce0c97e92ff0d36f2f9bd11,MOSCOT,refreshed_matched_formal_evaluation,12bcafb4695e77275001dd99a7ab906a86af4113521da0a8a40358c9cc39cb92
arista,2,moscot,state,0.07371460117016654,0.0009240373460358479,5,5491162645e69021470217b0178d64760be0b624fce0c97e92ff0d36f2f9bd11,MOSCOT,refreshed_matched_formal_evaluation,12bcafb4695e77275001dd99a7ab906a86af4113521da0a8a40358c9cc39cb92
arista,2,moscot,spatial,0.06429526523994358,0.00022555386385722566,5,5491162645e69021470217b0178d64760be0b624fce0c97e92ff0d36f2f9bd11,MOSCOT,refreshed_matched_formal_evaluation,12bcafb4695e77275001dd99a7ab906a86af4113521da0a8a40358c9cc39cb92
arista,2,paste,joint,0.06274369162459517,0.0007418488510557281,5,5491162645e69021470217b0178d64760be0b624fce0c97e92ff0d36f2f9bd11,PASTE,refreshed_matched_formal_evaluation,12bcafb4695e77275001dd99a7ab906a86af4113521da0a8a40358c9cc39cb92
arista,2,paste,state,0.05593928709687358,0.0012351470995987182,5,5491162645e69021470217b0178d64760be0b624fce0c97e92ff0d36f2f9bd11,PASTE,refreshed_matched_formal_evaluation,12bcafb4695e77275001dd99a7ab906a86af4113521da0a8a40358c9cc39cb92
arista,2,paste,spatial,0.17838172178198633,0.000957249811312681,5,5491162645e69021470217b0178d64760be0b624fce0c97e92ff0d36f2f9bd11,PASTE,refreshed_matched_formal_evaluation,12bcafb4695e77275001dd99a7ab906a86af4113521da0a8a40358c9cc39cb92
arista,2,spateo,joint,0.06699989424307465,0.0006077458933795958,5,5491162645e69021470217b0178d64760be0b624fce0c97e92ff0d36f2f9bd11,Spateo,refreshed_matched_formal_evaluation,12bcafb4695e77275001dd99a7ab906a86af4113521da0a8a40358c9cc39cb92
arista,2,spateo,state,0.0740050633275772,0.0009104666043511249,5,5491162645e69021470217b0178d64760be0b624fce0c97e92ff0d36f2f9bd11,Spateo,refreshed_matched_formal_evaluation,12bcafb4695e77275001dd99a7ab906a86af4113521da0a8a40358c9cc39cb92
arista,2,spateo,spatial,0.07815176947580842,0.0002683918990638738,5,5491162645e69021470217b0178d64760be0b624fce0c97e92ff0d36f2f9bd11,Spateo,refreshed_matched_formal_evaluation,12bcafb4695e77275001dd99a7ab906a86af4113521da0a8a40358c9cc39cb92
arista,2,random_independent_pairs,joint,0.07696622335787147,0.00070822782090596,5,5491162645e69021470217b0178d64760be0b624fce0c97e92ff0d36f2f9bd11,Random interpolation,refreshed_matched_formal_evaluation,12bcafb4695e77275001dd99a7ab906a86af4113521da0a8a40358c9cc39cb92
arista,2,random_independent_pairs,state,0.06615262034336455,0.0010362526223042783,5,5491162645e69021470217b0178d64760be0b624fce0c97e92ff0d36f2f9bd11,Random interpolation,refreshed_matched_formal_evaluation,12bcafb4695e77275001dd99a7ab906a86af4113521da0a8a40358c9cc39cb92
arista,2,random_independent_pairs,spatial,0.2241252896972467,0.0006247979172835692,5,5491162645e69021470217b0178d64760be0b624fce0c97e92ff0d36f2f9bd11,Random interpolation,refreshed_matched_formal_evaluation,12bcafb4695e77275001dd99a7ab906a86af4113521da0a8a40358c9cc39cb92
arista,2,mioflow,state,0.07060458620504462,0.0008343846800169942,5,5491162645e69021470217b0178d64760be0b624fce0c97e92ff0d36f2f9bd11,MIOFlow,refreshed_matched_formal_evaluation,12bcafb4695e77275001dd99a7ab906a86af4113521da0a8a40358c9cc39cb92
arista,2,stories,state,0.07940016987452406,0.0007675029083875945,5,5491162645e69021470217b0178d64760be0b624fce0c97e92ff0d36f2f9bd11,STORIES,refreshed_matched_formal_evaluation,12bcafb4695e77275001dd99a7ab906a86af4113521da0a8a40358c9cc39cb92
arista,2,wot,state,0.06992163841222296,0.0009663839359292646,5,5491162645e69021470217b0178d64760be0b624fce0c97e92ff0d36f2f9bd11,Waddington-OT,refreshed_matched_formal_evaluation,12bcafb4695e77275001dd99a7ab906a86af4113521da0a8a40358c9cc39cb92
arista,3,CytoBridge-0.015,joint,0.06371588617873966,0.0017582391364557477,5,5491162645e69021470217b0178d64760be0b624fce0c97e92ff0d36f2f9bd11,CytoBridge,refreshed_matched_formal_evaluation,12bcafb4695e77275001dd99a7ab906a86af4113521da0a8a40358c9cc39cb92
arista,3,CytoBridge-0.015,state,0.06431222066473936,0.0013294158343637253,5,5491162645e69021470217b0178d64760be0b624fce0c97e92ff0d36f2f9bd11,CytoBridge,refreshed_matched_formal_evaluation,12bcafb4695e77275001dd99a7ab906a86af4113521da0a8a40358c9cc39cb92
arista,3,CytoBridge-0.015,spatial,0.0560061218772215,0.0004699361170019884,5,5491162645e69021470217b0178d64760be0b624fce0c97e92ff0d36f2f9bd11,CytoBridge,refreshed_matched_formal_evaluation,12bcafb4695e77275001dd99a7ab906a86af4113521da0a8a40358c9cc39cb92
arista,3,stvcr,joint,0.06415246984616889,0.0009271451985498245,5,5491162645e69021470217b0178d64760be0b624fce0c97e92ff0d36f2f9bd11,stVCR,refreshed_matched_formal_evaluation,12bcafb4695e77275001dd99a7ab906a86af4113521da0a8a40358c9cc39cb92
arista,3,stvcr,state,0.06513013317955002,0.001460305744595144,5,5491162645e69021470217b0178d64760be0b624fce0c97e92ff0d36f2f9bd11,stVCR,refreshed_matched_formal_evaluation,12bcafb4695e77275001dd99a7ab906a86af4113521da0a8a40358c9cc39cb92
arista,3,stvcr,spatial,0.0686599831998542,0.0005921425541486135,5,5491162645e69021470217b0178d64760be0b624fce0c97e92ff0d36f2f9bd11,stVCR,refreshed_matched_formal_evaluation,12bcafb4695e77275001dd99a7ab906a86af4113521da0a8a40358c9cc39cb92
arista,3,moscot,joint,0.0664770578601137,0.0009730378482414638,5,5491162645e69021470217b0178d64760be0b624fce0c97e92ff0d36f2f9bd11,MOSCOT,refreshed_matched_formal_evaluation,12bcafb4695e77275001dd99a7ab906a86af4113521da0a8a40358c9cc39cb92
arista,3,moscot,state,0.07569923944738224,0.0007840738336181067,5,5491162645e69021470217b0178d64760be0b624fce0c97e92ff0d36f2f9bd11,MOSCOT,refreshed_matched_formal_evaluation,12bcafb4695e77275001dd99a7ab906a86af4113521da0a8a40358c9cc39cb92
arista,3,moscot,spatial,0.04556224982925336,0.0003157928628405639,5,5491162645e69021470217b0178d64760be0b624fce0c97e92ff0d36f2f9bd11,MOSCOT,refreshed_matched_formal_evaluation,12bcafb4695e77275001dd99a7ab906a86af4113521da0a8a40358c9cc39cb92
arista,3,paste,joint,0.06477922951270129,0.001350499189115752,5,5491162645e69021470217b0178d64760be0b624fce0c97e92ff0d36f2f9bd11,PASTE,refreshed_matched_formal_evaluation,12bcafb4695e77275001dd99a7ab906a86af4113521da0a8a40358c9cc39cb92
arista,3,paste,state,0.05989678780320734,0.0009951289124112504,5,5491162645e69021470217b0178d64760be0b624fce0c97e92ff0d36f2f9bd11,PASTE,refreshed_matched_formal_evaluation,12bcafb4695e77275001dd99a7ab906a86af4113521da0a8a40358c9cc39cb92
arista,3,paste,spatial,0.16898682103695176,0.0029376931001356596,5,5491162645e69021470217b0178d64760be0b624fce0c97e92ff0d36f2f9bd11,PASTE,refreshed_matched_formal_evaluation,12bcafb4695e77275001dd99a7ab906a86af4113521da0a8a40358c9cc39cb92
arista,3,spateo,joint,0.06669875754230761,0.0011703731266104018,5,5491162645e69021470217b0178d64760be0b624fce0c97e92ff0d36f2f9bd11,Spateo,refreshed_matched_formal_evaluation,12bcafb4695e77275001dd99a7ab906a86af4113521da0a8a40358c9cc39cb92
arista,3,spateo,state,0.07463335530874445,0.0008384742981190667,5,5491162645e69021470217b0178d64760be0b624fce0c97e92ff0d36f2f9bd11,Spateo,refreshed_matched_formal_evaluation,12bcafb4695e77275001dd99a7ab906a86af4113521da0a8a40358c9cc39cb92
arista,3,spateo,spatial,0.072864956881747,0.0008333478178839968,5,5491162645e69021470217b0178d64760be0b624fce0c97e92ff0d36f2f9bd11,Spateo,refreshed_matched_formal_evaluation,12bcafb4695e77275001dd99a7ab906a86af4113521da0a8a40358c9cc39cb92
arista,3,random_independent_pairs,joint,0.0789069890532036,0.0012114468650775121,5,5491162645e69021470217b0178d64760be0b624fce0c97e92ff0d36f2f9bd11,Random interpolation,refreshed_matched_formal_evaluation,12bcafb4695e77275001dd99a7ab906a86af4113521da0a8a40358c9cc39cb92
arista,3,random_independent_pairs,state,0.07002487803541664,0.0007945063971525628,5,5491162645e69021470217b0178d64760be0b624fce0c97e92ff0d36f2f9bd11,Random interpolation,refreshed_matched_formal_evaluation,12bcafb4695e77275001dd99a7ab906a86af4113521da0a8a40358c9cc39cb92
arista,3,random_independent_pairs,spatial,0.21478715277856955,0.0021651402381436067,5,5491162645e69021470217b0178d64760be0b624fce0c97e92ff0d36f2f9bd11,Random interpolation,refreshed_matched_formal_evaluation,12bcafb4695e77275001dd99a7ab906a86af4113521da0a8a40358c9cc39cb92
arista,3,mioflow,state,0.0720933671127145,0.0007822669527281134,5,5491162645e69021470217b0178d64760be0b624fce0c97e92ff0d36f2f9bd11,MIOFlow,refreshed_matched_formal_evaluation,12bcafb4695e77275001dd99a7ab906a86af4113521da0a8a40358c9cc39cb92
arista,3,stories,state,0.07549164528065952,0.0007157709723108264,5,5491162645e69021470217b0178d64760be0b624fce0c97e92ff0d36f2f9bd11,STORIES,refreshed_matched_formal_evaluation,12bcafb4695e77275001dd99a7ab906a86af4113521da0a8a40358c9cc39cb92
arista,3,wot,state,0.07112941979326076,0.0008759454507228185,5,5491162645e69021470217b0178d64760be0b624fce0c97e92ff0d36f2f9bd11,Waddington-OT,refreshed_matched_formal_evaluation,12bcafb4695e77275001dd99a7ab906a86af4113521da0a8a40358c9cc39cb92
admouse,1,CytoBridge-0.015,joint,0.02446681995824128,0.00038734007425714575,5,fe5f6fe8465156abdb9bbaac973253c8db7ae745a83022cc83c3ad72c83403bc,CytoBridge,frozen_unaffected_formal_evaluation,1f23cae670adfccfa6d3f9230355f6801318244625d590b1e93cc4beec7aafc0
admouse,1,CytoBridge-0.015,state,0.02337356064681222,0.00028214498171862394,5,fe5f6fe8465156abdb9bbaac973253c8db7ae745a83022cc83c3ad72c83403bc,CytoBridge,frozen_unaffected_formal_evaluation,1f23cae670adfccfa6d3f9230355f6801318244625d590b1e93cc4beec7aafc0
admouse,1,CytoBridge-0.015,spatial,0.03653058326867182,0.0004146993247459748,5,fe5f6fe8465156abdb9bbaac973253c8db7ae745a83022cc83c3ad72c83403bc,CytoBridge,frozen_unaffected_formal_evaluation,1f23cae670adfccfa6d3f9230355f6801318244625d590b1e93cc4beec7aafc0
admouse,1,stvcr,joint,0.029096755960628738,0.0003879059342934596,5,fe5f6fe8465156abdb9bbaac973253c8db7ae745a83022cc83c3ad72c83403bc,stVCR,frozen_unaffected_formal_evaluation,1f23cae670adfccfa6d3f9230355f6801318244625d590b1e93cc4beec7aafc0
admouse,1,stvcr,state,0.025015117280379418,0.00029659579111489064,5,fe5f6fe8465156abdb9bbaac973253c8db7ae745a83022cc83c3ad72c83403bc,stVCR,frozen_unaffected_formal_evaluation,1f23cae670adfccfa6d3f9230355f6801318244625d590b1e93cc4beec7aafc0
admouse,1,stvcr,spatial,0.08304988593177608,0.0007220015625854288,5,fe5f6fe8465156abdb9bbaac973253c8db7ae745a83022cc83c3ad72c83403bc,stVCR,frozen_unaffected_formal_evaluation,1f23cae670adfccfa6d3f9230355f6801318244625d590b1e93cc4beec7aafc0
admouse,1,moscot,joint,0.04475012797882718,0.00025537804525494064,5,fe5f6fe8465156abdb9bbaac973253c8db7ae745a83022cc83c3ad72c83403bc,MOSCOT,frozen_unaffected_formal_evaluation,1f23cae670adfccfa6d3f9230355f6801318244625d590b1e93cc4beec7aafc0
admouse,1,moscot,state,0.05324968169012945,0.0002194296435610713,5,fe5f6fe8465156abdb9bbaac973253c8db7ae745a83022cc83c3ad72c83403bc,MOSCOT,frozen_unaffected_formal_evaluation,1f23cae670adfccfa6d3f9230355f6801318244625d590b1e93cc4beec7aafc0
admouse,1,moscot,spatial,0.04235822112768158,0.0003440481247429187,5,fe5f6fe8465156abdb9bbaac973253c8db7ae745a83022cc83c3ad72c83403bc,MOSCOT,frozen_unaffected_formal_evaluation,1f23cae670adfccfa6d3f9230355f6801318244625d590b1e93cc4beec7aafc0
admouse,1,paste,joint,0.03824811555192716,0.00025812598501319064,5,fe5f6fe8465156abdb9bbaac973253c8db7ae745a83022cc83c3ad72c83403bc,PASTE,frozen_unaffected_formal_evaluation,1f23cae670adfccfa6d3f9230355f6801318244625d590b1e93cc4beec7aafc0
admouse,1,paste,state,0.03181305227980826,0.0003008239712181044,5,fe5f6fe8465156abdb9bbaac973253c8db7ae745a83022cc83c3ad72c83403bc,PASTE,frozen_unaffected_formal_evaluation,1f23cae670adfccfa6d3f9230355f6801318244625d590b1e93cc4beec7aafc0
admouse,1,paste,spatial,0.11910934216226639,0.0010129187083148764,5,fe5f6fe8465156abdb9bbaac973253c8db7ae745a83022cc83c3ad72c83403bc,PASTE,frozen_unaffected_formal_evaluation,1f23cae670adfccfa6d3f9230355f6801318244625d590b1e93cc4beec7aafc0
admouse,1,spateo,joint,0.03961304674630518,0.00016870394682398142,5,fe5f6fe8465156abdb9bbaac973253c8db7ae745a83022cc83c3ad72c83403bc,Spateo,frozen_unaffected_formal_evaluation,1f23cae670adfccfa6d3f9230355f6801318244625d590b1e93cc4beec7aafc0
admouse,1,spateo,state,0.0455576841097946,0.0002233310118599914,5,fe5f6fe8465156abdb9bbaac973253c8db7ae745a83022cc83c3ad72c83403bc,Spateo,frozen_unaffected_formal_evaluation,1f23cae670adfccfa6d3f9230355f6801318244625d590b1e93cc4beec7aafc0
admouse,1,spateo,spatial,0.048824807743581236,0.00044517155941143196,5,fe5f6fe8465156abdb9bbaac973253c8db7ae745a83022cc83c3ad72c83403bc,Spateo,frozen_unaffected_formal_evaluation,1f23cae670adfccfa6d3f9230355f6801318244625d590b1e93cc4beec7aafc0
admouse,1,random_independent_pairs,joint,0.0620828020663164,0.0003776231291037957,5,fe5f6fe8465156abdb9bbaac973253c8db7ae745a83022cc83c3ad72c83403bc,Random interpolation,frozen_unaffected_formal_evaluation,1f23cae670adfccfa6d3f9230355f6801318244625d590b1e93cc4beec7aafc0
admouse,1,random_independent_pairs,state,0.04841179001391544,0.00023862303104143012,5,fe5f6fe8465156abdb9bbaac973253c8db7ae745a83022cc83c3ad72c83403bc,Random interpolation,frozen_unaffected_formal_evaluation,1f23cae670adfccfa6d3f9230355f6801318244625d590b1e93cc4beec7aafc0
admouse,1,random_independent_pairs,spatial,0.21189836488572888,0.0011129828399142716,5,fe5f6fe8465156abdb9bbaac973253c8db7ae745a83022cc83c3ad72c83403bc,Random interpolation,frozen_unaffected_formal_evaluation,1f23cae670adfccfa6d3f9230355f6801318244625d590b1e93cc4beec7aafc0
admouse,1,mioflow,state,0.033617001557884676,0.00040499845632034794,5,fe5f6fe8465156abdb9bbaac973253c8db7ae745a83022cc83c3ad72c83403bc,MIOFlow,frozen_unaffected_formal_evaluation,1f23cae670adfccfa6d3f9230355f6801318244625d590b1e93cc4beec7aafc0
admouse,1,stories,state,0.045304450954189154,0.0002782112000764182,5,fe5f6fe8465156abdb9bbaac973253c8db7ae745a83022cc83c3ad72c83403bc,STORIES,frozen_unaffected_formal_evaluation,1f23cae670adfccfa6d3f9230355f6801318244625d590b1e93cc4beec7aafc0
admouse,1,wot,state,0.04749544371239428,0.0002625181150632494,5,fe5f6fe8465156abdb9bbaac973253c8db7ae745a83022cc83c3ad72c83403bc,Waddington-OT,frozen_unaffected_formal_evaluation,1f23cae670adfccfa6d3f9230355f6801318244625d590b1e93cc4beec7aafc0
chicken_heart,1,CytoBridge-0.015,joint,0.0793220037128637,0.0007273123580442185,5,f2f90b51525c6c9dab8a0ec7864eb43e12333bd7d899be39c70f7528ea9d20e3,CytoBridge,refreshed_matched_formal_evaluation,36ab9a2db6c3b310710528c4c1d23b3e6dedff9c8c0ddd294d21007e905a4b30
chicken_heart,1,CytoBridge-0.015,state,0.08076860350696094,0.0008288001122168787,5,f2f90b51525c6c9dab8a0ec7864eb43e12333bd7d899be39c70f7528ea9d20e3,CytoBridge,refreshed_matched_formal_evaluation,36ab9a2db6c3b310710528c4c1d23b3e6dedff9c8c0ddd294d21007e905a4b30
chicken_heart,1,CytoBridge-0.015,spatial,0.060678575963213674,0.0003477372414187103,5,f2f90b51525c6c9dab8a0ec7864eb43e12333bd7d899be39c70f7528ea9d20e3,CytoBridge,refreshed_matched_formal_evaluation,36ab9a2db6c3b310710528c4c1d23b3e6dedff9c8c0ddd294d21007e905a4b30
chicken_heart,1,stvcr,joint,0.13988799141343453,0.0013412808298244035,5,f2f90b51525c6c9dab8a0ec7864eb43e12333bd7d899be39c70f7528ea9d20e3,stVCR,refreshed_matched_formal_evaluation,36ab9a2db6c3b310710528c4c1d23b3e6dedff9c8c0ddd294d21007e905a4b30
chicken_heart,1,stvcr,state,0.13358660337399242,0.0011224725170943862,5,f2f90b51525c6c9dab8a0ec7864eb43e12333bd7d899be39c70f7528ea9d20e3,stVCR,refreshed_matched_formal_evaluation,36ab9a2db6c3b310710528c4c1d23b3e6dedff9c8c0ddd294d21007e905a4b30
chicken_heart,1,stvcr,spatial,0.22810493271138754,0.0007042440373449689,5,f2f90b51525c6c9dab8a0ec7864eb43e12333bd7d899be39c70f7528ea9d20e3,stVCR,refreshed_matched_formal_evaluation,36ab9a2db6c3b310710528c4c1d23b3e6dedff9c8c0ddd294d21007e905a4b30
chicken_heart,1,moscot,joint,0.09729138826292381,0.0005763020951371906,5,f2f90b51525c6c9dab8a0ec7864eb43e12333bd7d899be39c70f7528ea9d20e3,MOSCOT,refreshed_matched_formal_evaluation,36ab9a2db6c3b310710528c4c1d23b3e6dedff9c8c0ddd294d21007e905a4b30
chicken_heart,1,moscot,state,0.10013422612383911,0.0006939445019271658,5,f2f90b51525c6c9dab8a0ec7864eb43e12333bd7d899be39c70f7528ea9d20e3,MOSCOT,refreshed_matched_formal_evaluation,36ab9a2db6c3b310710528c4c1d23b3e6dedff9c8c0ddd294d21007e905a4b30
chicken_heart,1,moscot,spatial,0.08184475721635778,0.0002866235869669034,5,f2f90b51525c6c9dab8a0ec7864eb43e12333bd7d899be39c70f7528ea9d20e3,MOSCOT,refreshed_matched_formal_evaluation,36ab9a2db6c3b310710528c4c1d23b3e6dedff9c8c0ddd294d21007e905a4b30
chicken_heart,1,paste,joint,0.09509082067071675,0.0004469421381603804,5,f2f90b51525c6c9dab8a0ec7864eb43e12333bd7d899be39c70f7528ea9d20e3,PASTE,refreshed_matched_formal_evaluation,36ab9a2db6c3b310710528c4c1d23b3e6dedff9c8c0ddd294d21007e905a4b30
chicken_heart,1,paste,state,0.09240563315745934,0.0007946230362868581,5,f2f90b51525c6c9dab8a0ec7864eb43e12333bd7d899be39c70f7528ea9d20e3,PASTE,refreshed_matched_formal_evaluation,36ab9a2db6c3b310710528c4c1d23b3e6dedff9c8c0ddd294d21007e905a4b30
chicken_heart,1,paste,spatial,0.1561013638371332,0.0003658649777835486,5,f2f90b51525c6c9dab8a0ec7864eb43e12333bd7d899be39c70f7528ea9d20e3,PASTE,refreshed_matched_formal_evaluation,36ab9a2db6c3b310710528c4c1d23b3e6dedff9c8c0ddd294d21007e905a4b30
chicken_heart,1,spateo,joint,0.10936261009126631,0.00031366699145022356,5,f2f90b51525c6c9dab8a0ec7864eb43e12333bd7d899be39c70f7528ea9d20e3,Spateo,refreshed_matched_formal_evaluation,36ab9a2db6c3b310710528c4c1d23b3e6dedff9c8c0ddd294d21007e905a4b30
chicken_heart,1,spateo,state,0.10397218819354606,0.0008380430063023165,5,f2f90b51525c6c9dab8a0ec7864eb43e12333bd7d899be39c70f7528ea9d20e3,Spateo,refreshed_matched_formal_evaluation,36ab9a2db6c3b310710528c4c1d23b3e6dedff9c8c0ddd294d21007e905a4b30
chicken_heart,1,spateo,spatial,0.1949295773149631,0.000692296170948288,5,f2f90b51525c6c9dab8a0ec7864eb43e12333bd7d899be39c70f7528ea9d20e3,Spateo,refreshed_matched_formal_evaluation,36ab9a2db6c3b310710528c4c1d23b3e6dedff9c8c0ddd294d21007e905a4b30
chicken_heart,1,random_independent_pairs,joint,0.08945301336939379,0.0006975257858108565,5,f2f90b51525c6c9dab8a0ec7864eb43e12333bd7d899be39c70f7528ea9d20e3,Random interpolation,refreshed_matched_formal_evaluation,36ab9a2db6c3b310710528c4c1d23b3e6dedff9c8c0ddd294d21007e905a4b30
chicken_heart,1,random_independent_pairs,state,0.08830314381431255,0.0008471357180119138,5,f2f90b51525c6c9dab8a0ec7864eb43e12333bd7d899be39c70f7528ea9d20e3,Random interpolation,refreshed_matched_formal_evaluation,36ab9a2db6c3b310710528c4c1d23b3e6dedff9c8c0ddd294d21007e905a4b30
chicken_heart,1,random_independent_pairs,spatial,0.12211310945295091,0.0004994020506816339,5,f2f90b51525c6c9dab8a0ec7864eb43e12333bd7d899be39c70f7528ea9d20e3,Random interpolation,refreshed_matched_formal_evaluation,36ab9a2db6c3b310710528c4c1d23b3e6dedff9c8c0ddd294d21007e905a4b30
chicken_heart,1,mioflow,state,0.08871261932090904,0.0006154942275976315,5,f2f90b51525c6c9dab8a0ec7864eb43e12333bd7d899be39c70f7528ea9d20e3,MIOFlow,refreshed_matched_formal_evaluation,36ab9a2db6c3b310710528c4c1d23b3e6dedff9c8c0ddd294d21007e905a4b30
chicken_heart,1,stories,state,0.09649897256365846,0.0008407474955716222,5,f2f90b51525c6c9dab8a0ec7864eb43e12333bd7d899be39c70f7528ea9d20e3,STORIES,refreshed_matched_formal_evaluation,36ab9a2db6c3b310710528c4c1d23b3e6dedff9c8c0ddd294d21007e905a4b30
chicken_heart,1,wot,state,0.10298470179669009,0.0007210430235173655,5,f2f90b51525c6c9dab8a0ec7864eb43e12333bd7d899be39c70f7528ea9d20e3,Waddington-OT,refreshed_matched_formal_evaluation,36ab9a2db6c3b310710528c4c1d23b3e6dedff9c8c0ddd294d21007e905a4b30
chicken_heart,2,CytoBridge-0.015,joint,0.07224303759157198,0.0010018773422817249,5,f2f90b51525c6c9dab8a0ec7864eb43e12333bd7d899be39c70f7528ea9d20e3,CytoBridge,refreshed_matched_formal_evaluation,36ab9a2db6c3b310710528c4c1d23b3e6dedff9c8c0ddd294d21007e905a4b30
chicken_heart,2,CytoBridge-0.015,state,0.07343863896339146,0.0004474887441978852,5,f2f90b51525c6c9dab8a0ec7864eb43e12333bd7d899be39c70f7528ea9d20e3,CytoBridge,refreshed_matched_formal_evaluation,36ab9a2db6c3b310710528c4c1d23b3e6dedff9c8c0ddd294d21007e905a4b30
chicken_heart,2,CytoBridge-0.015,spatial,0.06371391295789999,0.00046747818341403327,5,f2f90b51525c6c9dab8a0ec7864eb43e12333bd7d899be39c70f7528ea9d20e3,CytoBridge,refreshed_matched_formal_evaluation,36ab9a2db6c3b310710528c4c1d23b3e6dedff9c8c0ddd294d21007e905a4b30
chicken_heart,2,stvcr,joint,0.27897060061536594,0.003982681911394794,5,f2f90b51525c6c9dab8a0ec7864eb43e12333bd7d899be39c70f7528ea9d20e3,stVCR,refreshed_matched_formal_evaluation,36ab9a2db6c3b310710528c4c1d23b3e6dedff9c8c0ddd294d21007e905a4b30
chicken_heart,2,stvcr,state,0.28908558454782485,0.004229063856471544,5,f2f90b51525c6c9dab8a0ec7864eb43e12333bd7d899be39c70f7528ea9d20e3,stVCR,refreshed_matched_formal_evaluation,36ab9a2db6c3b310710528c4c1d23b3e6dedff9c8c0ddd294d21007e905a4b30
chicken_heart,2,stvcr,spatial,0.1942842091890406,0.0016563708852427763,5,f2f90b51525c6c9dab8a0ec7864eb43e12333bd7d899be39c70f7528ea9d20e3,stVCR,refreshed_matched_formal_evaluation,36ab9a2db6c3b310710528c4c1d23b3e6dedff9c8c0ddd294d21007e905a4b30
chicken_heart,2,moscot,joint,0.06534291565067224,0.0006545689251564868,5,f2f90b51525c6c9dab8a0ec7864eb43e12333bd7d899be39c70f7528ea9d20e3,MOSCOT,refreshed_matched_formal_evaluation,36ab9a2db6c3b310710528c4c1d23b3e6dedff9c8c0ddd294d21007e905a4b30
chicken_heart,2,moscot,state,0.07207144375662677,0.0006372024020678987,5,f2f90b51525c6c9dab8a0ec7864eb43e12333bd7d899be39c70f7528ea9d20e3,MOSCOT,refreshed_matched_formal_evaluation,36ab9a2db6c3b310710528c4c1d23b3e6dedff9c8c0ddd294d21007e905a4b30
chicken_heart,2,moscot,spatial,0.0569256759618945,0.0005658739903489853,5,f2f90b51525c6c9dab8a0ec7864eb43e12333bd7d899be39c70f7528ea9d20e3,MOSCOT,refreshed_matched_formal_evaluation,36ab9a2db6c3b310710528c4c1d23b3e6dedff9c8c0ddd294d21007e905a4b30
chicken_heart,2,paste,joint,0.06251365794544703,0.0006646663301570721,5,f2f90b51525c6c9dab8a0ec7864eb43e12333bd7d899be39c70f7528ea9d20e3,PASTE,refreshed_matched_formal_evaluation,36ab9a2db6c3b310710528c4c1d23b3e6dedff9c8c0ddd294d21007e905a4b30
chicken_heart,2,paste,state,0.060132073762333205,0.0007622147093133142,5,f2f90b51525c6c9dab8a0ec7864eb43e12333bd7d899be39c70f7528ea9d20e3,PASTE,refreshed_matched_formal_evaluation,36ab9a2db6c3b310710528c4c1d23b3e6dedff9c8c0ddd294d21007e905a4b30
chicken_heart,2,paste,spatial,0.11399888800270515,0.0006428556995624313,5,f2f90b51525c6c9dab8a0ec7864eb43e12333bd7d899be39c70f7528ea9d20e3,PASTE,refreshed_matched_formal_evaluation,36ab9a2db6c3b310710528c4c1d23b3e6dedff9c8c0ddd294d21007e905a4b30
chicken_heart,2,spateo,joint,0.08319704053824328,0.0009707768698046862,5,f2f90b51525c6c9dab8a0ec7864eb43e12333bd7d899be39c70f7528ea9d20e3,Spateo,refreshed_matched_formal_evaluation,36ab9a2db6c3b310710528c4c1d23b3e6dedff9c8c0ddd294d21007e905a4b30
chicken_heart,2,spateo,state,0.07603034322018812,0.0007298652380205837,5,f2f90b51525c6c9dab8a0ec7864eb43e12333bd7d899be39c70f7528ea9d20e3,Spateo,refreshed_matched_formal_evaluation,36ab9a2db6c3b310710528c4c1d23b3e6dedff9c8c0ddd294d21007e905a4b30
chicken_heart,2,spateo,spatial,0.1859590452704177,0.0009878955806395448,5,f2f90b51525c6c9dab8a0ec7864eb43e12333bd7d899be39c70f7528ea9d20e3,Spateo,refreshed_matched_formal_evaluation,36ab9a2db6c3b310710528c4c1d23b3e6dedff9c8c0ddd294d21007e905a4b30
chicken_heart,2,random_independent_pairs,joint,0.06884621295786504,0.0006213243528594412,5,f2f90b51525c6c9dab8a0ec7864eb43e12333bd7d899be39c70f7528ea9d20e3,Random interpolation,refreshed_matched_formal_evaluation,36ab9a2db6c3b310710528c4c1d23b3e6dedff9c8c0ddd294d21007e905a4b30
chicken_heart,2,random_independent_pairs,state,0.06474598649091866,0.0006929722397624864,5,f2f90b51525c6c9dab8a0ec7864eb43e12333bd7d899be39c70f7528ea9d20e3,Random interpolation,refreshed_matched_formal_evaluation,36ab9a2db6c3b310710528c4c1d23b3e6dedff9c8c0ddd294d21007e905a4b30
chicken_heart,2,random_independent_pairs,spatial,0.13744198157513082,0.0007429751241246859,5,f2f90b51525c6c9dab8a0ec7864eb43e12333bd7d899be39c70f7528ea9d20e3,Random interpolation,refreshed_matched_formal_evaluation,36ab9a2db6c3b310710528c4c1d23b3e6dedff9c8c0ddd294d21007e905a4b30
chicken_heart,2,mioflow,state,0.06034381450049416,0.0006856866114718392,5,f2f90b51525c6c9dab8a0ec7864eb43e12333bd7d899be39c70f7528ea9d20e3,MIOFlow,refreshed_matched_formal_evaluation,36ab9a2db6c3b310710528c4c1d23b3e6dedff9c8c0ddd294d21007e905a4b30
chicken_heart,2,stories,state,0.06640354705987613,0.0006993058153333827,5,f2f90b51525c6c9dab8a0ec7864eb43e12333bd7d899be39c70f7528ea9d20e3,STORIES,refreshed_matched_formal_evaluation,36ab9a2db6c3b310710528c4c1d23b3e6dedff9c8c0ddd294d21007e905a4b30
chicken_heart,2,wot,state,0.07158051551818549,0.0007446888732710373,5,f2f90b51525c6c9dab8a0ec7864eb43e12333bd7d899be39c70f7528ea9d20e3,Waddington-OT,refreshed_matched_formal_evaluation,36ab9a2db6c3b310710528c4c1d23b3e6dedff9c8c0ddd294d21007e905a4b30
