"SYMBOL","mapped"
"1500009C09Rik",FALSE
"6430548M08Rik",TRUE
"A230057D06Rik",TRUE
"Abat",TRUE
"Acaa2",TRUE
"Acan",TRUE
"Acta2",TRUE
"Actc1",TRUE
"Actg2",TRUE
"Actn2",TRUE
"Adarb2",TRUE
"Adgrf5",TRUE
"AI480526",TRUE
"Akap8l",TRUE
"Aldh3b1",TRUE
"Alg1",TRUE
"Ambp",TRUE
"Ankrd1",TRUE
"Anks3",TRUE
"Ap3b2",TRUE
"Apoa1",TRUE
"Apoa2",TRUE
"Apoc2",TRUE
"Apoe",TRUE
"Apom",TRUE
"Araf",TRUE
"Arhgap9",TRUE
"Arhgef1",TRUE
"Armc5",TRUE
"Aspn",TRUE
"Astn2",TRUE
"Atg2a",TRUE
"Atp2b1",TRUE
"Atrn",TRUE
"Avp",TRUE
"B4galt3",TRUE
"Barx1",TRUE
"BC005537",TRUE
"Bsg",TRUE
"C1qtnf3",TRUE
"Cables2",TRUE
"Cacng4",TRUE
"Camk2n1",TRUE
"Car8",TRUE
"Casc4",FALSE
"Cbln2",TRUE
"Ccl9",TRUE
"Ccser1",TRUE
"Cd200",TRUE
"Cdk5r1",TRUE
"Cdon",TRUE
"Celf2",TRUE
"Celf4",TRUE
"Chrnb2",TRUE
"Clcn1",TRUE
"Clps",TRUE
"Clstn3",TRUE
"Clu",TRUE
"Cnmd",TRUE
"Cnn2",TRUE
"Cnr1",TRUE
"Cntnap2",TRUE
"Col14a1",TRUE
"Col20a1",TRUE
"Col2a1",TRUE
"Col9a1",TRUE
"Col9a3",TRUE
"Cpa1",TRUE
"Cracr2b",TRUE
"Crmp1",TRUE
"Csf2ra",TRUE
"Csgalnact1",TRUE
"Csmd1",TRUE
"Csrp3",TRUE
"Ctps2",TRUE
"Ctrb1",TRUE
"Ctsz",TRUE
"Cul7",TRUE
"Cxcl12",TRUE
"Cyp26b1",TRUE
"Cytl1",TRUE
"Dact3",TRUE
"Dcx",TRUE
"Defb11",TRUE
"Dnajc5",TRUE
"Dvl2",TRUE
"Dynlrb2",TRUE
"Ebf3",TRUE
"Efna3",TRUE
"Ehd2",TRUE
"Elavl3",TRUE
"Elmod1",TRUE
"Emc1",TRUE
"Emc3",TRUE
"Enho",TRUE
"Ephb3",TRUE
"Esrrg",TRUE
"Exoc7",TRUE
"Eya2",TRUE
"F13a1",TRUE
"Fam155a",FALSE
"Fam49a",FALSE
"Fbxl18",TRUE
"Fbxw8",TRUE
"Fgf14",TRUE
"Gabra1",TRUE
"Gap43",TRUE
"Gdpd5",TRUE
"Gle1",TRUE
"Gm20425",FALSE
"Gp1bb",TRUE
"Gpx1",TRUE
"Gria3",TRUE
"Grik2",TRUE
"Gstm1",TRUE
"Gzma",TRUE
"Hdlbp",TRUE
"Hic1",TRUE
"Hoxa5",TRUE
"Hoxb9",TRUE
"Hprt",FALSE
"Hsdl1",TRUE
"Hspb1",TRUE
"Htr2c",TRUE
"Ifi27l2a",TRUE
"Ifi35",TRUE
"Igf1",TRUE
"Igfbp5",TRUE
"Ina",TRUE
"Jmjd8",TRUE
"Kcne2",TRUE
"Khk",TRUE
"Kif3a",TRUE
"Klc2",TRUE
"Klhl8",TRUE
"Lamb2",TRUE
"Lats2",TRUE
"Lemd2",TRUE
"Lgals3",TRUE
"Lpl",TRUE
"Lrch4",TRUE
"Lrp11",TRUE
"Lrrc14",TRUE
"Lrrc4c",TRUE
"Lrrn2",TRUE
"Lrrtm3",TRUE
"Lst1",TRUE
"Lysmd1",TRUE
"Lyz2",TRUE
"Map2",TRUE
"Map3k11",TRUE
"Mast3",TRUE
"Matn1",TRUE
"Mdga1",TRUE
"Med12l",TRUE
"Mef2c",TRUE
"Megf8",TRUE
"Mfsd12",TRUE
"Miat",TRUE
"Mib2",TRUE
"Mllt11",TRUE
"Mmp23",TRUE
"Msrb1",TRUE
"Mybpc3",TRUE
"Myh6",TRUE
"Myh7",TRUE
"Myl1",TRUE
"Myl2",TRUE
"Myl3",TRUE
"Myl4",TRUE
"Myl9",TRUE
"Mypop",TRUE
"N4bp3",TRUE
"Naga",TRUE
"Nav3",TRUE
"Ncf2",TRUE
"Nckap5l",TRUE
"Nckipsd",TRUE
"Ncmap",TRUE
"Nnat",TRUE
"Nppa",TRUE
"Npy",TRUE
"Nrg1",TRUE
"Nrp2",TRUE
"Nrros",TRUE
"Nrxn3",TRUE
"Ntm",TRUE
"Ntpcr",TRUE
"Nxph1",TRUE
"Oaf",TRUE
"Olfml2b",TRUE
"Otulin",TRUE
"Pacsin1",TRUE
"Pcdh9",TRUE
"Pcp4",TRUE
"Pcyt1b",TRUE
"Penk",TRUE
"Pf4",TRUE
"Phactr1",TRUE
"Pid1",TRUE
"Pik3r2",TRUE
"Pitpnm1",TRUE
"Pla2g6",TRUE
"Plbd2",TRUE
"Plekha2",TRUE
"Pln",TRUE
"Plxna2",TRUE
"Pmch",TRUE
"Pmp22",TRUE
"Pnmal2",FALSE
"Pomgnt1",TRUE
"Postn",TRUE
"Ppp2r2b",TRUE
"Ppp2r3a",TRUE
"Prkcb",TRUE
"Prr36",TRUE
"Prrc2a",TRUE
"Prrg3",TRUE
"Ptprd",TRUE
"Pxdn",TRUE
"Rab12",TRUE
"Rab6b",TRUE
"Rasa4",TRUE
"Rbfa",TRUE
"Rbp4",TRUE
"Rcan2",TRUE
"Reln",TRUE
"Rhbdd2",TRUE
"Rhog",TRUE
"Rimkla",TRUE
"Rnf19b",TRUE
"Rtn1",TRUE
"S100a4",TRUE
"S100a6",TRUE
"S100a8",TRUE
"Sbno2",TRUE
"Scg3",TRUE
"Scn3a",TRUE
"Sema3a",TRUE
"Serpina6",TRUE
"Serping1",TRUE
"Sh3gl2",TRUE
"Shisa6",TRUE
"Siah3",TRUE
"Sirt7",TRUE
"Ski",TRUE
"Slc15a3",TRUE
"Slc22a15",TRUE
"Slc29a3",TRUE
"Slc39a1",TRUE
"Slc4a3",TRUE
"Slc8a1",TRUE
"Slc9a1",TRUE
"Sln",TRUE
"Smad7",TRUE
"Smarcc2",TRUE
"Spns2",TRUE
"Spp1",TRUE
"Spryd3",TRUE
"Srgn",TRUE
"Sst",TRUE
"St8sia4",TRUE
"Stac2",TRUE
"Stmn2",TRUE
"Stx4a",TRUE
"Svop",TRUE
"Synpo2l",TRUE
"Tac1",TRUE
"Tac2",TRUE
"Tagln",TRUE
"Taok2",TRUE
"Taok3",TRUE
"Tardbp",TRUE
"Tbc1d20",TRUE
"Tbr1",TRUE
"Tceal7",TRUE
"Tenm2",TRUE
"Tepsin",TRUE
"Tm6sf1",TRUE
"Tmsb10",TRUE
"Tnip1",TRUE
"Tnnc1",TRUE
"Tnnc2",TRUE
"Tnni1",TRUE
"Tnni3",TRUE
"Tnnt1",TRUE
"Tnnt2",TRUE
"Tpm2",TRUE
"Trim67",TRUE
"Ttr",TRUE
"Tyk2",TRUE
"Ulk3",TRUE
"Usp20",TRUE
"Wdr86",TRUE
"Wfikkn2",TRUE
"Wnk2",TRUE
"Zcchc18",TRUE
"Zcwpw1",TRUE
"Zfp398",TRUE
