track,target,benchmark,split,method,space,projection_repeat,projection_seed,projection_sha256,n_projections,primary_metric,primary_value,sliced_w2,exact_w1,exact_w2,n_predicted,n_observed,predicted_weight_sum,exact_ot_predicted_points,exact_ot_observed_points,output_scope,native_vs_adapter,source_time,prediction_path,prediction_sha256,prediction_summary,prediction_summary_sha256,input_manifest,input_manifest_sha256,training_reference,training_reference_sha256,source_roster,source_roster_sha256,truth_reference,truth_reference_sha256,transform_path,transform_sha256,tmv_available,tmv,tmv_absolute,predicted_mass,observed_mass_relative
loto,1,arista,loto_t1,exact_ot_displacement,joint,0,401294984,08e4e7d1b579fb9807bcb9fdbaa7957ea6012b402f2a2e9e7b64b5fa13ebc872,1024,sliced_w2,0.04695629405237395,0.04695629405237395,1.0907180136807673,1.1020507968344342,5000,8106,5000.0,800,800,native_joint,explicit_control,0,/data/cytobridge/projects/CytoBridge-ST-1104/runs/rev03-arista-heart-linear-ot-control-20260901-r1/arista/predictions/loto/exact_ot_displacement/t1/prediction.npz,dcedc50ece0d5031c01ffb0a9b04ab26812263bfcd98d00b0f713a6a68cfa35b,/data/cytobridge/projects/CytoBridge-ST-1104/runs/rev03-arista-heart-linear-ot-control-20260901-r1/arista/predictions/loto/exact_ot_displacement/t1/summary.json,950864f6f0f13b2c1d5a5229323502ca46408dc52c56f37733be4042455fd065,/data/cytobridge/projects/CytoBridge-ST-1104/runs/rev03-arista-heart-linear-ot-control-20260901-r1/arista/inputs/manifest.json,5491162645e69021470217b0178d64760be0b624fce0c97e92ff0d36f2f9bd11,/data/cytobridge/projects/CytoBridge-ST-1104/runs/rev03-arista-heart-linear-ot-control-20260901-r1/arista/inputs/loto_t1/training_reference.npz,54cd2b411436530614710324b2dec459843947cf79aadea23ede25111db5ea01,/data/cytobridge/projects/CytoBridge-ST-1104/runs/rev03-arista-heart-linear-ot-control-20260901-r1/arista/inputs/loto_t1/source_roster.npz,32b000b56e5654e429de8ee480f9106347d25c2decbd32e28891f0933585fdfb,/data/cytobridge/projects/CytoBridge-ST-1104/runs/rev03-arista-heart-linear-ot-control-20260901-r1/arista/inputs/loto_t1/truth_t1.npz,d950c94956e2d75208e264f646451fedb0c6e7ef6ad0c6fe9bef1ae84b35535d,/data/cytobridge/projects/CytoBridge-ST-1104/runs/rev03-arista-heart-linear-ot-control-20260901-r1/arista/evaluation/exact_ot_loto/transforms/loto_t1.json,3088278d1a6ad0965fac891a7a691a28e4558728419f76383015c0287b4dc991,False,,,,
loto,1,arista,loto_t1,exact_ot_displacement,joint,1,1640147315,77be60549d1ea167f489cf60b6dee1b1c9ad4fa84e1d2b7b209455186a0ee14e,1024,sliced_w2,0.04754516506476155,0.04754516506476155,1.0907180136807673,1.1020507968344342,5000,8106,5000.0,800,800,native_joint,explicit_control,0,/data/cytobridge/projects/CytoBridge-ST-1104/runs/rev03-arista-heart-linear-ot-control-20260901-r1/arista/predictions/loto/exact_ot_displacement/t1/prediction.npz,dcedc50ece0d5031c01ffb0a9b04ab26812263bfcd98d00b0f713a6a68cfa35b,/data/cytobridge/projects/CytoBridge-ST-1104/runs/rev03-arista-heart-linear-ot-control-20260901-r1/arista/predictions/loto/exact_ot_displacement/t1/summary.json,950864f6f0f13b2c1d5a5229323502ca46408dc52c56f37733be4042455fd065,/data/cytobridge/projects/CytoBridge-ST-1104/runs/rev03-arista-heart-linear-ot-control-20260901-r1/arista/inputs/manifest.json,5491162645e69021470217b0178d64760be0b624fce0c97e92ff0d36f2f9bd11,/data/cytobridge/projects/CytoBridge-ST-1104/runs/rev03-arista-heart-linear-ot-control-20260901-r1/arista/inputs/loto_t1/training_reference.npz,54cd2b411436530614710324b2dec459843947cf79aadea23ede25111db5ea01,/data/cytobridge/projects/CytoBridge-ST-1104/runs/rev03-arista-heart-linear-ot-control-20260901-r1/arista/inputs/loto_t1/source_roster.npz,32b000b56e5654e429de8ee480f9106347d25c2decbd32e28891f0933585fdfb,/data/cytobridge/projects/CytoBridge-ST-1104/runs/rev03-arista-heart-linear-ot-control-20260901-r1/arista/inputs/loto_t1/truth_t1.npz,d950c94956e2d75208e264f646451fedb0c6e7ef6ad0c6fe9bef1ae84b35535d,/data/cytobridge/projects/CytoBridge-ST-1104/runs/rev03-arista-heart-linear-ot-control-20260901-r1/arista/evaluation/exact_ot_loto/transforms/loto_t1.json,3088278d1a6ad0965fac891a7a691a28e4558728419f76383015c0287b4dc991,False,,,,
loto,1,arista,loto_t1,exact_ot_displacement,joint,2,1004849290,28e0e6065232647cdaa7d738b743de1fe75206b441c692267acff227326ad06e,1024,sliced_w2,0.04856878453418709,0.04856878453418709,1.0907180136807673,1.1020507968344342,5000,8106,5000.0,800,800,native_joint,explicit_control,0,/data/cytobridge/projects/CytoBridge-ST-1104/runs/rev03-arista-heart-linear-ot-control-20260901-r1/arista/predictions/loto/exact_ot_displacement/t1/prediction.npz,dcedc50ece0d5031c01ffb0a9b04ab26812263bfcd98d00b0f713a6a68cfa35b,/data/cytobridge/projects/CytoBridge-ST-1104/runs/rev03-arista-heart-linear-ot-control-20260901-r1/arista/predictions/loto/exact_ot_displacement/t1/summary.json,950864f6f0f13b2c1d5a5229323502ca46408dc52c56f37733be4042455fd065,/data/cytobridge/projects/CytoBridge-ST-1104/runs/rev03-arista-heart-linear-ot-control-20260901-r1/arista/inputs/manifest.json,5491162645e69021470217b0178d64760be0b624fce0c97e92ff0d36f2f9bd11,/data/cytobridge/projects/CytoBridge-ST-1104/runs/rev03-arista-heart-linear-ot-control-20260901-r1/arista/inputs/loto_t1/training_reference.npz,54cd2b411436530614710324b2dec459843947cf79aadea23ede25111db5ea01,/data/cytobridge/projects/CytoBridge-ST-1104/runs/rev03-arista-heart-linear-ot-control-20260901-r1/arista/inputs/loto_t1/source_roster.npz,32b000b56e5654e429de8ee480f9106347d25c2decbd32e28891f0933585fdfb,/data/cytobridge/projects/CytoBridge-ST-1104/runs/rev03-arista-heart-linear-ot-control-20260901-r1/arista/inputs/loto_t1/truth_t1.npz,d950c94956e2d75208e264f646451fedb0c6e7ef6ad0c6fe9bef1ae84b35535d,/data/cytobridge/projects/CytoBridge-ST-1104/runs/rev03-arista-heart-linear-ot-control-20260901-r1/arista/evaluation/exact_ot_loto/transforms/loto_t1.json,3088278d1a6ad0965fac891a7a691a28e4558728419f76383015c0287b4dc991,False,,,,
loto,1,arista,loto_t1,exact_ot_displacement,joint,3,3448555881,bb07edb31bca15601fbb1fc1df31455c19dbea91ec37588b586402c4adb490a2,1024,sliced_w2,0.047318674277106364,0.047318674277106364,1.0907180136807673,1.1020507968344342,5000,8106,5000.0,800,800,native_joint,explicit_control,0,/data/cytobridge/projects/CytoBridge-ST-1104/runs/rev03-arista-heart-linear-ot-control-20260901-r1/arista/predictions/loto/exact_ot_displacement/t1/prediction.npz,dcedc50ece0d5031c01ffb0a9b04ab26812263bfcd98d00b0f713a6a68cfa35b,/data/cytobridge/projects/CytoBridge-ST-1104/runs/rev03-arista-heart-linear-ot-control-20260901-r1/arista/predictions/loto/exact_ot_displacement/t1/summary.json,950864f6f0f13b2c1d5a5229323502ca46408dc52c56f37733be4042455fd065,/data/cytobridge/projects/CytoBridge-ST-1104/runs/rev03-arista-heart-linear-ot-control-20260901-r1/arista/inputs/manifest.json,5491162645e69021470217b0178d64760be0b624fce0c97e92ff0d36f2f9bd11,/data/cytobridge/projects/CytoBridge-ST-1104/runs/rev03-arista-heart-linear-ot-control-20260901-r1/arista/inputs/loto_t1/training_reference.npz,54cd2b411436530614710324b2dec459843947cf79aadea23ede25111db5ea01,/data/cytobridge/projects/CytoBridge-ST-1104/runs/rev03-arista-heart-linear-ot-control-20260901-r1/arista/inputs/loto_t1/source_roster.npz,32b000b56e5654e429de8ee480f9106347d25c2decbd32e28891f0933585fdfb,/data/cytobridge/projects/CytoBridge-ST-1104/runs/rev03-arista-heart-linear-ot-control-20260901-r1/arista/inputs/loto_t1/truth_t1.npz,d950c94956e2d75208e264f646451fedb0c6e7ef6ad0c6fe9bef1ae84b35535d,/data/cytobridge/projects/CytoBridge-ST-1104/runs/rev03-arista-heart-linear-ot-control-20260901-r1/arista/evaluation/exact_ot_loto/transforms/loto_t1.json,3088278d1a6ad0965fac891a7a691a28e4558728419f76383015c0287b4dc991,False,,,,
loto,1,arista,loto_t1,exact_ot_displacement,joint,4,611259312,0eeda3eb58204919cc2fc44d720c077254989037ffc35e58fc522c6539192f45,1024,sliced_w2,0.04817054263641178,0.04817054263641178,1.0907180136807673,1.1020507968344342,5000,8106,5000.0,800,800,native_joint,explicit_control,0,/data/cytobridge/projects/CytoBridge-ST-1104/runs/rev03-arista-heart-linear-ot-control-20260901-r1/arista/predictions/loto/exact_ot_displacement/t1/prediction.npz,dcedc50ece0d5031c01ffb0a9b04ab26812263bfcd98d00b0f713a6a68cfa35b,/data/cytobridge/projects/CytoBridge-ST-1104/runs/rev03-arista-heart-linear-ot-control-20260901-r1/arista/predictions/loto/exact_ot_displacement/t1/summary.json,950864f6f0f13b2c1d5a5229323502ca46408dc52c56f37733be4042455fd065,/data/cytobridge/projects/CytoBridge-ST-1104/runs/rev03-arista-heart-linear-ot-control-20260901-r1/arista/inputs/manifest.json,5491162645e69021470217b0178d64760be0b624fce0c97e92ff0d36f2f9bd11,/data/cytobridge/projects/CytoBridge-ST-1104/runs/rev03-arista-heart-linear-ot-control-20260901-r1/arista/inputs/loto_t1/training_reference.npz,54cd2b411436530614710324b2dec459843947cf79aadea23ede25111db5ea01,/data/cytobridge/projects/CytoBridge-ST-1104/runs/rev03-arista-heart-linear-ot-control-20260901-r1/arista/inputs/loto_t1/source_roster.npz,32b000b56e5654e429de8ee480f9106347d25c2decbd32e28891f0933585fdfb,/data/cytobridge/projects/CytoBridge-ST-1104/runs/rev03-arista-heart-linear-ot-control-20260901-r1/arista/inputs/loto_t1/truth_t1.npz,d950c94956e2d75208e264f646451fedb0c6e7ef6ad0c6fe9bef1ae84b35535d,/data/cytobridge/projects/CytoBridge-ST-1104/runs/rev03-arista-heart-linear-ot-control-20260901-r1/arista/evaluation/exact_ot_loto/transforms/loto_t1.json,3088278d1a6ad0965fac891a7a691a28e4558728419f76383015c0287b4dc991,False,,,,
loto,1,arista,loto_t1,exact_ot_displacement,spatial,0,3495800405,1346bc5e382618c1fff51989fde458b95e5ab02d27cf000d870414d1bc42250a,1024,sliced_w2,0.027031461957144506,0.027031461957144506,0.08136824460720805,0.10029875613894075,5000,8106,5000.0,800,800,native_joint,explicit_control,0,/data/cytobridge/projects/CytoBridge-ST-1104/runs/rev03-arista-heart-linear-ot-control-20260901-r1/arista/predictions/loto/exact_ot_displacement/t1/prediction.npz,dcedc50ece0d5031c01ffb0a9b04ab26812263bfcd98d00b0f713a6a68cfa35b,/data/cytobridge/projects/CytoBridge-ST-1104/runs/rev03-arista-heart-linear-ot-control-20260901-r1/arista/predictions/loto/exact_ot_displacement/t1/summary.json,950864f6f0f13b2c1d5a5229323502ca46408dc52c56f37733be4042455fd065,/data/cytobridge/projects/CytoBridge-ST-1104/runs/rev03-arista-heart-linear-ot-control-20260901-r1/arista/inputs/manifest.json,5491162645e69021470217b0178d64760be0b624fce0c97e92ff0d36f2f9bd11,/data/cytobridge/projects/CytoBridge-ST-1104/runs/rev03-arista-heart-linear-ot-control-20260901-r1/arista/inputs/loto_t1/training_reference.npz,54cd2b411436530614710324b2dec459843947cf79aadea23ede25111db5ea01,/data/cytobridge/projects/CytoBridge-ST-1104/runs/rev03-arista-heart-linear-ot-control-20260901-r1/arista/inputs/loto_t1/source_roster.npz,32b000b56e5654e429de8ee480f9106347d25c2decbd32e28891f0933585fdfb,/data/cytobridge/projects/CytoBridge-ST-1104/runs/rev03-arista-heart-linear-ot-control-20260901-r1/arista/inputs/loto_t1/truth_t1.npz,d950c94956e2d75208e264f646451fedb0c6e7ef6ad0c6fe9bef1ae84b35535d,/data/cytobridge/projects/CytoBridge-ST-1104/runs/rev03-arista-heart-linear-ot-control-20260901-r1/arista/evaluation/exact_ot_loto/transforms/loto_t1.json,3088278d1a6ad0965fac891a7a691a28e4558728419f76383015c0287b4dc991,False,,,,
loto,1,arista,loto_t1,exact_ot_displacement,spatial,1,3980570956,9b6a4980b199e0104612e9326d3f41eeae725d11cb80b54c3a101d8be99f256a,1024,sliced_w2,0.026865004358725974,0.026865004358725974,0.08136824460720805,0.10029875613894075,5000,8106,5000.0,800,800,native_joint,explicit_control,0,/data/cytobridge/projects/CytoBridge-ST-1104/runs/rev03-arista-heart-linear-ot-control-20260901-r1/arista/predictions/loto/exact_ot_displacement/t1/prediction.npz,dcedc50ece0d5031c01ffb0a9b04ab26812263bfcd98d00b0f713a6a68cfa35b,/data/cytobridge/projects/CytoBridge-ST-1104/runs/rev03-arista-heart-linear-ot-control-20260901-r1/arista/predictions/loto/exact_ot_displacement/t1/summary.json,950864f6f0f13b2c1d5a5229323502ca46408dc52c56f37733be4042455fd065,/data/cytobridge/projects/CytoBridge-ST-1104/runs/rev03-arista-heart-linear-ot-control-20260901-r1/arista/inputs/manifest.json,5491162645e69021470217b0178d64760be0b624fce0c97e92ff0d36f2f9bd11,/data/cytobridge/projects/CytoBridge-ST-1104/runs/rev03-arista-heart-linear-ot-control-20260901-r1/arista/inputs/loto_t1/training_reference.npz,54cd2b411436530614710324b2dec459843947cf79aadea23ede25111db5ea01,/data/cytobridge/projects/CytoBridge-ST-1104/runs/rev03-arista-heart-linear-ot-control-20260901-r1/arista/inputs/loto_t1/source_roster.npz,32b000b56e5654e429de8ee480f9106347d25c2decbd32e28891f0933585fdfb,/data/cytobridge/projects/CytoBridge-ST-1104/runs/rev03-arista-heart-linear-ot-control-20260901-r1/arista/inputs/loto_t1/truth_t1.npz,d950c94956e2d75208e264f646451fedb0c6e7ef6ad0c6fe9bef1ae84b35535d,/data/cytobridge/projects/CytoBridge-ST-1104/runs/rev03-arista-heart-linear-ot-control-20260901-r1/arista/evaluation/exact_ot_loto/transforms/loto_t1.json,3088278d1a6ad0965fac891a7a691a28e4558728419f76383015c0287b4dc991,False,,,,
loto,1,arista,loto_t1,exact_ot_displacement,spatial,2,2121560697,464cb348d7300f51030c87faad581f222b557603ea6e6addb7908c228cfcf5b2,1024,sliced_w2,0.026867800645976436,0.026867800645976436,0.08136824460720805,0.10029875613894075,5000,8106,5000.0,800,800,native_joint,explicit_control,0,/data/cytobridge/projects/CytoBridge-ST-1104/runs/rev03-arista-heart-linear-ot-control-20260901-r1/arista/predictions/loto/exact_ot_displacement/t1/prediction.npz,dcedc50ece0d5031c01ffb0a9b04ab26812263bfcd98d00b0f713a6a68cfa35b,/data/cytobridge/projects/CytoBridge-ST-1104/runs/rev03-arista-heart-linear-ot-control-20260901-r1/arista/predictions/loto/exact_ot_displacement/t1/summary.json,950864f6f0f13b2c1d5a5229323502ca46408dc52c56f37733be4042455fd065,/data/cytobridge/projects/CytoBridge-ST-1104/runs/rev03-arista-heart-linear-ot-control-20260901-r1/arista/inputs/manifest.json,5491162645e69021470217b0178d64760be0b624fce0c97e92ff0d36f2f9bd11,/data/cytobridge/projects/CytoBridge-ST-1104/runs/rev03-arista-heart-linear-ot-control-20260901-r1/arista/inputs/loto_t1/training_reference.npz,54cd2b411436530614710324b2dec459843947cf79aadea23ede25111db5ea01,/data/cytobridge/projects/CytoBridge-ST-1104/runs/rev03-arista-heart-linear-ot-control-20260901-r1/arista/inputs/loto_t1/source_roster.npz,32b000b56e5654e429de8ee480f9106347d25c2decbd32e28891f0933585fdfb,/data/cytobridge/projects/CytoBridge-ST-1104/runs/rev03-arista-heart-linear-ot-control-20260901-r1/arista/inputs/loto_t1/truth_t1.npz,d950c94956e2d75208e264f646451fedb0c6e7ef6ad0c6fe9bef1ae84b35535d,/data/cytobridge/projects/CytoBridge-ST-1104/runs/rev03-arista-heart-linear-ot-control-20260901-r1/arista/evaluation/exact_ot_loto/transforms/loto_t1.json,3088278d1a6ad0965fac891a7a691a28e4558728419f76383015c0287b4dc991,False,,,,
loto,1,arista,loto_t1,exact_ot_displacement,spatial,3,1061979479,2acf70beb6ee8c1092525c6b3017a11528336e420c451cb4e14c8e3dd2c4b4d3,1024,sliced_w2,0.026774841783839102,0.026774841783839102,0.08136824460720805,0.10029875613894075,5000,8106,5000.0,800,800,native_joint,explicit_control,0,/data/cytobridge/projects/CytoBridge-ST-1104/runs/rev03-arista-heart-linear-ot-control-20260901-r1/arista/predictions/loto/exact_ot_displacement/t1/prediction.npz,dcedc50ece0d5031c01ffb0a9b04ab26812263bfcd98d00b0f713a6a68cfa35b,/data/cytobridge/projects/CytoBridge-ST-1104/runs/rev03-arista-heart-linear-ot-control-20260901-r1/arista/predictions/loto/exact_ot_displacement/t1/summary.json,950864f6f0f13b2c1d5a5229323502ca46408dc52c56f37733be4042455fd065,/data/cytobridge/projects/CytoBridge-ST-1104/runs/rev03-arista-heart-linear-ot-control-20260901-r1/arista/inputs/manifest.json,5491162645e69021470217b0178d64760be0b624fce0c97e92ff0d36f2f9bd11,/data/cytobridge/projects/CytoBridge-ST-1104/runs/rev03-arista-heart-linear-ot-control-20260901-r1/arista/inputs/loto_t1/training_reference.npz,54cd2b411436530614710324b2dec459843947cf79aadea23ede25111db5ea01,/data/cytobridge/projects/CytoBridge-ST-1104/runs/rev03-arista-heart-linear-ot-control-20260901-r1/arista/inputs/loto_t1/source_roster.npz,32b000b56e5654e429de8ee480f9106347d25c2decbd32e28891f0933585fdfb,/data/cytobridge/projects/CytoBridge-ST-1104/runs/rev03-arista-heart-linear-ot-control-20260901-r1/arista/inputs/loto_t1/truth_t1.npz,d950c94956e2d75208e264f646451fedb0c6e7ef6ad0c6fe9bef1ae84b35535d,/data/cytobridge/projects/CytoBridge-ST-1104/runs/rev03-arista-heart-linear-ot-control-20260901-r1/arista/evaluation/exact_ot_loto/transforms/loto_t1.json,3088278d1a6ad0965fac891a7a691a28e4558728419f76383015c0287b4dc991,False,,,,
loto,1,arista,loto_t1,exact_ot_displacement,spatial,4,2529533041,97a4ed0d8e411b3e9d41f95fa4be902ab9136ca7710953bc57264ab360a0a011,1024,sliced_w2,0.026806854891061285,0.026806854891061285,0.08136824460720805,0.10029875613894075,5000,8106,5000.0,800,800,native_joint,explicit_control,0,/data/cytobridge/projects/CytoBridge-ST-1104/runs/rev03-arista-heart-linear-ot-control-20260901-r1/arista/predictions/loto/exact_ot_displacement/t1/prediction.npz,dcedc50ece0d5031c01ffb0a9b04ab26812263bfcd98d00b0f713a6a68cfa35b,/data/cytobridge/projects/CytoBridge-ST-1104/runs/rev03-arista-heart-linear-ot-control-20260901-r1/arista/predictions/loto/exact_ot_displacement/t1/summary.json,950864f6f0f13b2c1d5a5229323502ca46408dc52c56f37733be4042455fd065,/data/cytobridge/projects/CytoBridge-ST-1104/runs/rev03-arista-heart-linear-ot-control-20260901-r1/arista/inputs/manifest.json,5491162645e69021470217b0178d64760be0b624fce0c97e92ff0d36f2f9bd11,/data/cytobridge/projects/CytoBridge-ST-1104/runs/rev03-arista-heart-linear-ot-control-20260901-r1/arista/inputs/loto_t1/training_reference.npz,54cd2b411436530614710324b2dec459843947cf79aadea23ede25111db5ea01,/data/cytobridge/projects/CytoBridge-ST-1104/runs/rev03-arista-heart-linear-ot-control-20260901-r1/arista/inputs/loto_t1/source_roster.npz,32b000b56e5654e429de8ee480f9106347d25c2decbd32e28891f0933585fdfb,/data/cytobridge/projects/CytoBridge-ST-1104/runs/rev03-arista-heart-linear-ot-control-20260901-r1/arista/inputs/loto_t1/truth_t1.npz,d950c94956e2d75208e264f646451fedb0c6e7ef6ad0c6fe9bef1ae84b35535d,/data/cytobridge/projects/CytoBridge-ST-1104/runs/rev03-arista-heart-linear-ot-control-20260901-r1/arista/evaluation/exact_ot_loto/transforms/loto_t1.json,3088278d1a6ad0965fac891a7a691a28e4558728419f76383015c0287b4dc991,False,,,,
loto,1,arista,loto_t1,exact_ot_displacement,state,0,441312162,0cb51e720b182c7e53802fc740cb9bf353ab6c232be5a6245a0727110a350d5e,1024,sliced_w2,0.05137563129042736,0.05137563129042736,1.0123708894004975,1.0208312654993654,5000,8106,5000.0,800,800,native_joint,explicit_control,0,/data/cytobridge/projects/CytoBridge-ST-1104/runs/rev03-arista-heart-linear-ot-control-20260901-r1/arista/predictions/loto/exact_ot_displacement/t1/prediction.npz,dcedc50ece0d5031c01ffb0a9b04ab26812263bfcd98d00b0f713a6a68cfa35b,/data/cytobridge/projects/CytoBridge-ST-1104/runs/rev03-arista-heart-linear-ot-control-20260901-r1/arista/predictions/loto/exact_ot_displacement/t1/summary.json,950864f6f0f13b2c1d5a5229323502ca46408dc52c56f37733be4042455fd065,/data/cytobridge/projects/CytoBridge-ST-1104/runs/rev03-arista-heart-linear-ot-control-20260901-r1/arista/inputs/manifest.json,5491162645e69021470217b0178d64760be0b624fce0c97e92ff0d36f2f9bd11,/data/cytobridge/projects/CytoBridge-ST-1104/runs/rev03-arista-heart-linear-ot-control-20260901-r1/arista/inputs/loto_t1/training_reference.npz,54cd2b411436530614710324b2dec459843947cf79aadea23ede25111db5ea01,/data/cytobridge/projects/CytoBridge-ST-1104/runs/rev03-arista-heart-linear-ot-control-20260901-r1/arista/inputs/loto_t1/source_roster.npz,32b000b56e5654e429de8ee480f9106347d25c2decbd32e28891f0933585fdfb,/data/cytobridge/projects/CytoBridge-ST-1104/runs/rev03-arista-heart-linear-ot-control-20260901-r1/arista/inputs/loto_t1/truth_t1.npz,d950c94956e2d75208e264f646451fedb0c6e7ef6ad0c6fe9bef1ae84b35535d,/data/cytobridge/projects/CytoBridge-ST-1104/runs/rev03-arista-heart-linear-ot-control-20260901-r1/arista/evaluation/exact_ot_loto/transforms/loto_t1.json,3088278d1a6ad0965fac891a7a691a28e4558728419f76383015c0287b4dc991,False,,,,
loto,1,arista,loto_t1,exact_ot_displacement,state,1,1515122972,7b65b5a38f97c7ce9d97e94b1d9fbb905c6437c288e8e4df180a3f706dec8b9d,1024,sliced_w2,0.05082912641204006,0.05082912641204006,1.0123708894004975,1.0208312654993654,5000,8106,5000.0,800,800,native_joint,explicit_control,0,/data/cytobridge/projects/CytoBridge-ST-1104/runs/rev03-arista-heart-linear-ot-control-20260901-r1/arista/predictions/loto/exact_ot_displacement/t1/prediction.npz,dcedc50ece0d5031c01ffb0a9b04ab26812263bfcd98d00b0f713a6a68cfa35b,/data/cytobridge/projects/CytoBridge-ST-1104/runs/rev03-arista-heart-linear-ot-control-20260901-r1/arista/predictions/loto/exact_ot_displacement/t1/summary.json,950864f6f0f13b2c1d5a5229323502ca46408dc52c56f37733be4042455fd065,/data/cytobridge/projects/CytoBridge-ST-1104/runs/rev03-arista-heart-linear-ot-control-20260901-r1/arista/inputs/manifest.json,5491162645e69021470217b0178d64760be0b624fce0c97e92ff0d36f2f9bd11,/data/cytobridge/projects/CytoBridge-ST-1104/runs/rev03-arista-heart-linear-ot-control-20260901-r1/arista/inputs/loto_t1/training_reference.npz,54cd2b411436530614710324b2dec459843947cf79aadea23ede25111db5ea01,/data/cytobridge/projects/CytoBridge-ST-1104/runs/rev03-arista-heart-linear-ot-control-20260901-r1/arista/inputs/loto_t1/source_roster.npz,32b000b56e5654e429de8ee480f9106347d25c2decbd32e28891f0933585fdfb,/data/cytobridge/projects/CytoBridge-ST-1104/runs/rev03-arista-heart-linear-ot-control-20260901-r1/arista/inputs/loto_t1/truth_t1.npz,d950c94956e2d75208e264f646451fedb0c6e7ef6ad0c6fe9bef1ae84b35535d,/data/cytobridge/projects/CytoBridge-ST-1104/runs/rev03-arista-heart-linear-ot-control-20260901-r1/arista/evaluation/exact_ot_loto/transforms/loto_t1.json,3088278d1a6ad0965fac891a7a691a28e4558728419f76383015c0287b4dc991,False,,,,
loto,1,arista,loto_t1,exact_ot_displacement,state,2,3102586805,3d772bd68dee2a4ec4780316cd64bab95871f914ba1568a1e315cceef59e4c6b,1024,sliced_w2,0.0507798623521197,0.0507798623521197,1.0123708894004975,1.0208312654993654,5000,8106,5000.0,800,800,native_joint,explicit_control,0,/data/cytobridge/projects/CytoBridge-ST-1104/runs/rev03-arista-heart-linear-ot-control-20260901-r1/arista/predictions/loto/exact_ot_displacement/t1/prediction.npz,dcedc50ece0d5031c01ffb0a9b04ab26812263bfcd98d00b0f713a6a68cfa35b,/data/cytobridge/projects/CytoBridge-ST-1104/runs/rev03-arista-heart-linear-ot-control-20260901-r1/arista/predictions/loto/exact_ot_displacement/t1/summary.json,950864f6f0f13b2c1d5a5229323502ca46408dc52c56f37733be4042455fd065,/data/cytobridge/projects/CytoBridge-ST-1104/runs/rev03-arista-heart-linear-ot-control-20260901-r1/arista/inputs/manifest.json,5491162645e69021470217b0178d64760be0b624fce0c97e92ff0d36f2f9bd11,/data/cytobridge/projects/CytoBridge-ST-1104/runs/rev03-arista-heart-linear-ot-control-20260901-r1/arista/inputs/loto_t1/training_reference.npz,54cd2b411436530614710324b2dec459843947cf79aadea23ede25111db5ea01,/data/cytobridge/projects/CytoBridge-ST-1104/runs/rev03-arista-heart-linear-ot-control-20260901-r1/arista/inputs/loto_t1/source_roster.npz,32b000b56e5654e429de8ee480f9106347d25c2decbd32e28891f0933585fdfb,/data/cytobridge/projects/CytoBridge-ST-1104/runs/rev03-arista-heart-linear-ot-control-20260901-r1/arista/inputs/loto_t1/truth_t1.npz,d950c94956e2d75208e264f646451fedb0c6e7ef6ad0c6fe9bef1ae84b35535d,/data/cytobridge/projects/CytoBridge-ST-1104/runs/rev03-arista-heart-linear-ot-control-20260901-r1/arista/evaluation/exact_ot_loto/transforms/loto_t1.json,3088278d1a6ad0965fac891a7a691a28e4558728419f76383015c0287b4dc991,False,,,,
loto,1,arista,loto_t1,exact_ot_displacement,state,3,2949399283,a704131ac72bf360e641b7206f9e6c754313cd5c3bd5c980e2ef30da8ad8e0e1,1024,sliced_w2,0.04943032628344854,0.04943032628344854,1.0123708894004975,1.0208312654993654,5000,8106,5000.0,800,800,native_joint,explicit_control,0,/data/cytobridge/projects/CytoBridge-ST-1104/runs/rev03-arista-heart-linear-ot-control-20260901-r1/arista/predictions/loto/exact_ot_displacement/t1/prediction.npz,dcedc50ece0d5031c01ffb0a9b04ab26812263bfcd98d00b0f713a6a68cfa35b,/data/cytobridge/projects/CytoBridge-ST-1104/runs/rev03-arista-heart-linear-ot-control-20260901-r1/arista/predictions/loto/exact_ot_displacement/t1/summary.json,950864f6f0f13b2c1d5a5229323502ca46408dc52c56f37733be4042455fd065,/data/cytobridge/projects/CytoBridge-ST-1104/runs/rev03-arista-heart-linear-ot-control-20260901-r1/arista/inputs/manifest.json,5491162645e69021470217b0178d64760be0b624fce0c97e92ff0d36f2f9bd11,/data/cytobridge/projects/CytoBridge-ST-1104/runs/rev03-arista-heart-linear-ot-control-20260901-r1/arista/inputs/loto_t1/training_reference.npz,54cd2b411436530614710324b2dec459843947cf79aadea23ede25111db5ea01,/data/cytobridge/projects/CytoBridge-ST-1104/runs/rev03-arista-heart-linear-ot-control-20260901-r1/arista/inputs/loto_t1/source_roster.npz,32b000b56e5654e429de8ee480f9106347d25c2decbd32e28891f0933585fdfb,/data/cytobridge/projects/CytoBridge-ST-1104/runs/rev03-arista-heart-linear-ot-control-20260901-r1/arista/inputs/loto_t1/truth_t1.npz,d950c94956e2d75208e264f646451fedb0c6e7ef6ad0c6fe9bef1ae84b35535d,/data/cytobridge/projects/CytoBridge-ST-1104/runs/rev03-arista-heart-linear-ot-control-20260901-r1/arista/evaluation/exact_ot_loto/transforms/loto_t1.json,3088278d1a6ad0965fac891a7a691a28e4558728419f76383015c0287b4dc991,False,,,,
loto,1,arista,loto_t1,exact_ot_displacement,state,4,1784144744,b590b01db0ba0dc15ca16a12f01fdf1150eea4cf8f81ae84d76790d4b61629d9,1024,sliced_w2,0.051086079638759725,0.051086079638759725,1.0123708894004975,1.0208312654993654,5000,8106,5000.0,800,800,native_joint,explicit_control,0,/data/cytobridge/projects/CytoBridge-ST-1104/runs/rev03-arista-heart-linear-ot-control-20260901-r1/arista/predictions/loto/exact_ot_displacement/t1/prediction.npz,dcedc50ece0d5031c01ffb0a9b04ab26812263bfcd98d00b0f713a6a68cfa35b,/data/cytobridge/projects/CytoBridge-ST-1104/runs/rev03-arista-heart-linear-ot-control-20260901-r1/arista/predictions/loto/exact_ot_displacement/t1/summary.json,950864f6f0f13b2c1d5a5229323502ca46408dc52c56f37733be4042455fd065,/data/cytobridge/projects/CytoBridge-ST-1104/runs/rev03-arista-heart-linear-ot-control-20260901-r1/arista/inputs/manifest.json,5491162645e69021470217b0178d64760be0b624fce0c97e92ff0d36f2f9bd11,/data/cytobridge/projects/CytoBridge-ST-1104/runs/rev03-arista-heart-linear-ot-control-20260901-r1/arista/inputs/loto_t1/training_reference.npz,54cd2b411436530614710324b2dec459843947cf79aadea23ede25111db5ea01,/data/cytobridge/projects/CytoBridge-ST-1104/runs/rev03-arista-heart-linear-ot-control-20260901-r1/arista/inputs/loto_t1/source_roster.npz,32b000b56e5654e429de8ee480f9106347d25c2decbd32e28891f0933585fdfb,/data/cytobridge/projects/CytoBridge-ST-1104/runs/rev03-arista-heart-linear-ot-control-20260901-r1/arista/inputs/loto_t1/truth_t1.npz,d950c94956e2d75208e264f646451fedb0c6e7ef6ad0c6fe9bef1ae84b35535d,/data/cytobridge/projects/CytoBridge-ST-1104/runs/rev03-arista-heart-linear-ot-control-20260901-r1/arista/evaluation/exact_ot_loto/transforms/loto_t1.json,3088278d1a6ad0965fac891a7a691a28e4558728419f76383015c0287b4dc991,False,,,,
loto,2,arista,loto_t2,exact_ot_displacement,joint,0,3138192460,006e2645d00bcc08e5bb59432a1943a5135e620c5e65e78f6339f130285747c9,1024,sliced_w2,0.055929521765763955,0.055929521765763955,1.1376148587933863,1.1476407898075185,5000,9436,5000.0,800,800,native_joint,explicit_control,1,/data/cytobridge/projects/CytoBridge-ST-1104/runs/rev03-arista-heart-linear-ot-control-20260901-r1/arista/predictions/loto/exact_ot_displacement/t2/prediction.npz,4a2f29a039f1f4c3852bb824470b87fbaf6814d50f7f95412dad6159498d2feb,/data/cytobridge/projects/CytoBridge-ST-1104/runs/rev03-arista-heart-linear-ot-control-20260901-r1/arista/predictions/loto/exact_ot_displacement/t2/summary.json,570db017c31d3b43ec0d910b9383126545f79fc771c6f8b065a7e7e8a5156d77,/data/cytobridge/projects/CytoBridge-ST-1104/runs/rev03-arista-heart-linear-ot-control-20260901-r1/arista/inputs/manifest.json,5491162645e69021470217b0178d64760be0b624fce0c97e92ff0d36f2f9bd11,/data/cytobridge/projects/CytoBridge-ST-1104/runs/rev03-arista-heart-linear-ot-control-20260901-r1/arista/inputs/loto_t2/training_reference.npz,fc2ab27e7db90b5cac79e2bffe1be088555d8dc3d1c9589f485d230504a91191,/data/cytobridge/projects/CytoBridge-ST-1104/runs/rev03-arista-heart-linear-ot-control-20260901-r1/arista/inputs/loto_t2/source_roster.npz,c5d6cf478dfe4e713b069408c32eadac37a2cfbf7a3db8a8764f39f7c5a19b92,/data/cytobridge/projects/CytoBridge-ST-1104/runs/rev03-arista-heart-linear-ot-control-20260901-r1/arista/inputs/loto_t2/truth_t2.npz,b7ee9cdd216be775b4cc5251f2ffe9f79a393367f06b9f58a957a96fb9b716a8,/data/cytobridge/projects/CytoBridge-ST-1104/runs/rev03-arista-heart-linear-ot-control-20260901-r1/arista/evaluation/exact_ot_loto/transforms/loto_t2.json,120ccbcc62e0cb7f4d26e63142230ea9aef4af725ef7f8a7d69d29e8319050bf,False,,,,
loto,2,arista,loto_t2,exact_ot_displacement,joint,1,2221628557,ecaf52c4dd17f06c4f99d0cf2bc64bb751997ff528e430a2fe0b1b41bad8ac5a,1024,sliced_w2,0.054371171732919076,0.054371171732919076,1.1376148587933863,1.1476407898075185,5000,9436,5000.0,800,800,native_joint,explicit_control,1,/data/cytobridge/projects/CytoBridge-ST-1104/runs/rev03-arista-heart-linear-ot-control-20260901-r1/arista/predictions/loto/exact_ot_displacement/t2/prediction.npz,4a2f29a039f1f4c3852bb824470b87fbaf6814d50f7f95412dad6159498d2feb,/data/cytobridge/projects/CytoBridge-ST-1104/runs/rev03-arista-heart-linear-ot-control-20260901-r1/arista/predictions/loto/exact_ot_displacement/t2/summary.json,570db017c31d3b43ec0d910b9383126545f79fc771c6f8b065a7e7e8a5156d77,/data/cytobridge/projects/CytoBridge-ST-1104/runs/rev03-arista-heart-linear-ot-control-20260901-r1/arista/inputs/manifest.json,5491162645e69021470217b0178d64760be0b624fce0c97e92ff0d36f2f9bd11,/data/cytobridge/projects/CytoBridge-ST-1104/runs/rev03-arista-heart-linear-ot-control-20260901-r1/arista/inputs/loto_t2/training_reference.npz,fc2ab27e7db90b5cac79e2bffe1be088555d8dc3d1c9589f485d230504a91191,/data/cytobridge/projects/CytoBridge-ST-1104/runs/rev03-arista-heart-linear-ot-control-20260901-r1/arista/inputs/loto_t2/source_roster.npz,c5d6cf478dfe4e713b069408c32eadac37a2cfbf7a3db8a8764f39f7c5a19b92,/data/cytobridge/projects/CytoBridge-ST-1104/runs/rev03-arista-heart-linear-ot-control-20260901-r1/arista/inputs/loto_t2/truth_t2.npz,b7ee9cdd216be775b4cc5251f2ffe9f79a393367f06b9f58a957a96fb9b716a8,/data/cytobridge/projects/CytoBridge-ST-1104/runs/rev03-arista-heart-linear-ot-control-20260901-r1/arista/evaluation/exact_ot_loto/transforms/loto_t2.json,120ccbcc62e0cb7f4d26e63142230ea9aef4af725ef7f8a7d69d29e8319050bf,False,,,,
loto,2,arista,loto_t2,exact_ot_displacement,joint,2,2923964718,b04d966a33d8323550124959b2c1dd2e467df8eaef4d01acc4c8bab420afc47c,1024,sliced_w2,0.05479211051181542,0.05479211051181542,1.1376148587933863,1.1476407898075185,5000,9436,5000.0,800,800,native_joint,explicit_control,1,/data/cytobridge/projects/CytoBridge-ST-1104/runs/rev03-arista-heart-linear-ot-control-20260901-r1/arista/predictions/loto/exact_ot_displacement/t2/prediction.npz,4a2f29a039f1f4c3852bb824470b87fbaf6814d50f7f95412dad6159498d2feb,/data/cytobridge/projects/CytoBridge-ST-1104/runs/rev03-arista-heart-linear-ot-control-20260901-r1/arista/predictions/loto/exact_ot_displacement/t2/summary.json,570db017c31d3b43ec0d910b9383126545f79fc771c6f8b065a7e7e8a5156d77,/data/cytobridge/projects/CytoBridge-ST-1104/runs/rev03-arista-heart-linear-ot-control-20260901-r1/arista/inputs/manifest.json,5491162645e69021470217b0178d64760be0b624fce0c97e92ff0d36f2f9bd11,/data/cytobridge/projects/CytoBridge-ST-1104/runs/rev03-arista-heart-linear-ot-control-20260901-r1/arista/inputs/loto_t2/training_reference.npz,fc2ab27e7db90b5cac79e2bffe1be088555d8dc3d1c9589f485d230504a91191,/data/cytobridge/projects/CytoBridge-ST-1104/runs/rev03-arista-heart-linear-ot-control-20260901-r1/arista/inputs/loto_t2/source_roster.npz,c5d6cf478dfe4e713b069408c32eadac37a2cfbf7a3db8a8764f39f7c5a19b92,/data/cytobridge/projects/CytoBridge-ST-1104/runs/rev03-arista-heart-linear-ot-control-20260901-r1/arista/inputs/loto_t2/truth_t2.npz,b7ee9cdd216be775b4cc5251f2ffe9f79a393367f06b9f58a957a96fb9b716a8,/data/cytobridge/projects/CytoBridge-ST-1104/runs/rev03-arista-heart-linear-ot-control-20260901-r1/arista/evaluation/exact_ot_loto/transforms/loto_t2.json,120ccbcc62e0cb7f4d26e63142230ea9aef4af725ef7f8a7d69d29e8319050bf,False,,,,
loto,2,arista,loto_t2,exact_ot_displacement,joint,3,3844035087,d40525efadcd9532d2c400d67442f5e19da6cc7229e2eb53dc3b0a3fba30bcf5,1024,sliced_w2,0.053962263433210166,0.053962263433210166,1.1376148587933863,1.1476407898075185,5000,9436,5000.0,800,800,native_joint,explicit_control,1,/data/cytobridge/projects/CytoBridge-ST-1104/runs/rev03-arista-heart-linear-ot-control-20260901-r1/arista/predictions/loto/exact_ot_displacement/t2/prediction.npz,4a2f29a039f1f4c3852bb824470b87fbaf6814d50f7f95412dad6159498d2feb,/data/cytobridge/projects/CytoBridge-ST-1104/runs/rev03-arista-heart-linear-ot-control-20260901-r1/arista/predictions/loto/exact_ot_displacement/t2/summary.json,570db017c31d3b43ec0d910b9383126545f79fc771c6f8b065a7e7e8a5156d77,/data/cytobridge/projects/CytoBridge-ST-1104/runs/rev03-arista-heart-linear-ot-control-20260901-r1/arista/inputs/manifest.json,5491162645e69021470217b0178d64760be0b624fce0c97e92ff0d36f2f9bd11,/data/cytobridge/projects/CytoBridge-ST-1104/runs/rev03-arista-heart-linear-ot-control-20260901-r1/arista/inputs/loto_t2/training_reference.npz,fc2ab27e7db90b5cac79e2bffe1be088555d8dc3d1c9589f485d230504a91191,/data/cytobridge/projects/CytoBridge-ST-1104/runs/rev03-arista-heart-linear-ot-control-20260901-r1/arista/inputs/loto_t2/source_roster.npz,c5d6cf478dfe4e713b069408c32eadac37a2cfbf7a3db8a8764f39f7c5a19b92,/data/cytobridge/projects/CytoBridge-ST-1104/runs/rev03-arista-heart-linear-ot-control-20260901-r1/arista/inputs/loto_t2/truth_t2.npz,b7ee9cdd216be775b4cc5251f2ffe9f79a393367f06b9f58a957a96fb9b716a8,/data/cytobridge/projects/CytoBridge-ST-1104/runs/rev03-arista-heart-linear-ot-control-20260901-r1/arista/evaluation/exact_ot_loto/transforms/loto_t2.json,120ccbcc62e0cb7f4d26e63142230ea9aef4af725ef7f8a7d69d29e8319050bf,False,,,,
loto,2,arista,loto_t2,exact_ot_displacement,joint,4,2149715777,41e3e3ead7d265adea73328a3fb2201a67786f0b7d36fbdde3294584c4ca45e1,1024,sliced_w2,0.054525100770938986,0.054525100770938986,1.1376148587933863,1.1476407898075185,5000,9436,5000.0,800,800,native_joint,explicit_control,1,/data/cytobridge/projects/CytoBridge-ST-1104/runs/rev03-arista-heart-linear-ot-control-20260901-r1/arista/predictions/loto/exact_ot_displacement/t2/prediction.npz,4a2f29a039f1f4c3852bb824470b87fbaf6814d50f7f95412dad6159498d2feb,/data/cytobridge/projects/CytoBridge-ST-1104/runs/rev03-arista-heart-linear-ot-control-20260901-r1/arista/predictions/loto/exact_ot_displacement/t2/summary.json,570db017c31d3b43ec0d910b9383126545f79fc771c6f8b065a7e7e8a5156d77,/data/cytobridge/projects/CytoBridge-ST-1104/runs/rev03-arista-heart-linear-ot-control-20260901-r1/arista/inputs/manifest.json,5491162645e69021470217b0178d64760be0b624fce0c97e92ff0d36f2f9bd11,/data/cytobridge/projects/CytoBridge-ST-1104/runs/rev03-arista-heart-linear-ot-control-20260901-r1/arista/inputs/loto_t2/training_reference.npz,fc2ab27e7db90b5cac79e2bffe1be088555d8dc3d1c9589f485d230504a91191,/data/cytobridge/projects/CytoBridge-ST-1104/runs/rev03-arista-heart-linear-ot-control-20260901-r1/arista/inputs/loto_t2/source_roster.npz,c5d6cf478dfe4e713b069408c32eadac37a2cfbf7a3db8a8764f39f7c5a19b92,/data/cytobridge/projects/CytoBridge-ST-1104/runs/rev03-arista-heart-linear-ot-control-20260901-r1/arista/inputs/loto_t2/truth_t2.npz,b7ee9cdd216be775b4cc5251f2ffe9f79a393367f06b9f58a957a96fb9b716a8,/data/cytobridge/projects/CytoBridge-ST-1104/runs/rev03-arista-heart-linear-ot-control-20260901-r1/arista/evaluation/exact_ot_loto/transforms/loto_t2.json,120ccbcc62e0cb7f4d26e63142230ea9aef4af725ef7f8a7d69d29e8319050bf,False,,,,
loto,2,arista,loto_t2,exact_ot_displacement,spatial,0,1637820121,547af59c0c426833bc88a671ef3919b54ba63f4e312279aa9fea1df3ee2762cd,1024,sliced_w2,0.045742954448757964,0.045742954448757964,0.13567679229016852,0.15814687179511774,5000,9436,5000.0,800,800,native_joint,explicit_control,1,/data/cytobridge/projects/CytoBridge-ST-1104/runs/rev03-arista-heart-linear-ot-control-20260901-r1/arista/predictions/loto/exact_ot_displacement/t2/prediction.npz,4a2f29a039f1f4c3852bb824470b87fbaf6814d50f7f95412dad6159498d2feb,/data/cytobridge/projects/CytoBridge-ST-1104/runs/rev03-arista-heart-linear-ot-control-20260901-r1/arista/predictions/loto/exact_ot_displacement/t2/summary.json,570db017c31d3b43ec0d910b9383126545f79fc771c6f8b065a7e7e8a5156d77,/data/cytobridge/projects/CytoBridge-ST-1104/runs/rev03-arista-heart-linear-ot-control-20260901-r1/arista/inputs/manifest.json,5491162645e69021470217b0178d64760be0b624fce0c97e92ff0d36f2f9bd11,/data/cytobridge/projects/CytoBridge-ST-1104/runs/rev03-arista-heart-linear-ot-control-20260901-r1/arista/inputs/loto_t2/training_reference.npz,fc2ab27e7db90b5cac79e2bffe1be088555d8dc3d1c9589f485d230504a91191,/data/cytobridge/projects/CytoBridge-ST-1104/runs/rev03-arista-heart-linear-ot-control-20260901-r1/arista/inputs/loto_t2/source_roster.npz,c5d6cf478dfe4e713b069408c32eadac37a2cfbf7a3db8a8764f39f7c5a19b92,/data/cytobridge/projects/CytoBridge-ST-1104/runs/rev03-arista-heart-linear-ot-control-20260901-r1/arista/inputs/loto_t2/truth_t2.npz,b7ee9cdd216be775b4cc5251f2ffe9f79a393367f06b9f58a957a96fb9b716a8,/data/cytobridge/projects/CytoBridge-ST-1104/runs/rev03-arista-heart-linear-ot-control-20260901-r1/arista/evaluation/exact_ot_loto/transforms/loto_t2.json,120ccbcc62e0cb7f4d26e63142230ea9aef4af725ef7f8a7d69d29e8319050bf,False,,,,
loto,2,arista,loto_t2,exact_ot_displacement,spatial,1,2188934009,5b28727db25c55df09aa79badc505694bc54a2a258a362a49091cbb04a9279dd,1024,sliced_w2,0.045993513854782474,0.045993513854782474,0.13567679229016852,0.15814687179511774,5000,9436,5000.0,800,800,native_joint,explicit_control,1,/data/cytobridge/projects/CytoBridge-ST-1104/runs/rev03-arista-heart-linear-ot-control-20260901-r1/arista/predictions/loto/exact_ot_displacement/t2/prediction.npz,4a2f29a039f1f4c3852bb824470b87fbaf6814d50f7f95412dad6159498d2feb,/data/cytobridge/projects/CytoBridge-ST-1104/runs/rev03-arista-heart-linear-ot-control-20260901-r1/arista/predictions/loto/exact_ot_displacement/t2/summary.json,570db017c31d3b43ec0d910b9383126545f79fc771c6f8b065a7e7e8a5156d77,/data/cytobridge/projects/CytoBridge-ST-1104/runs/rev03-arista-heart-linear-ot-control-20260901-r1/arista/inputs/manifest.json,5491162645e69021470217b0178d64760be0b624fce0c97e92ff0d36f2f9bd11,/data/cytobridge/projects/CytoBridge-ST-1104/runs/rev03-arista-heart-linear-ot-control-20260901-r1/arista/inputs/loto_t2/training_reference.npz,fc2ab27e7db90b5cac79e2bffe1be088555d8dc3d1c9589f485d230504a91191,/data/cytobridge/projects/CytoBridge-ST-1104/runs/rev03-arista-heart-linear-ot-control-20260901-r1/arista/inputs/loto_t2/source_roster.npz,c5d6cf478dfe4e713b069408c32eadac37a2cfbf7a3db8a8764f39f7c5a19b92,/data/cytobridge/projects/CytoBridge-ST-1104/runs/rev03-arista-heart-linear-ot-control-20260901-r1/arista/inputs/loto_t2/truth_t2.npz,b7ee9cdd216be775b4cc5251f2ffe9f79a393367f06b9f58a957a96fb9b716a8,/data/cytobridge/projects/CytoBridge-ST-1104/runs/rev03-arista-heart-linear-ot-control-20260901-r1/arista/evaluation/exact_ot_loto/transforms/loto_t2.json,120ccbcc62e0cb7f4d26e63142230ea9aef4af725ef7f8a7d69d29e8319050bf,False,,,,
loto,2,arista,loto_t2,exact_ot_displacement,spatial,2,2201648614,a0b5deb08d2fee21b6df5a5f17811b3ee3597c7867cfdef42514d4823caab4ac,1024,sliced_w2,0.045780488147051684,0.045780488147051684,0.13567679229016852,0.15814687179511774,5000,9436,5000.0,800,800,native_joint,explicit_control,1,/data/cytobridge/projects/CytoBridge-ST-1104/runs/rev03-arista-heart-linear-ot-control-20260901-r1/arista/predictions/loto/exact_ot_displacement/t2/prediction.npz,4a2f29a039f1f4c3852bb824470b87fbaf6814d50f7f95412dad6159498d2feb,/data/cytobridge/projects/CytoBridge-ST-1104/runs/rev03-arista-heart-linear-ot-control-20260901-r1/arista/predictions/loto/exact_ot_displacement/t2/summary.json,570db017c31d3b43ec0d910b9383126545f79fc771c6f8b065a7e7e8a5156d77,/data/cytobridge/projects/CytoBridge-ST-1104/runs/rev03-arista-heart-linear-ot-control-20260901-r1/arista/inputs/manifest.json,5491162645e69021470217b0178d64760be0b624fce0c97e92ff0d36f2f9bd11,/data/cytobridge/projects/CytoBridge-ST-1104/runs/rev03-arista-heart-linear-ot-control-20260901-r1/arista/inputs/loto_t2/training_reference.npz,fc2ab27e7db90b5cac79e2bffe1be088555d8dc3d1c9589f485d230504a91191,/data/cytobridge/projects/CytoBridge-ST-1104/runs/rev03-arista-heart-linear-ot-control-20260901-r1/arista/inputs/loto_t2/source_roster.npz,c5d6cf478dfe4e713b069408c32eadac37a2cfbf7a3db8a8764f39f7c5a19b92,/data/cytobridge/projects/CytoBridge-ST-1104/runs/rev03-arista-heart-linear-ot-control-20260901-r1/arista/inputs/loto_t2/truth_t2.npz,b7ee9cdd216be775b4cc5251f2ffe9f79a393367f06b9f58a957a96fb9b716a8,/data/cytobridge/projects/CytoBridge-ST-1104/runs/rev03-arista-heart-linear-ot-control-20260901-r1/arista/evaluation/exact_ot_loto/transforms/loto_t2.json,120ccbcc62e0cb7f4d26e63142230ea9aef4af725ef7f8a7d69d29e8319050bf,False,,,,
loto,2,arista,loto_t2,exact_ot_displacement,spatial,3,1696241976,708409d3ecfc88e8fbe851b487ebef9f055fca55217199dae305841c5f6e2a31,1024,sliced_w2,0.04564309201141066,0.04564309201141066,0.13567679229016852,0.15814687179511774,5000,9436,5000.0,800,800,native_joint,explicit_control,1,/data/cytobridge/projects/CytoBridge-ST-1104/runs/rev03-arista-heart-linear-ot-control-20260901-r1/arista/predictions/loto/exact_ot_displacement/t2/prediction.npz,4a2f29a039f1f4c3852bb824470b87fbaf6814d50f7f95412dad6159498d2feb,/data/cytobridge/projects/CytoBridge-ST-1104/runs/rev03-arista-heart-linear-ot-control-20260901-r1/arista/predictions/loto/exact_ot_displacement/t2/summary.json,570db017c31d3b43ec0d910b9383126545f79fc771c6f8b065a7e7e8a5156d77,/data/cytobridge/projects/CytoBridge-ST-1104/runs/rev03-arista-heart-linear-ot-control-20260901-r1/arista/inputs/manifest.json,5491162645e69021470217b0178d64760be0b624fce0c97e92ff0d36f2f9bd11,/data/cytobridge/projects/CytoBridge-ST-1104/runs/rev03-arista-heart-linear-ot-control-20260901-r1/arista/inputs/loto_t2/training_reference.npz,fc2ab27e7db90b5cac79e2bffe1be088555d8dc3d1c9589f485d230504a91191,/data/cytobridge/projects/CytoBridge-ST-1104/runs/rev03-arista-heart-linear-ot-control-20260901-r1/arista/inputs/loto_t2/source_roster.npz,c5d6cf478dfe4e713b069408c32eadac37a2cfbf7a3db8a8764f39f7c5a19b92,/data/cytobridge/projects/CytoBridge-ST-1104/runs/rev03-arista-heart-linear-ot-control-20260901-r1/arista/inputs/loto_t2/truth_t2.npz,b7ee9cdd216be775b4cc5251f2ffe9f79a393367f06b9f58a957a96fb9b716a8,/data/cytobridge/projects/CytoBridge-ST-1104/runs/rev03-arista-heart-linear-ot-control-20260901-r1/arista/evaluation/exact_ot_loto/transforms/loto_t2.json,120ccbcc62e0cb7f4d26e63142230ea9aef4af725ef7f8a7d69d29e8319050bf,False,,,,
loto,2,arista,loto_t2,exact_ot_displacement,spatial,4,1830005326,9b69292d8d9acea9ea41764def790a347b41345124acdf5356ca5b81387ae19f,1024,sliced_w2,0.045795989124674474,0.045795989124674474,0.13567679229016852,0.15814687179511774,5000,9436,5000.0,800,800,native_joint,explicit_control,1,/data/cytobridge/projects/CytoBridge-ST-1104/runs/rev03-arista-heart-linear-ot-control-20260901-r1/arista/predictions/loto/exact_ot_displacement/t2/prediction.npz,4a2f29a039f1f4c3852bb824470b87fbaf6814d50f7f95412dad6159498d2feb,/data/cytobridge/projects/CytoBridge-ST-1104/runs/rev03-arista-heart-linear-ot-control-20260901-r1/arista/predictions/loto/exact_ot_displacement/t2/summary.json,570db017c31d3b43ec0d910b9383126545f79fc771c6f8b065a7e7e8a5156d77,/data/cytobridge/projects/CytoBridge-ST-1104/runs/rev03-arista-heart-linear-ot-control-20260901-r1/arista/inputs/manifest.json,5491162645e69021470217b0178d64760be0b624fce0c97e92ff0d36f2f9bd11,/data/cytobridge/projects/CytoBridge-ST-1104/runs/rev03-arista-heart-linear-ot-control-20260901-r1/arista/inputs/loto_t2/training_reference.npz,fc2ab27e7db90b5cac79e2bffe1be088555d8dc3d1c9589f485d230504a91191,/data/cytobridge/projects/CytoBridge-ST-1104/runs/rev03-arista-heart-linear-ot-control-20260901-r1/arista/inputs/loto_t2/source_roster.npz,c5d6cf478dfe4e713b069408c32eadac37a2cfbf7a3db8a8764f39f7c5a19b92,/data/cytobridge/projects/CytoBridge-ST-1104/runs/rev03-arista-heart-linear-ot-control-20260901-r1/arista/inputs/loto_t2/truth_t2.npz,b7ee9cdd216be775b4cc5251f2ffe9f79a393367f06b9f58a957a96fb9b716a8,/data/cytobridge/projects/CytoBridge-ST-1104/runs/rev03-arista-heart-linear-ot-control-20260901-r1/arista/evaluation/exact_ot_loto/transforms/loto_t2.json,120ccbcc62e0cb7f4d26e63142230ea9aef4af725ef7f8a7d69d29e8319050bf,False,,,,
loto,2,arista,loto_t2,exact_ot_displacement,state,0,2080087467,bfa516bdc69fc2faa16a6d771479929cfe1bf7ce02a7f742f6c07b70b8d8205e,1024,sliced_w2,0.0573171134420095,0.0573171134420095,1.0417752536508262,1.0496957067008779,5000,9436,5000.0,800,800,native_joint,explicit_control,1,/data/cytobridge/projects/CytoBridge-ST-1104/runs/rev03-arista-heart-linear-ot-control-20260901-r1/arista/predictions/loto/exact_ot_displacement/t2/prediction.npz,4a2f29a039f1f4c3852bb824470b87fbaf6814d50f7f95412dad6159498d2feb,/data/cytobridge/projects/CytoBridge-ST-1104/runs/rev03-arista-heart-linear-ot-control-20260901-r1/arista/predictions/loto/exact_ot_displacement/t2/summary.json,570db017c31d3b43ec0d910b9383126545f79fc771c6f8b065a7e7e8a5156d77,/data/cytobridge/projects/CytoBridge-ST-1104/runs/rev03-arista-heart-linear-ot-control-20260901-r1/arista/inputs/manifest.json,5491162645e69021470217b0178d64760be0b624fce0c97e92ff0d36f2f9bd11,/data/cytobridge/projects/CytoBridge-ST-1104/runs/rev03-arista-heart-linear-ot-control-20260901-r1/arista/inputs/loto_t2/training_reference.npz,fc2ab27e7db90b5cac79e2bffe1be088555d8dc3d1c9589f485d230504a91191,/data/cytobridge/projects/CytoBridge-ST-1104/runs/rev03-arista-heart-linear-ot-control-20260901-r1/arista/inputs/loto_t2/source_roster.npz,c5d6cf478dfe4e713b069408c32eadac37a2cfbf7a3db8a8764f39f7c5a19b92,/data/cytobridge/projects/CytoBridge-ST-1104/runs/rev03-arista-heart-linear-ot-control-20260901-r1/arista/inputs/loto_t2/truth_t2.npz,b7ee9cdd216be775b4cc5251f2ffe9f79a393367f06b9f58a957a96fb9b716a8,/data/cytobridge/projects/CytoBridge-ST-1104/runs/rev03-arista-heart-linear-ot-control-20260901-r1/arista/evaluation/exact_ot_loto/transforms/loto_t2.json,120ccbcc62e0cb7f4d26e63142230ea9aef4af725ef7f8a7d69d29e8319050bf,False,,,,
loto,2,arista,loto_t2,exact_ot_displacement,state,1,2105575910,7df3cc0049cf0bc828c6dddb8352f3f19e2d04e545d6ed856353a6905977bd2e,1024,sliced_w2,0.05591101421767385,0.05591101421767385,1.0417752536508262,1.0496957067008779,5000,9436,5000.0,800,800,native_joint,explicit_control,1,/data/cytobridge/projects/CytoBridge-ST-1104/runs/rev03-arista-heart-linear-ot-control-20260901-r1/arista/predictions/loto/exact_ot_displacement/t2/prediction.npz,4a2f29a039f1f4c3852bb824470b87fbaf6814d50f7f95412dad6159498d2feb,/data/cytobridge/projects/CytoBridge-ST-1104/runs/rev03-arista-heart-linear-ot-control-20260901-r1/arista/predictions/loto/exact_ot_displacement/t2/summary.json,570db017c31d3b43ec0d910b9383126545f79fc771c6f8b065a7e7e8a5156d77,/data/cytobridge/projects/CytoBridge-ST-1104/runs/rev03-arista-heart-linear-ot-control-20260901-r1/arista/inputs/manifest.json,5491162645e69021470217b0178d64760be0b624fce0c97e92ff0d36f2f9bd11,/data/cytobridge/projects/CytoBridge-ST-1104/runs/rev03-arista-heart-linear-ot-control-20260901-r1/arista/inputs/loto_t2/training_reference.npz,fc2ab27e7db90b5cac79e2bffe1be088555d8dc3d1c9589f485d230504a91191,/data/cytobridge/projects/CytoBridge-ST-1104/runs/rev03-arista-heart-linear-ot-control-20260901-r1/arista/inputs/loto_t2/source_roster.npz,c5d6cf478dfe4e713b069408c32eadac37a2cfbf7a3db8a8764f39f7c5a19b92,/data/cytobridge/projects/CytoBridge-ST-1104/runs/rev03-arista-heart-linear-ot-control-20260901-r1/arista/inputs/loto_t2/truth_t2.npz,b7ee9cdd216be775b4cc5251f2ffe9f79a393367f06b9f58a957a96fb9b716a8,/data/cytobridge/projects/CytoBridge-ST-1104/runs/rev03-arista-heart-linear-ot-control-20260901-r1/arista/evaluation/exact_ot_loto/transforms/loto_t2.json,120ccbcc62e0cb7f4d26e63142230ea9aef4af725ef7f8a7d69d29e8319050bf,False,,,,
loto,2,arista,loto_t2,exact_ot_displacement,state,2,1076554107,9a1a9344e494b8692bb8d7094b42ca9718c1234733c927c4607d55a0f8360184,1024,sliced_w2,0.0547536921400527,0.0547536921400527,1.0417752536508262,1.0496957067008779,5000,9436,5000.0,800,800,native_joint,explicit_control,1,/data/cytobridge/projects/CytoBridge-ST-1104/runs/rev03-arista-heart-linear-ot-control-20260901-r1/arista/predictions/loto/exact_ot_displacement/t2/prediction.npz,4a2f29a039f1f4c3852bb824470b87fbaf6814d50f7f95412dad6159498d2feb,/data/cytobridge/projects/CytoBridge-ST-1104/runs/rev03-arista-heart-linear-ot-control-20260901-r1/arista/predictions/loto/exact_ot_displacement/t2/summary.json,570db017c31d3b43ec0d910b9383126545f79fc771c6f8b065a7e7e8a5156d77,/data/cytobridge/projects/CytoBridge-ST-1104/runs/rev03-arista-heart-linear-ot-control-20260901-r1/arista/inputs/manifest.json,5491162645e69021470217b0178d64760be0b624fce0c97e92ff0d36f2f9bd11,/data/cytobridge/projects/CytoBridge-ST-1104/runs/rev03-arista-heart-linear-ot-control-20260901-r1/arista/inputs/loto_t2/training_reference.npz,fc2ab27e7db90b5cac79e2bffe1be088555d8dc3d1c9589f485d230504a91191,/data/cytobridge/projects/CytoBridge-ST-1104/runs/rev03-arista-heart-linear-ot-control-20260901-r1/arista/inputs/loto_t2/source_roster.npz,c5d6cf478dfe4e713b069408c32eadac37a2cfbf7a3db8a8764f39f7c5a19b92,/data/cytobridge/projects/CytoBridge-ST-1104/runs/rev03-arista-heart-linear-ot-control-20260901-r1/arista/inputs/loto_t2/truth_t2.npz,b7ee9cdd216be775b4cc5251f2ffe9f79a393367f06b9f58a957a96fb9b716a8,/data/cytobridge/projects/CytoBridge-ST-1104/runs/rev03-arista-heart-linear-ot-control-20260901-r1/arista/evaluation/exact_ot_loto/transforms/loto_t2.json,120ccbcc62e0cb7f4d26e63142230ea9aef4af725ef7f8a7d69d29e8319050bf,False,,,,
loto,2,arista,loto_t2,exact_ot_displacement,state,3,2317707313,1688014e62477d84200cc83b9a1aac522aee95e821f1b863f1161ca976936e6a,1024,sliced_w2,0.057774866730210726,0.057774866730210726,1.0417752536508262,1.0496957067008779,5000,9436,5000.0,800,800,native_joint,explicit_control,1,/data/cytobridge/projects/CytoBridge-ST-1104/runs/rev03-arista-heart-linear-ot-control-20260901-r1/arista/predictions/loto/exact_ot_displacement/t2/prediction.npz,4a2f29a039f1f4c3852bb824470b87fbaf6814d50f7f95412dad6159498d2feb,/data/cytobridge/projects/CytoBridge-ST-1104/runs/rev03-arista-heart-linear-ot-control-20260901-r1/arista/predictions/loto/exact_ot_displacement/t2/summary.json,570db017c31d3b43ec0d910b9383126545f79fc771c6f8b065a7e7e8a5156d77,/data/cytobridge/projects/CytoBridge-ST-1104/runs/rev03-arista-heart-linear-ot-control-20260901-r1/arista/inputs/manifest.json,5491162645e69021470217b0178d64760be0b624fce0c97e92ff0d36f2f9bd11,/data/cytobridge/projects/CytoBridge-ST-1104/runs/rev03-arista-heart-linear-ot-control-20260901-r1/arista/inputs/loto_t2/training_reference.npz,fc2ab27e7db90b5cac79e2bffe1be088555d8dc3d1c9589f485d230504a91191,/data/cytobridge/projects/CytoBridge-ST-1104/runs/rev03-arista-heart-linear-ot-control-20260901-r1/arista/inputs/loto_t2/source_roster.npz,c5d6cf478dfe4e713b069408c32eadac37a2cfbf7a3db8a8764f39f7c5a19b92,/data/cytobridge/projects/CytoBridge-ST-1104/runs/rev03-arista-heart-linear-ot-control-20260901-r1/arista/inputs/loto_t2/truth_t2.npz,b7ee9cdd216be775b4cc5251f2ffe9f79a393367f06b9f58a957a96fb9b716a8,/data/cytobridge/projects/CytoBridge-ST-1104/runs/rev03-arista-heart-linear-ot-control-20260901-r1/arista/evaluation/exact_ot_loto/transforms/loto_t2.json,120ccbcc62e0cb7f4d26e63142230ea9aef4af725ef7f8a7d69d29e8319050bf,False,,,,
loto,2,arista,loto_t2,exact_ot_displacement,state,4,3456986930,26e070fa0c0fcd2f24c5c567ca648c136b308f41060d004663266913826a65c0,1024,sliced_w2,0.057008155110833174,0.057008155110833174,1.0417752536508262,1.0496957067008779,5000,9436,5000.0,800,800,native_joint,explicit_control,1,/data/cytobridge/projects/CytoBridge-ST-1104/runs/rev03-arista-heart-linear-ot-control-20260901-r1/arista/predictions/loto/exact_ot_displacement/t2/prediction.npz,4a2f29a039f1f4c3852bb824470b87fbaf6814d50f7f95412dad6159498d2feb,/data/cytobridge/projects/CytoBridge-ST-1104/runs/rev03-arista-heart-linear-ot-control-20260901-r1/arista/predictions/loto/exact_ot_displacement/t2/summary.json,570db017c31d3b43ec0d910b9383126545f79fc771c6f8b065a7e7e8a5156d77,/data/cytobridge/projects/CytoBridge-ST-1104/runs/rev03-arista-heart-linear-ot-control-20260901-r1/arista/inputs/manifest.json,5491162645e69021470217b0178d64760be0b624fce0c97e92ff0d36f2f9bd11,/data/cytobridge/projects/CytoBridge-ST-1104/runs/rev03-arista-heart-linear-ot-control-20260901-r1/arista/inputs/loto_t2/training_reference.npz,fc2ab27e7db90b5cac79e2bffe1be088555d8dc3d1c9589f485d230504a91191,/data/cytobridge/projects/CytoBridge-ST-1104/runs/rev03-arista-heart-linear-ot-control-20260901-r1/arista/inputs/loto_t2/source_roster.npz,c5d6cf478dfe4e713b069408c32eadac37a2cfbf7a3db8a8764f39f7c5a19b92,/data/cytobridge/projects/CytoBridge-ST-1104/runs/rev03-arista-heart-linear-ot-control-20260901-r1/arista/inputs/loto_t2/truth_t2.npz,b7ee9cdd216be775b4cc5251f2ffe9f79a393367f06b9f58a957a96fb9b716a8,/data/cytobridge/projects/CytoBridge-ST-1104/runs/rev03-arista-heart-linear-ot-control-20260901-r1/arista/evaluation/exact_ot_loto/transforms/loto_t2.json,120ccbcc62e0cb7f4d26e63142230ea9aef4af725ef7f8a7d69d29e8319050bf,False,,,,
loto,3,arista,loto_t3,exact_ot_displacement,joint,0,1974492204,28c279e66121f3662a067d7c56fa4f54ee98825904eb5bfdcbc2ce156f79703e,1024,sliced_w2,0.05636526751274138,0.05636526751274138,1.1244261363784587,1.1330822898929676,5000,9673,5000.0,800,800,native_joint,explicit_control,2,/data/cytobridge/projects/CytoBridge-ST-1104/runs/rev03-arista-heart-linear-ot-control-20260901-r1/arista/predictions/loto/exact_ot_displacement/t3/prediction.npz,d82dd3039b3bc543d89d7593b5519eef899d6e53b30036ade09dc75cfb6847ac,/data/cytobridge/projects/CytoBridge-ST-1104/runs/rev03-arista-heart-linear-ot-control-20260901-r1/arista/predictions/loto/exact_ot_displacement/t3/summary.json,dc18bd8424141e75c006a17bde3c354cddfabc50dbb27ea0a62dd44e8f83bacd,/data/cytobridge/projects/CytoBridge-ST-1104/runs/rev03-arista-heart-linear-ot-control-20260901-r1/arista/inputs/manifest.json,5491162645e69021470217b0178d64760be0b624fce0c97e92ff0d36f2f9bd11,/data/cytobridge/projects/CytoBridge-ST-1104/runs/rev03-arista-heart-linear-ot-control-20260901-r1/arista/inputs/loto_t3/training_reference.npz,e7e09255ae6bde3fcd9dc875bafdbf6f5424c2508c5b681e0f329a75a7e6d0b8,/data/cytobridge/projects/CytoBridge-ST-1104/runs/rev03-arista-heart-linear-ot-control-20260901-r1/arista/inputs/loto_t3/source_roster.npz,18f01cfcc1bc124768b25ef4f1f8f252bcdb15f57af9379d67ef619fd72b385d,/data/cytobridge/projects/CytoBridge-ST-1104/runs/rev03-arista-heart-linear-ot-control-20260901-r1/arista/inputs/loto_t3/truth_t3.npz,e1c495ee444d6aeca7a2448e3cadd419d480f29a4b60e8555dd3d1a46b46ea59,/data/cytobridge/projects/CytoBridge-ST-1104/runs/rev03-arista-heart-linear-ot-control-20260901-r1/arista/evaluation/exact_ot_loto/transforms/loto_t3.json,b5a928cc6d58f283c051edb1941fc879a08fae7f2b1bc1ecd35392de2b6b7ccf,False,,,,
loto,3,arista,loto_t3,exact_ot_displacement,joint,1,1185660004,67bdd6b6aa92744daf8fef51e87d95b18a7c9df451de37987031636c83334b52,1024,sliced_w2,0.057932333237655516,0.057932333237655516,1.1244261363784587,1.1330822898929676,5000,9673,5000.0,800,800,native_joint,explicit_control,2,/data/cytobridge/projects/CytoBridge-ST-1104/runs/rev03-arista-heart-linear-ot-control-20260901-r1/arista/predictions/loto/exact_ot_displacement/t3/prediction.npz,d82dd3039b3bc543d89d7593b5519eef899d6e53b30036ade09dc75cfb6847ac,/data/cytobridge/projects/CytoBridge-ST-1104/runs/rev03-arista-heart-linear-ot-control-20260901-r1/arista/predictions/loto/exact_ot_displacement/t3/summary.json,dc18bd8424141e75c006a17bde3c354cddfabc50dbb27ea0a62dd44e8f83bacd,/data/cytobridge/projects/CytoBridge-ST-1104/runs/rev03-arista-heart-linear-ot-control-20260901-r1/arista/inputs/manifest.json,5491162645e69021470217b0178d64760be0b624fce0c97e92ff0d36f2f9bd11,/data/cytobridge/projects/CytoBridge-ST-1104/runs/rev03-arista-heart-linear-ot-control-20260901-r1/arista/inputs/loto_t3/training_reference.npz,e7e09255ae6bde3fcd9dc875bafdbf6f5424c2508c5b681e0f329a75a7e6d0b8,/data/cytobridge/projects/CytoBridge-ST-1104/runs/rev03-arista-heart-linear-ot-control-20260901-r1/arista/inputs/loto_t3/source_roster.npz,18f01cfcc1bc124768b25ef4f1f8f252bcdb15f57af9379d67ef619fd72b385d,/data/cytobridge/projects/CytoBridge-ST-1104/runs/rev03-arista-heart-linear-ot-control-20260901-r1/arista/inputs/loto_t3/truth_t3.npz,e1c495ee444d6aeca7a2448e3cadd419d480f29a4b60e8555dd3d1a46b46ea59,/data/cytobridge/projects/CytoBridge-ST-1104/runs/rev03-arista-heart-linear-ot-control-20260901-r1/arista/evaluation/exact_ot_loto/transforms/loto_t3.json,b5a928cc6d58f283c051edb1941fc879a08fae7f2b1bc1ecd35392de2b6b7ccf,False,,,,
loto,3,arista,loto_t3,exact_ot_displacement,joint,2,4116729253,1cd203b2c1768df704fd729fd48b7c9031bc59d4b5fd6006f05e1df5b7738eb9,1024,sliced_w2,0.05864726223517363,0.05864726223517363,1.1244261363784587,1.1330822898929676,5000,9673,5000.0,800,800,native_joint,explicit_control,2,/data/cytobridge/projects/CytoBridge-ST-1104/runs/rev03-arista-heart-linear-ot-control-20260901-r1/arista/predictions/loto/exact_ot_displacement/t3/prediction.npz,d82dd3039b3bc543d89d7593b5519eef899d6e53b30036ade09dc75cfb6847ac,/data/cytobridge/projects/CytoBridge-ST-1104/runs/rev03-arista-heart-linear-ot-control-20260901-r1/arista/predictions/loto/exact_ot_displacement/t3/summary.json,dc18bd8424141e75c006a17bde3c354cddfabc50dbb27ea0a62dd44e8f83bacd,/data/cytobridge/projects/CytoBridge-ST-1104/runs/rev03-arista-heart-linear-ot-control-20260901-r1/arista/inputs/manifest.json,5491162645e69021470217b0178d64760be0b624fce0c97e92ff0d36f2f9bd11,/data/cytobridge/projects/CytoBridge-ST-1104/runs/rev03-arista-heart-linear-ot-control-20260901-r1/arista/inputs/loto_t3/training_reference.npz,e7e09255ae6bde3fcd9dc875bafdbf6f5424c2508c5b681e0f329a75a7e6d0b8,/data/cytobridge/projects/CytoBridge-ST-1104/runs/rev03-arista-heart-linear-ot-control-20260901-r1/arista/inputs/loto_t3/source_roster.npz,18f01cfcc1bc124768b25ef4f1f8f252bcdb15f57af9379d67ef619fd72b385d,/data/cytobridge/projects/CytoBridge-ST-1104/runs/rev03-arista-heart-linear-ot-control-20260901-r1/arista/inputs/loto_t3/truth_t3.npz,e1c495ee444d6aeca7a2448e3cadd419d480f29a4b60e8555dd3d1a46b46ea59,/data/cytobridge/projects/CytoBridge-ST-1104/runs/rev03-arista-heart-linear-ot-control-20260901-r1/arista/evaluation/exact_ot_loto/transforms/loto_t3.json,b5a928cc6d58f283c051edb1941fc879a08fae7f2b1bc1ecd35392de2b6b7ccf,False,,,,
loto,3,arista,loto_t3,exact_ot_displacement,joint,3,768185142,939f032e6d684ff29533ccc9ddb1f163362cf675f512dc7ad12ac49c76964823,1024,sliced_w2,0.0558640549809229,0.0558640549809229,1.1244261363784587,1.1330822898929676,5000,9673,5000.0,800,800,native_joint,explicit_control,2,/data/cytobridge/projects/CytoBridge-ST-1104/runs/rev03-arista-heart-linear-ot-control-20260901-r1/arista/predictions/loto/exact_ot_displacement/t3/prediction.npz,d82dd3039b3bc543d89d7593b5519eef899d6e53b30036ade09dc75cfb6847ac,/data/cytobridge/projects/CytoBridge-ST-1104/runs/rev03-arista-heart-linear-ot-control-20260901-r1/arista/predictions/loto/exact_ot_displacement/t3/summary.json,dc18bd8424141e75c006a17bde3c354cddfabc50dbb27ea0a62dd44e8f83bacd,/data/cytobridge/projects/CytoBridge-ST-1104/runs/rev03-arista-heart-linear-ot-control-20260901-r1/arista/inputs/manifest.json,5491162645e69021470217b0178d64760be0b624fce0c97e92ff0d36f2f9bd11,/data/cytobridge/projects/CytoBridge-ST-1104/runs/rev03-arista-heart-linear-ot-control-20260901-r1/arista/inputs/loto_t3/training_reference.npz,e7e09255ae6bde3fcd9dc875bafdbf6f5424c2508c5b681e0f329a75a7e6d0b8,/data/cytobridge/projects/CytoBridge-ST-1104/runs/rev03-arista-heart-linear-ot-control-20260901-r1/arista/inputs/loto_t3/source_roster.npz,18f01cfcc1bc124768b25ef4f1f8f252bcdb15f57af9379d67ef619fd72b385d,/data/cytobridge/projects/CytoBridge-ST-1104/runs/rev03-arista-heart-linear-ot-control-20260901-r1/arista/inputs/loto_t3/truth_t3.npz,e1c495ee444d6aeca7a2448e3cadd419d480f29a4b60e8555dd3d1a46b46ea59,/data/cytobridge/projects/CytoBridge-ST-1104/runs/rev03-arista-heart-linear-ot-control-20260901-r1/arista/evaluation/exact_ot_loto/transforms/loto_t3.json,b5a928cc6d58f283c051edb1941fc879a08fae7f2b1bc1ecd35392de2b6b7ccf,False,,,,
loto,3,arista,loto_t3,exact_ot_displacement,joint,4,1648416263,e44106db1549b93f53eb87721830a0b2fa431cce422894a65be46bfbf1aac1be,1024,sliced_w2,0.05624352940479266,0.05624352940479266,1.1244261363784587,1.1330822898929676,5000,9673,5000.0,800,800,native_joint,explicit_control,2,/data/cytobridge/projects/CytoBridge-ST-1104/runs/rev03-arista-heart-linear-ot-control-20260901-r1/arista/predictions/loto/exact_ot_displacement/t3/prediction.npz,d82dd3039b3bc543d89d7593b5519eef899d6e53b30036ade09dc75cfb6847ac,/data/cytobridge/projects/CytoBridge-ST-1104/runs/rev03-arista-heart-linear-ot-control-20260901-r1/arista/predictions/loto/exact_ot_displacement/t3/summary.json,dc18bd8424141e75c006a17bde3c354cddfabc50dbb27ea0a62dd44e8f83bacd,/data/cytobridge/projects/CytoBridge-ST-1104/runs/rev03-arista-heart-linear-ot-control-20260901-r1/arista/inputs/manifest.json,5491162645e69021470217b0178d64760be0b624fce0c97e92ff0d36f2f9bd11,/data/cytobridge/projects/CytoBridge-ST-1104/runs/rev03-arista-heart-linear-ot-control-20260901-r1/arista/inputs/loto_t3/training_reference.npz,e7e09255ae6bde3fcd9dc875bafdbf6f5424c2508c5b681e0f329a75a7e6d0b8,/data/cytobridge/projects/CytoBridge-ST-1104/runs/rev03-arista-heart-linear-ot-control-20260901-r1/arista/inputs/loto_t3/source_roster.npz,18f01cfcc1bc124768b25ef4f1f8f252bcdb15f57af9379d67ef619fd72b385d,/data/cytobridge/projects/CytoBridge-ST-1104/runs/rev03-arista-heart-linear-ot-control-20260901-r1/arista/inputs/loto_t3/truth_t3.npz,e1c495ee444d6aeca7a2448e3cadd419d480f29a4b60e8555dd3d1a46b46ea59,/data/cytobridge/projects/CytoBridge-ST-1104/runs/rev03-arista-heart-linear-ot-control-20260901-r1/arista/evaluation/exact_ot_loto/transforms/loto_t3.json,b5a928cc6d58f283c051edb1941fc879a08fae7f2b1bc1ecd35392de2b6b7ccf,False,,,,
loto,3,arista,loto_t3,exact_ot_displacement,spatial,0,114256705,e3536883a54fbca4dda9485752f8884e17db457b6fdd65d7c261bb9c954f1827,1024,sliced_w2,0.04609891251795333,0.04609891251795333,0.1349451320565769,0.16525480111088073,5000,9673,5000.0,800,800,native_joint,explicit_control,2,/data/cytobridge/projects/CytoBridge-ST-1104/runs/rev03-arista-heart-linear-ot-control-20260901-r1/arista/predictions/loto/exact_ot_displacement/t3/prediction.npz,d82dd3039b3bc543d89d7593b5519eef899d6e53b30036ade09dc75cfb6847ac,/data/cytobridge/projects/CytoBridge-ST-1104/runs/rev03-arista-heart-linear-ot-control-20260901-r1/arista/predictions/loto/exact_ot_displacement/t3/summary.json,dc18bd8424141e75c006a17bde3c354cddfabc50dbb27ea0a62dd44e8f83bacd,/data/cytobridge/projects/CytoBridge-ST-1104/runs/rev03-arista-heart-linear-ot-control-20260901-r1/arista/inputs/manifest.json,5491162645e69021470217b0178d64760be0b624fce0c97e92ff0d36f2f9bd11,/data/cytobridge/projects/CytoBridge-ST-1104/runs/rev03-arista-heart-linear-ot-control-20260901-r1/arista/inputs/loto_t3/training_reference.npz,e7e09255ae6bde3fcd9dc875bafdbf6f5424c2508c5b681e0f329a75a7e6d0b8,/data/cytobridge/projects/CytoBridge-ST-1104/runs/rev03-arista-heart-linear-ot-control-20260901-r1/arista/inputs/loto_t3/source_roster.npz,18f01cfcc1bc124768b25ef4f1f8f252bcdb15f57af9379d67ef619fd72b385d,/data/cytobridge/projects/CytoBridge-ST-1104/runs/rev03-arista-heart-linear-ot-control-20260901-r1/arista/inputs/loto_t3/truth_t3.npz,e1c495ee444d6aeca7a2448e3cadd419d480f29a4b60e8555dd3d1a46b46ea59,/data/cytobridge/projects/CytoBridge-ST-1104/runs/rev03-arista-heart-linear-ot-control-20260901-r1/arista/evaluation/exact_ot_loto/transforms/loto_t3.json,b5a928cc6d58f283c051edb1941fc879a08fae7f2b1bc1ecd35392de2b6b7ccf,False,,,,
loto,3,arista,loto_t3,exact_ot_displacement,spatial,1,2649746914,907ec3390c159228dc68050f49d6293a237e676d5ef716961ba5cc2229b9a86e,1024,sliced_w2,0.046249262409716,0.046249262409716,0.1349451320565769,0.16525480111088073,5000,9673,5000.0,800,800,native_joint,explicit_control,2,/data/cytobridge/projects/CytoBridge-ST-1104/runs/rev03-arista-heart-linear-ot-control-20260901-r1/arista/predictions/loto/exact_ot_displacement/t3/prediction.npz,d82dd3039b3bc543d89d7593b5519eef899d6e53b30036ade09dc75cfb6847ac,/data/cytobridge/projects/CytoBridge-ST-1104/runs/rev03-arista-heart-linear-ot-control-20260901-r1/arista/predictions/loto/exact_ot_displacement/t3/summary.json,dc18bd8424141e75c006a17bde3c354cddfabc50dbb27ea0a62dd44e8f83bacd,/data/cytobridge/projects/CytoBridge-ST-1104/runs/rev03-arista-heart-linear-ot-control-20260901-r1/arista/inputs/manifest.json,5491162645e69021470217b0178d64760be0b624fce0c97e92ff0d36f2f9bd11,/data/cytobridge/projects/CytoBridge-ST-1104/runs/rev03-arista-heart-linear-ot-control-20260901-r1/arista/inputs/loto_t3/training_reference.npz,e7e09255ae6bde3fcd9dc875bafdbf6f5424c2508c5b681e0f329a75a7e6d0b8,/data/cytobridge/projects/CytoBridge-ST-1104/runs/rev03-arista-heart-linear-ot-control-20260901-r1/arista/inputs/loto_t3/source_roster.npz,18f01cfcc1bc124768b25ef4f1f8f252bcdb15f57af9379d67ef619fd72b385d,/data/cytobridge/projects/CytoBridge-ST-1104/runs/rev03-arista-heart-linear-ot-control-20260901-r1/arista/inputs/loto_t3/truth_t3.npz,e1c495ee444d6aeca7a2448e3cadd419d480f29a4b60e8555dd3d1a46b46ea59,/data/cytobridge/projects/CytoBridge-ST-1104/runs/rev03-arista-heart-linear-ot-control-20260901-r1/arista/evaluation/exact_ot_loto/transforms/loto_t3.json,b5a928cc6d58f283c051edb1941fc879a08fae7f2b1bc1ecd35392de2b6b7ccf,False,,,,
loto,3,arista,loto_t3,exact_ot_displacement,spatial,2,1723871267,5b1f9b88138726191f6ab066527313f97113c19dff54ddf0c3b6b6a9f4848302,1024,sliced_w2,0.04550418958416297,0.04550418958416297,0.1349451320565769,0.16525480111088073,5000,9673,5000.0,800,800,native_joint,explicit_control,2,/data/cytobridge/projects/CytoBridge-ST-1104/runs/rev03-arista-heart-linear-ot-control-20260901-r1/arista/predictions/loto/exact_ot_displacement/t3/prediction.npz,d82dd3039b3bc543d89d7593b5519eef899d6e53b30036ade09dc75cfb6847ac,/data/cytobridge/projects/CytoBridge-ST-1104/runs/rev03-arista-heart-linear-ot-control-20260901-r1/arista/predictions/loto/exact_ot_displacement/t3/summary.json,dc18bd8424141e75c006a17bde3c354cddfabc50dbb27ea0a62dd44e8f83bacd,/data/cytobridge/projects/CytoBridge-ST-1104/runs/rev03-arista-heart-linear-ot-control-20260901-r1/arista/inputs/manifest.json,5491162645e69021470217b0178d64760be0b624fce0c97e92ff0d36f2f9bd11,/data/cytobridge/projects/CytoBridge-ST-1104/runs/rev03-arista-heart-linear-ot-control-20260901-r1/arista/inputs/loto_t3/training_reference.npz,e7e09255ae6bde3fcd9dc875bafdbf6f5424c2508c5b681e0f329a75a7e6d0b8,/data/cytobridge/projects/CytoBridge-ST-1104/runs/rev03-arista-heart-linear-ot-control-20260901-r1/arista/inputs/loto_t3/source_roster.npz,18f01cfcc1bc124768b25ef4f1f8f252bcdb15f57af9379d67ef619fd72b385d,/data/cytobridge/projects/CytoBridge-ST-1104/runs/rev03-arista-heart-linear-ot-control-20260901-r1/arista/inputs/loto_t3/truth_t3.npz,e1c495ee444d6aeca7a2448e3cadd419d480f29a4b60e8555dd3d1a46b46ea59,/data/cytobridge/projects/CytoBridge-ST-1104/runs/rev03-arista-heart-linear-ot-control-20260901-r1/arista/evaluation/exact_ot_loto/transforms/loto_t3.json,b5a928cc6d58f283c051edb1941fc879a08fae7f2b1bc1ecd35392de2b6b7ccf,False,,,,
loto,3,arista,loto_t3,exact_ot_displacement,spatial,3,4198297641,74fba38b1c95da3223658d0218b22459625d1f43f3e810e3dfdebf044b1c875a,1024,sliced_w2,0.0462553245880309,0.0462553245880309,0.1349451320565769,0.16525480111088073,5000,9673,5000.0,800,800,native_joint,explicit_control,2,/data/cytobridge/projects/CytoBridge-ST-1104/runs/rev03-arista-heart-linear-ot-control-20260901-r1/arista/predictions/loto/exact_ot_displacement/t3/prediction.npz,d82dd3039b3bc543d89d7593b5519eef899d6e53b30036ade09dc75cfb6847ac,/data/cytobridge/projects/CytoBridge-ST-1104/runs/rev03-arista-heart-linear-ot-control-20260901-r1/arista/predictions/loto/exact_ot_displacement/t3/summary.json,dc18bd8424141e75c006a17bde3c354cddfabc50dbb27ea0a62dd44e8f83bacd,/data/cytobridge/projects/CytoBridge-ST-1104/runs/rev03-arista-heart-linear-ot-control-20260901-r1/arista/inputs/manifest.json,5491162645e69021470217b0178d64760be0b624fce0c97e92ff0d36f2f9bd11,/data/cytobridge/projects/CytoBridge-ST-1104/runs/rev03-arista-heart-linear-ot-control-20260901-r1/arista/inputs/loto_t3/training_reference.npz,e7e09255ae6bde3fcd9dc875bafdbf6f5424c2508c5b681e0f329a75a7e6d0b8,/data/cytobridge/projects/CytoBridge-ST-1104/runs/rev03-arista-heart-linear-ot-control-20260901-r1/arista/inputs/loto_t3/source_roster.npz,18f01cfcc1bc124768b25ef4f1f8f252bcdb15f57af9379d67ef619fd72b385d,/data/cytobridge/projects/CytoBridge-ST-1104/runs/rev03-arista-heart-linear-ot-control-20260901-r1/arista/inputs/loto_t3/truth_t3.npz,e1c495ee444d6aeca7a2448e3cadd419d480f29a4b60e8555dd3d1a46b46ea59,/data/cytobridge/projects/CytoBridge-ST-1104/runs/rev03-arista-heart-linear-ot-control-20260901-r1/arista/evaluation/exact_ot_loto/transforms/loto_t3.json,b5a928cc6d58f283c051edb1941fc879a08fae7f2b1bc1ecd35392de2b6b7ccf,False,,,,
loto,3,arista,loto_t3,exact_ot_displacement,spatial,4,3819507706,088b7013b4220df9b16e212af58f093af0d1489a9e06340f2681721c256afe13,1024,sliced_w2,0.04596297427251039,0.04596297427251039,0.1349451320565769,0.16525480111088073,5000,9673,5000.0,800,800,native_joint,explicit_control,2,/data/cytobridge/projects/CytoBridge-ST-1104/runs/rev03-arista-heart-linear-ot-control-20260901-r1/arista/predictions/loto/exact_ot_displacement/t3/prediction.npz,d82dd3039b3bc543d89d7593b5519eef899d6e53b30036ade09dc75cfb6847ac,/data/cytobridge/projects/CytoBridge-ST-1104/runs/rev03-arista-heart-linear-ot-control-20260901-r1/arista/predictions/loto/exact_ot_displacement/t3/summary.json,dc18bd8424141e75c006a17bde3c354cddfabc50dbb27ea0a62dd44e8f83bacd,/data/cytobridge/projects/CytoBridge-ST-1104/runs/rev03-arista-heart-linear-ot-control-20260901-r1/arista/inputs/manifest.json,5491162645e69021470217b0178d64760be0b624fce0c97e92ff0d36f2f9bd11,/data/cytobridge/projects/CytoBridge-ST-1104/runs/rev03-arista-heart-linear-ot-control-20260901-r1/arista/inputs/loto_t3/training_reference.npz,e7e09255ae6bde3fcd9dc875bafdbf6f5424c2508c5b681e0f329a75a7e6d0b8,/data/cytobridge/projects/CytoBridge-ST-1104/runs/rev03-arista-heart-linear-ot-control-20260901-r1/arista/inputs/loto_t3/source_roster.npz,18f01cfcc1bc124768b25ef4f1f8f252bcdb15f57af9379d67ef619fd72b385d,/data/cytobridge/projects/CytoBridge-ST-1104/runs/rev03-arista-heart-linear-ot-control-20260901-r1/arista/inputs/loto_t3/truth_t3.npz,e1c495ee444d6aeca7a2448e3cadd419d480f29a4b60e8555dd3d1a46b46ea59,/data/cytobridge/projects/CytoBridge-ST-1104/runs/rev03-arista-heart-linear-ot-control-20260901-r1/arista/evaluation/exact_ot_loto/transforms/loto_t3.json,b5a928cc6d58f283c051edb1941fc879a08fae7f2b1bc1ecd35392de2b6b7ccf,False,,,,
loto,3,arista,loto_t3,exact_ot_displacement,state,0,543808600,2d7f3e7f5255c7e831ded5c39055f0cc358a37bd7ceb4c6309d15f79ccd0546f,1024,sliced_w2,0.060640174245447646,0.060640174245447646,1.0450679181511486,1.051937887605682,5000,9673,5000.0,800,800,native_joint,explicit_control,2,/data/cytobridge/projects/CytoBridge-ST-1104/runs/rev03-arista-heart-linear-ot-control-20260901-r1/arista/predictions/loto/exact_ot_displacement/t3/prediction.npz,d82dd3039b3bc543d89d7593b5519eef899d6e53b30036ade09dc75cfb6847ac,/data/cytobridge/projects/CytoBridge-ST-1104/runs/rev03-arista-heart-linear-ot-control-20260901-r1/arista/predictions/loto/exact_ot_displacement/t3/summary.json,dc18bd8424141e75c006a17bde3c354cddfabc50dbb27ea0a62dd44e8f83bacd,/data/cytobridge/projects/CytoBridge-ST-1104/runs/rev03-arista-heart-linear-ot-control-20260901-r1/arista/inputs/manifest.json,5491162645e69021470217b0178d64760be0b624fce0c97e92ff0d36f2f9bd11,/data/cytobridge/projects/CytoBridge-ST-1104/runs/rev03-arista-heart-linear-ot-control-20260901-r1/arista/inputs/loto_t3/training_reference.npz,e7e09255ae6bde3fcd9dc875bafdbf6f5424c2508c5b681e0f329a75a7e6d0b8,/data/cytobridge/projects/CytoBridge-ST-1104/runs/rev03-arista-heart-linear-ot-control-20260901-r1/arista/inputs/loto_t3/source_roster.npz,18f01cfcc1bc124768b25ef4f1f8f252bcdb15f57af9379d67ef619fd72b385d,/data/cytobridge/projects/CytoBridge-ST-1104/runs/rev03-arista-heart-linear-ot-control-20260901-r1/arista/inputs/loto_t3/truth_t3.npz,e1c495ee444d6aeca7a2448e3cadd419d480f29a4b60e8555dd3d1a46b46ea59,/data/cytobridge/projects/CytoBridge-ST-1104/runs/rev03-arista-heart-linear-ot-control-20260901-r1/arista/evaluation/exact_ot_loto/transforms/loto_t3.json,b5a928cc6d58f283c051edb1941fc879a08fae7f2b1bc1ecd35392de2b6b7ccf,False,,,,
loto,3,arista,loto_t3,exact_ot_displacement,state,1,2708612120,93bfa146e55d302d98d7498c4f445331cf4406c12cae0655a005af596a094ed1,1024,sliced_w2,0.05894487940714149,0.05894487940714149,1.0450679181511486,1.051937887605682,5000,9673,5000.0,800,800,native_joint,explicit_control,2,/data/cytobridge/projects/CytoBridge-ST-1104/runs/rev03-arista-heart-linear-ot-control-20260901-r1/arista/predictions/loto/exact_ot_displacement/t3/prediction.npz,d82dd3039b3bc543d89d7593b5519eef899d6e53b30036ade09dc75cfb6847ac,/data/cytobridge/projects/CytoBridge-ST-1104/runs/rev03-arista-heart-linear-ot-control-20260901-r1/arista/predictions/loto/exact_ot_displacement/t3/summary.json,dc18bd8424141e75c006a17bde3c354cddfabc50dbb27ea0a62dd44e8f83bacd,/data/cytobridge/projects/CytoBridge-ST-1104/runs/rev03-arista-heart-linear-ot-control-20260901-r1/arista/inputs/manifest.json,5491162645e69021470217b0178d64760be0b624fce0c97e92ff0d36f2f9bd11,/data/cytobridge/projects/CytoBridge-ST-1104/runs/rev03-arista-heart-linear-ot-control-20260901-r1/arista/inputs/loto_t3/training_reference.npz,e7e09255ae6bde3fcd9dc875bafdbf6f5424c2508c5b681e0f329a75a7e6d0b8,/data/cytobridge/projects/CytoBridge-ST-1104/runs/rev03-arista-heart-linear-ot-control-20260901-r1/arista/inputs/loto_t3/source_roster.npz,18f01cfcc1bc124768b25ef4f1f8f252bcdb15f57af9379d67ef619fd72b385d,/data/cytobridge/projects/CytoBridge-ST-1104/runs/rev03-arista-heart-linear-ot-control-20260901-r1/arista/inputs/loto_t3/truth_t3.npz,e1c495ee444d6aeca7a2448e3cadd419d480f29a4b60e8555dd3d1a46b46ea59,/data/cytobridge/projects/CytoBridge-ST-1104/runs/rev03-arista-heart-linear-ot-control-20260901-r1/arista/evaluation/exact_ot_loto/transforms/loto_t3.json,b5a928cc6d58f283c051edb1941fc879a08fae7f2b1bc1ecd35392de2b6b7ccf,False,,,,
loto,3,arista,loto_t3,exact_ot_displacement,state,2,2805847333,2d7e735f243b1accb2d3885b5db102a858e25b2d12fb95ec2feda357b3ddd88d,1024,sliced_w2,0.06099257497171327,0.06099257497171327,1.0450679181511486,1.051937887605682,5000,9673,5000.0,800,800,native_joint,explicit_control,2,/data/cytobridge/projects/CytoBridge-ST-1104/runs/rev03-arista-heart-linear-ot-control-20260901-r1/arista/predictions/loto/exact_ot_displacement/t3/prediction.npz,d82dd3039b3bc543d89d7593b5519eef899d6e53b30036ade09dc75cfb6847ac,/data/cytobridge/projects/CytoBridge-ST-1104/runs/rev03-arista-heart-linear-ot-control-20260901-r1/arista/predictions/loto/exact_ot_displacement/t3/summary.json,dc18bd8424141e75c006a17bde3c354cddfabc50dbb27ea0a62dd44e8f83bacd,/data/cytobridge/projects/CytoBridge-ST-1104/runs/rev03-arista-heart-linear-ot-control-20260901-r1/arista/inputs/manifest.json,5491162645e69021470217b0178d64760be0b624fce0c97e92ff0d36f2f9bd11,/data/cytobridge/projects/CytoBridge-ST-1104/runs/rev03-arista-heart-linear-ot-control-20260901-r1/arista/inputs/loto_t3/training_reference.npz,e7e09255ae6bde3fcd9dc875bafdbf6f5424c2508c5b681e0f329a75a7e6d0b8,/data/cytobridge/projects/CytoBridge-ST-1104/runs/rev03-arista-heart-linear-ot-control-20260901-r1/arista/inputs/loto_t3/source_roster.npz,18f01cfcc1bc124768b25ef4f1f8f252bcdb15f57af9379d67ef619fd72b385d,/data/cytobridge/projects/CytoBridge-ST-1104/runs/rev03-arista-heart-linear-ot-control-20260901-r1/arista/inputs/loto_t3/truth_t3.npz,e1c495ee444d6aeca7a2448e3cadd419d480f29a4b60e8555dd3d1a46b46ea59,/data/cytobridge/projects/CytoBridge-ST-1104/runs/rev03-arista-heart-linear-ot-control-20260901-r1/arista/evaluation/exact_ot_loto/transforms/loto_t3.json,b5a928cc6d58f283c051edb1941fc879a08fae7f2b1bc1ecd35392de2b6b7ccf,False,,,,
loto,3,arista,loto_t3,exact_ot_displacement,state,3,2915936364,f91ee091b076d5c95b2ab932ee65c62a501c7788a4c107925981caf1d1322c8e,1024,sliced_w2,0.06135449506579357,0.06135449506579357,1.0450679181511486,1.051937887605682,5000,9673,5000.0,800,800,native_joint,explicit_control,2,/data/cytobridge/projects/CytoBridge-ST-1104/runs/rev03-arista-heart-linear-ot-control-20260901-r1/arista/predictions/loto/exact_ot_displacement/t3/prediction.npz,d82dd3039b3bc543d89d7593b5519eef899d6e53b30036ade09dc75cfb6847ac,/data/cytobridge/projects/CytoBridge-ST-1104/runs/rev03-arista-heart-linear-ot-control-20260901-r1/arista/predictions/loto/exact_ot_displacement/t3/summary.json,dc18bd8424141e75c006a17bde3c354cddfabc50dbb27ea0a62dd44e8f83bacd,/data/cytobridge/projects/CytoBridge-ST-1104/runs/rev03-arista-heart-linear-ot-control-20260901-r1/arista/inputs/manifest.json,5491162645e69021470217b0178d64760be0b624fce0c97e92ff0d36f2f9bd11,/data/cytobridge/projects/CytoBridge-ST-1104/runs/rev03-arista-heart-linear-ot-control-20260901-r1/arista/inputs/loto_t3/training_reference.npz,e7e09255ae6bde3fcd9dc875bafdbf6f5424c2508c5b681e0f329a75a7e6d0b8,/data/cytobridge/projects/CytoBridge-ST-1104/runs/rev03-arista-heart-linear-ot-control-20260901-r1/arista/inputs/loto_t3/source_roster.npz,18f01cfcc1bc124768b25ef4f1f8f252bcdb15f57af9379d67ef619fd72b385d,/data/cytobridge/projects/CytoBridge-ST-1104/runs/rev03-arista-heart-linear-ot-control-20260901-r1/arista/inputs/loto_t3/truth_t3.npz,e1c495ee444d6aeca7a2448e3cadd419d480f29a4b60e8555dd3d1a46b46ea59,/data/cytobridge/projects/CytoBridge-ST-1104/runs/rev03-arista-heart-linear-ot-control-20260901-r1/arista/evaluation/exact_ot_loto/transforms/loto_t3.json,b5a928cc6d58f283c051edb1941fc879a08fae7f2b1bc1ecd35392de2b6b7ccf,False,,,,
loto,3,arista,loto_t3,exact_ot_displacement,state,4,2026697523,0e87fecee2b9c82479ec488e8747e5f86331111ad6aaf467f52f4fce375f471c,1024,sliced_w2,0.06117455918015811,0.06117455918015811,1.0450679181511486,1.051937887605682,5000,9673,5000.0,800,800,native_joint,explicit_control,2,/data/cytobridge/projects/CytoBridge-ST-1104/runs/rev03-arista-heart-linear-ot-control-20260901-r1/arista/predictions/loto/exact_ot_displacement/t3/prediction.npz,d82dd3039b3bc543d89d7593b5519eef899d6e53b30036ade09dc75cfb6847ac,/data/cytobridge/projects/CytoBridge-ST-1104/runs/rev03-arista-heart-linear-ot-control-20260901-r1/arista/predictions/loto/exact_ot_displacement/t3/summary.json,dc18bd8424141e75c006a17bde3c354cddfabc50dbb27ea0a62dd44e8f83bacd,/data/cytobridge/projects/CytoBridge-ST-1104/runs/rev03-arista-heart-linear-ot-control-20260901-r1/arista/inputs/manifest.json,5491162645e69021470217b0178d64760be0b624fce0c97e92ff0d36f2f9bd11,/data/cytobridge/projects/CytoBridge-ST-1104/runs/rev03-arista-heart-linear-ot-control-20260901-r1/arista/inputs/loto_t3/training_reference.npz,e7e09255ae6bde3fcd9dc875bafdbf6f5424c2508c5b681e0f329a75a7e6d0b8,/data/cytobridge/projects/CytoBridge-ST-1104/runs/rev03-arista-heart-linear-ot-control-20260901-r1/arista/inputs/loto_t3/source_roster.npz,18f01cfcc1bc124768b25ef4f1f8f252bcdb15f57af9379d67ef619fd72b385d,/data/cytobridge/projects/CytoBridge-ST-1104/runs/rev03-arista-heart-linear-ot-control-20260901-r1/arista/inputs/loto_t3/truth_t3.npz,e1c495ee444d6aeca7a2448e3cadd419d480f29a4b60e8555dd3d1a46b46ea59,/data/cytobridge/projects/CytoBridge-ST-1104/runs/rev03-arista-heart-linear-ot-control-20260901-r1/arista/evaluation/exact_ot_loto/transforms/loto_t3.json,b5a928cc6d58f283c051edb1941fc879a08fae7f2b1bc1ecd35392de2b6b7ccf,False,,,,
