time_index,time,celltype,count,fraction,total
0,0.0,CMPN,669,0.08724569640062597,7668
0,0.0,MCG,121,0.01577986437141367,7668
0,0.0,MSN,797,0.10393844548774127,7668
0,0.0,Oligo,92,0.011997913406364111,7668
0,0.0,VLMC,1300,0.16953573291601462,7668
0,0.0,WSN,58,0.007563901930099113,7668
0,0.0,dpEX,633,0.0825508607198748,7668
0,0.0,mpEX,320,0.041731872717788214,7668
0,0.0,mpIN,155,0.020213875847678666,7668
0,0.0,nptxEX,406,0.052947313510693796,7668
0,0.0,obNBL,754,0.09833072509128847,7668
0,0.0,reaEGC,254,0.03312467396974439,7668
0,0.0,ribEGC,56,0.007303077725612937,7668
0,0.0,scgnIN,726,0.09467918622848201,7668
0,0.0,sfrpEGC,283,0.03690662493479395,7668
0,0.0,sstIN,295,0.03847157016171101,7668
0,0.0,tlNBL,398,0.051904016692749085,7668
0,0.0,wntEGC,351,0.045774647887323945,7668
1,0.5,CMPN,764,0.09820051413881747,7780
1,0.5,MCG,61,0.007840616966580977,7780
1,0.5,MSN,1005,0.12917737789203085,7780
1,0.5,Oligo,1,0.00012853470437017994,7780
1,0.5,VLMC,1219,0.15668380462724935,7780
1,0.5,WSN,58,0.007455012853470437,7780
1,0.5,cckIN,35,0.004498714652956298,7780
1,0.5,dpEX,645,0.08290488431876607,7780
1,0.5,mpEX,505,0.06491002570694088,7780
1,0.5,mpIN,84,0.010796915167095116,7780
1,0.5,nptxEX,362,0.04652956298200514,7780
1,0.5,obNBL,866,0.11131105398457583,7780
1,0.5,reaEGC,253,0.032519280205655525,7780
1,0.5,ribEGC,90,0.011568123393316195,7780
1,0.5,scgnIN,555,0.07133676092544987,7780
1,0.5,sfrpEGC,286,0.036760925449871466,7780
1,0.5,sstIN,229,0.02943444730077121,7780
1,0.5,tlNBL,288,0.037017994858611826,7780
1,0.5,wntEGC,474,0.060925449871465295,7780
2,1.0,CMPN,409,0.050456452010856155,8106
2,1.0,MCG,221,0.027263755243029854,8106
2,1.0,MSN,604,0.07451270663705897,8106
2,1.0,VLMC,929,0.11460646434739699,8106
2,1.0,WSN,243,0.02997779422649889,8106
2,1.0,cckIN,838,0.10338021218850234,8106
2,1.0,dpEX,381,0.04700222057735011,8106
2,1.0,mpEX,815,0.1005428077966938,8106
2,1.0,mpIN,114,0.014063656550703183,8106
2,1.0,nptxEX,343,0.04231433506044905,8106
2,1.0,npyIN,31,0.0038243276585245498,8106
2,1.0,obNBL,573,0.07068837897853442,8106
2,1.0,reaEGC,259,0.03195164075993091,8106
2,1.0,ribEGC,314,0.0387367382186035,8106
2,1.0,scgnIN,710,0.08758943992104613,8106
2,1.0,sfrpEGC,231,0.02849740932642487,8106
2,1.0,sstIN,297,0.03663952627683198,8106
2,1.0,tlNBL,289,0.03565260301011596,8106
2,1.0,wntEGC,505,0.06229953121144831,8106
3,1.5,CMPN,920,0.10687732342007435,8608
3,1.5,IMN,2,0.00023234200743494423,8608
3,1.5,MCG,193,0.02242100371747212,8608
3,1.5,MSN,1819,0.2113150557620818,8608
3,1.5,VLMC,1154,0.13406133828996283,8608
3,1.5,WSN,5,0.0005808550185873606,8608
3,1.5,cckIN,57,0.00662174721189591,8608
3,1.5,dpEX,530,0.06157063197026022,8608
3,1.5,mpEX,868,0.1008364312267658,8608
3,1.5,mpIN,27,0.0031366171003717473,8608
3,1.5,nptxEX,421,0.04890799256505576,8608
3,1.5,obNBL,881,0.10234665427509294,8608
3,1.5,reaEGC,362,0.042053903345724904,8608
3,1.5,ribEGC,48,0.0055762081784386614,8608
3,1.5,scgnIN,92,0.010687732342007435,8608
3,1.5,sfrpEGC,351,0.04077602230483272,8608
3,1.5,sstIN,204,0.023698884758364312,8608
3,1.5,tlNBL,242,0.028113382899628253,8608
3,1.5,wntEGC,432,0.05018587360594796,8608
4,2.0,CMPN,629,0.06665960152607037,9436
4,2.0,CP,136,0.014412886816447647,9436
4,2.0,IMN,123,0.013035184400169564,9436
4,2.0,MCG,216,0.022891055532005086,9436
4,2.0,MSN,1741,0.18450614667231877,9436
4,2.0,VLMC,1471,0.15589232725731242,9436
4,2.0,cckIN,438,0.04641797371767698,9436
4,2.0,dpEX,278,0.029461636286562103,9436
4,2.0,mpEX,761,0.08064857990674014,9436
4,2.0,nptxEX,450,0.0476896990250106,9436
4,2.0,npyIN,216,0.022891055532005086,9436
4,2.0,obNBL,542,0.05743959304790165,9436
4,2.0,reaEGC,470,0.04980924120389996,9436
4,2.0,scgnIN,494,0.052352691818567186,9436
4,2.0,sfrpEGC,302,0.032005086901229336,9436
4,2.0,sstIN,239,0.02532852903772785,9436
4,2.0,tlNBL,673,0.07132259431962697,9436
4,2.0,wntEGC,257,0.027236116998728275,9436
5,2.5,CMPN,1316,0.1358942585708385,9684
5,2.5,CP,80,0.008261049153242462,9684
5,2.5,IMN,203,0.020962412226352745,9684
5,2.5,MCG,316,0.032631144155307726,9684
5,2.5,MSN,2127,0.21964064436183395,9684
5,2.5,VLMC,1464,0.15117719950433706,9684
5,2.5,cckIN,5,0.0005163155720776538,9684
5,2.5,dpEX,321,0.03314745972738538,9684
5,2.5,mpEX,938,0.09686080132176786,9684
5,2.5,nptxEX,702,0.0724907063197026,9684
5,2.5,npyIN,17,0.001755472945064023,9684
5,2.5,ntng1IN,3,0.0003097893432465923,9684
5,2.5,obNBL,53,0.005472945064023131,9684
5,2.5,rIPC1,5,0.0005163155720776538,9684
5,2.5,rIPC2,37,0.0038207352333746386,9684
5,2.5,reaEGC,485,0.050082610491532426,9684
5,2.5,ribEGC,22,0.002271788517141677,9684
5,2.5,scgnIN,17,0.001755472945064023,9684
5,2.5,sfrpEGC,962,0.09933911606774061,9684
5,2.5,sstIN,420,0.04337050805452292,9684
5,2.5,tlNBL,39,0.0040272614622057,9684
5,2.5,wntEGC,152,0.01569599339116068,9684
6,3.0,CMPN,1202,0.12426341362555567,9673
6,3.0,CP,272,0.028119507908611598,9673
6,3.0,IMN,318,0.032875012922567975,9673
6,3.0,MCG,205,0.02119301147524036,9673
6,3.0,MSN,859,0.0888038871084462,9673
6,3.0,Unknown,43,0.004445363382611392,9673
6,3.0,VLMC,1406,0.14535304455701437,9673
6,3.0,cckIN,318,0.032875012922567975,9673
6,3.0,dpEX,254,0.026258658120541713,9673
6,3.0,mpEX,588,0.06078775974361625,9673
6,3.0,nptxEX,536,0.05541197146696992,9673
6,3.0,npyIN,317,0.03277163237878631,9673
6,3.0,ntng1IN,340,0.0351493848857645,9673
6,3.0,rIPC1,189,0.019538922774733795,9673
6,3.0,rIPC2,268,0.02770598573348496,9673
6,3.0,reaEGC,512,0.05293083841621007,9673
6,3.0,ribEGC,358,0.03701023467383439,9673
6,3.0,scgnIN,317,0.03277163237878631,9673
6,3.0,sfrpEGC,393,0.04062855370619249,9673
6,3.0,sstIN,547,0.05654915744856818,9673
6,3.0,wntEGC,431,0.044557014369895585,9673
7,3.5,CMPN,1352,0.1347284504235177,10035
7,3.5,IMN,261,0.02600896860986547,10035
7,3.5,MCG,103,0.010264075734927753,10035
7,3.5,MSN,2523,0.2514200298953662,10035
7,3.5,Unknown,14,0.0013951170901843547,10035
7,3.5,VLMC,1136,0.11320378674638765,10035
7,3.5,dpEX,671,0.06686596910812158,10035
7,3.5,mpEX,1012,0.10084703537618336,10035
7,3.5,mpIN,8,0.0007972097658196312,10035
7,3.5,nptxEX,812,0.08091679123069258,10035
7,3.5,npyIN,57,0.005680119581464873,10035
7,3.5,ntng1IN,57,0.005680119581464873,10035
7,3.5,rIPC1,1,9.96512207274539e-05,10035
7,3.5,rIPC2,29,0.0028898854010961633,10035
7,3.5,rIPC4,9,0.0008968609865470852,10035
7,3.5,reaEGC,76,0.007573492775286498,10035
7,3.5,ribEGC,46,0.00458395615346288,10035
7,3.5,sfrpEGC,974,0.0970602889885401,10035
7,3.5,sstIN,216,0.021524663677130046,10035
7,3.5,tlNBL,29,0.0028898854010961633,10035
7,3.5,wntEGC,649,0.0646736422521176,10035
8,4.0,CMPN,848,0.07493814068575469,11316
8,4.0,IMN,369,0.03260869565217391,11316
8,4.0,MCG,105,0.009278897136797455,11316
8,4.0,MSN,1759,0.15544361965358783,11316
8,4.0,Unknown,40,0.003534817956875221,11316
8,4.0,VLMC,1384,0.12230470130788264,11316
8,4.0,cckIN,425,0.03755744079179922,11316
8,4.0,dpEX,582,0.05143160127253447,11316
8,4.0,mpEX,874,0.07723577235772358,11316
8,4.0,mpIN,150,0.013255567338282079,11316
8,4.0,nptxEX,818,0.07228702721809827,11316
8,4.0,npyIN,295,0.026069282431954756,11316
8,4.0,ntng1IN,198,0.017497348886532343,11316
8,4.0,obNBL,234,0.020678685047720042,11316
8,4.0,rIPC4,556,0.04913396960056557,11316
8,4.0,scgnIN,194,0.01714386709084482,11316
8,4.0,sfrpEGC,337,0.029780841286673736,11316
8,4.0,sstIN,246,0.021739130434782608,11316
8,4.0,tlNBL,934,0.08253799929303642,11316
8,4.0,wntEGC,968,0.08554259455638034,11316
