condition_a,condition_b,component,space,n_valid_cells,valid_cell_fraction,cosine_median,cosine_q25,cosine_q75,cosine_mean,flattened_cosine,comparison
formal_seed42_cutoff1p0,formal_seed43_cutoff1p0,total,joint,11999,1.0,0.8778892755508423,0.7825762331485748,0.9399601221084595,0.8525163531303406,0.8530431985855103,Seed 42 vs Seed 43
formal_seed42_cutoff1p0,formal_seed43_cutoff1p0,total,spatial,11999,1.0,0.9704075455665588,0.832368940114975,0.9956138730049133,0.7926431894302368,0.9366370439529419,Seed 42 vs Seed 43
formal_seed42_cutoff1p0,formal_seed43_cutoff1p0,total,state,11999,1.0,0.8776409029960632,0.778814822435379,0.9405834674835205,0.8509446382522583,0.8528477549552917,Seed 42 vs Seed 43
formal_seed42_cutoff1p0,formal_seed43_cutoff1p0,intrinsic,joint,11999,1.0,0.9128394722938538,0.840757429599762,0.9523959755897522,0.8864847421646118,0.9237377047538757,Seed 42 vs Seed 43
formal_seed42_cutoff1p0,formal_seed43_cutoff1p0,intrinsic,spatial,11999,1.0,0.9798018932342529,0.8667314946651459,0.996903270483017,0.8120643496513367,0.9695824384689331,Seed 42 vs Seed 43
formal_seed42_cutoff1p0,formal_seed43_cutoff1p0,intrinsic,state,11999,1.0,0.9124914407730103,0.835344135761261,0.9527356624603271,0.8819988965988159,0.9222838878631592,Seed 42 vs Seed 43
formal_seed42_cutoff1p0,formal_seed43_cutoff1p0,interaction,joint,4711,0.39261605133761146,0.6791175603866577,0.4330804944038391,0.7520819902420044,0.5852659940719604,0.8123130798339844,Seed 42 vs Seed 43
formal_seed42_cutoff1p0,formal_seed43_cutoff1p0,interaction,spatial,4711,0.39261605133761146,0.9873415231704712,0.8629290759563446,0.9994604289531708,0.7278355360031128,0.7149187326431274,Seed 42 vs Seed 43
formal_seed42_cutoff1p0,formal_seed43_cutoff1p0,interaction,state,4711,0.39261605133761146,0.6789494156837463,0.4311542361974716,0.7519375383853912,0.5845809578895569,0.8123586177825928,Seed 42 vs Seed 43
formal_seed42_cutoff1p0,formal_seed43_cutoff1p0,growth,scalar,11999,1.0,0.8678202193714762,,,0.8678202193714762,0.8678202193714762,Seed 42 vs Seed 43
formal_seed42_cutoff1p0,formal_seed44_cutoff1p0,total,joint,11999,1.0,0.8888407945632935,0.7904178500175476,0.9513483345508575,0.8549100160598755,0.8661748170852661,Seed 42 vs Seed 44
formal_seed42_cutoff1p0,formal_seed44_cutoff1p0,total,spatial,11999,1.0,0.974723219871521,0.8538683950901031,0.996414840221405,0.8107624053955078,0.9392126202583313,Seed 42 vs Seed 44
formal_seed42_cutoff1p0,formal_seed44_cutoff1p0,total,state,11999,1.0,0.8876345157623291,0.7892748415470123,0.9522926211357117,0.8542448282241821,0.8659688234329224,Seed 42 vs Seed 44
formal_seed42_cutoff1p0,formal_seed44_cutoff1p0,intrinsic,joint,11999,1.0,0.9334335327148438,0.8941868841648102,0.9617253243923187,0.9114809036254883,0.940475344657898,Seed 42 vs Seed 44
formal_seed42_cutoff1p0,formal_seed44_cutoff1p0,intrinsic,spatial,11999,1.0,0.9809302091598511,0.8732799887657166,0.9974855184555054,0.8244036436080933,0.9590111374855042,Seed 42 vs Seed 44
formal_seed42_cutoff1p0,formal_seed44_cutoff1p0,intrinsic,state,11999,1.0,0.9330447912216187,0.8889251351356506,0.9621729850769043,0.9101883172988892,0.9399177432060242,Seed 42 vs Seed 44
formal_seed42_cutoff1p0,formal_seed44_cutoff1p0,interaction,joint,4711,0.39261605133761146,0.634489119052887,0.372927263379097,0.768269807100296,0.563311755657196,0.8333255648612976,Seed 42 vs Seed 44
formal_seed42_cutoff1p0,formal_seed44_cutoff1p0,interaction,spatial,4711,0.39261605133761146,0.9881646633148193,0.8129092156887054,0.9994479119777679,0.6792073845863342,0.8731682896614075,Seed 42 vs Seed 44
formal_seed42_cutoff1p0,formal_seed44_cutoff1p0,interaction,state,4711,0.39261605133761146,0.634108304977417,0.3721696436405182,0.7677134275436401,0.5624660849571228,0.8333420157432556,Seed 42 vs Seed 44
formal_seed42_cutoff1p0,formal_seed44_cutoff1p0,growth,scalar,11999,1.0,0.8508017769860762,,,0.8508017769860762,0.8508017769860762,Seed 42 vs Seed 44
formal_seed42_cutoff1p0,formal_seed46_cutoff1p0,total,joint,11999,1.0,0.9068958759307861,0.8225631415843964,0.9618537425994873,0.877072274684906,0.8741299510002136,Seed 42 vs Seed 46
formal_seed42_cutoff1p0,formal_seed46_cutoff1p0,total,spatial,11999,1.0,0.9722403287887573,0.8513864874839783,0.9960334897041321,0.8065688610076904,0.9418165683746338,Seed 42 vs Seed 46
formal_seed42_cutoff1p0,formal_seed46_cutoff1p0,total,state,11999,1.0,0.907011866569519,0.8213560283184052,0.9624214172363281,0.8765482902526855,0.8739399313926697,Seed 42 vs Seed 46
formal_seed42_cutoff1p0,formal_seed46_cutoff1p0,intrinsic,joint,11999,1.0,0.9453643560409546,0.9050616919994354,0.9695190787315369,0.9270269870758057,0.9512494206428528,Seed 42 vs Seed 46
formal_seed42_cutoff1p0,formal_seed46_cutoff1p0,intrinsic,spatial,11999,1.0,0.9778643250465393,0.8696589171886444,0.9968120157718658,0.8192833065986633,0.958373486995697,Seed 42 vs Seed 46
formal_seed42_cutoff1p0,formal_seed46_cutoff1p0,intrinsic,state,11999,1.0,0.945726215839386,0.9028266072273254,0.9697124063968658,0.9258571267127991,0.9510415196418762,Seed 42 vs Seed 46
formal_seed42_cutoff1p0,formal_seed46_cutoff1p0,interaction,joint,4711,0.39261605133761146,0.7245849370956421,0.362719789147377,0.7868795096874237,0.5939967036247253,0.8440021276473999,Seed 42 vs Seed 46
formal_seed42_cutoff1p0,formal_seed46_cutoff1p0,interaction,spatial,4711,0.39261605133761146,0.9921261668205261,0.9017394781112671,0.9996709823608398,0.7643845081329346,0.895728588104248,Seed 42 vs Seed 46
formal_seed42_cutoff1p0,formal_seed46_cutoff1p0,interaction,state,4711,0.39261605133761146,0.7241594791412354,0.3607427775859833,0.7862879037857056,0.5933877825737,0.8440111875534058,Seed 42 vs Seed 46
formal_seed42_cutoff1p0,formal_seed46_cutoff1p0,growth,scalar,11999,1.0,0.8712221548181055,,,0.8712221548181055,0.8712221548181055,Seed 42 vs Seed 46
formal_seed42_cutoff1p0,formal_seed47_cutoff1p0,total,joint,11999,1.0,0.8410067558288574,0.7817253768444061,0.9261893630027771,0.8361271023750305,0.7577757835388184,Seed 42 vs Seed 47
formal_seed42_cutoff1p0,formal_seed47_cutoff1p0,total,spatial,11999,1.0,0.9630391001701355,0.7992354035377502,0.9951702058315277,0.7646110653877258,0.9428102374076843,Seed 42 vs Seed 47
formal_seed42_cutoff1p0,formal_seed47_cutoff1p0,total,state,11999,1.0,0.8412338495254517,0.7804118394851685,0.9259848594665527,0.8344064354896545,0.7578244805335999,Seed 42 vs Seed 47
formal_seed42_cutoff1p0,formal_seed47_cutoff1p0,intrinsic,joint,11999,1.0,0.9055427312850952,0.8063428401947021,0.9442590475082397,0.869127094745636,0.9095157980918884,Seed 42 vs Seed 47
formal_seed42_cutoff1p0,formal_seed47_cutoff1p0,intrinsic,spatial,11999,1.0,0.9660612940788269,0.8120960593223572,0.9954353272914886,0.7742272615432739,0.9559981822967529,Seed 42 vs Seed 47
formal_seed42_cutoff1p0,formal_seed47_cutoff1p0,intrinsic,state,11999,1.0,0.9047312140464783,0.8033114075660706,0.9444207549095154,0.8639869689941406,0.9081017971038818,Seed 42 vs Seed 47
formal_seed42_cutoff1p0,formal_seed47_cutoff1p0,interaction,joint,4711,0.39261605133761146,0.647437334060669,0.3795981705188751,0.750760406255722,0.555509090423584,0.66928631067276,Seed 42 vs Seed 47
formal_seed42_cutoff1p0,formal_seed47_cutoff1p0,interaction,spatial,4711,0.39261605133761146,0.9877079129219055,0.8561441004276276,0.9995763599872589,0.7169100046157837,0.9136300683021545,Seed 42 vs Seed 47
formal_seed42_cutoff1p0,formal_seed47_cutoff1p0,interaction,state,4711,0.39261605133761146,0.6474412679672241,0.3792249858379364,0.7503614723682404,0.5550230145454407,0.6691649556159973,Seed 42 vs Seed 47
formal_seed42_cutoff1p0,formal_seed47_cutoff1p0,growth,scalar,11999,1.0,0.8771605188367263,,,0.8771605188367263,0.8771605188367263,Seed 42 vs Seed 47
formal_seed43_cutoff1p0,formal_seed44_cutoff1p0,total,joint,11999,1.0,0.9003715515136719,0.8234303593635559,0.9456149041652679,0.8736698031425476,0.9073745012283325,Seed 43 vs Seed 44
formal_seed43_cutoff1p0,formal_seed44_cutoff1p0,total,spatial,11999,1.0,0.9871357083320618,0.9116269946098328,0.9980271458625793,0.8474672436714172,0.9758597612380981,Seed 43 vs Seed 44
formal_seed43_cutoff1p0,formal_seed44_cutoff1p0,total,state,11999,1.0,0.8998422026634216,0.8181291222572327,0.9452840089797974,0.8715132474899292,0.9071400761604309,Seed 43 vs Seed 44
formal_seed43_cutoff1p0,formal_seed44_cutoff1p0,intrinsic,joint,11999,1.0,0.9269213676452637,0.8787581920623779,0.9582339525222778,0.9085379242897034,0.934531033039093,Seed 43 vs Seed 44
formal_seed43_cutoff1p0,formal_seed44_cutoff1p0,intrinsic,spatial,11999,1.0,0.9886693358421326,0.9159974157810211,0.9982101023197174,0.8518680334091187,0.9784848690032959,Seed 43 vs Seed 44
formal_seed43_cutoff1p0,formal_seed44_cutoff1p0,intrinsic,state,11999,1.0,0.9261820316314697,0.87448850274086,0.9578070640563965,0.9045846462249756,0.932887852191925,Seed 43 vs Seed 44
formal_seed43_cutoff1p0,formal_seed44_cutoff1p0,interaction,joint,4711,0.39261605133761146,0.6880172491073608,0.5292074382305145,0.7708148062229156,0.6494206786155701,0.8771227598190308,Seed 43 vs Seed 44
formal_seed43_cutoff1p0,formal_seed44_cutoff1p0,interaction,spatial,4711,0.39261605133761146,0.9928871393203735,0.932545930147171,0.9996788799762726,0.7581363916397095,0.8987633585929871,Seed 43 vs Seed 44
formal_seed43_cutoff1p0,formal_seed44_cutoff1p0,interaction,state,4711,0.39261605133761146,0.6871643662452698,0.5284647643566132,0.770378977060318,0.6487658619880676,0.8771199584007263,Seed 43 vs Seed 44
formal_seed43_cutoff1p0,formal_seed44_cutoff1p0,growth,scalar,11999,1.0,0.868123555479988,,,0.868123555479988,0.868123555479988,Seed 43 vs Seed 44
formal_seed43_cutoff1p0,formal_seed46_cutoff1p0,total,joint,11999,1.0,0.9202340245246887,0.8602063655853271,0.956398218870163,0.8988136649131775,0.9369696378707886,Seed 43 vs Seed 46
formal_seed43_cutoff1p0,formal_seed46_cutoff1p0,total,spatial,11999,1.0,0.9844280481338501,0.8945837914943695,0.9977307319641113,0.8333597183227539,0.9746445417404175,Seed 43 vs Seed 46
formal_seed43_cutoff1p0,formal_seed46_cutoff1p0,total,state,11999,1.0,0.9200251698493958,0.8557782471179962,0.956430196762085,0.8974291086196899,0.9368577003479004,Seed 43 vs Seed 46
formal_seed43_cutoff1p0,formal_seed46_cutoff1p0,intrinsic,joint,11999,1.0,0.9402464032173157,0.8988062143325806,0.9633488059043884,0.923791229724884,0.9414447546005249,Seed 43 vs Seed 46
formal_seed43_cutoff1p0,formal_seed46_cutoff1p0,intrinsic,spatial,11999,1.0,0.9868032932281494,0.8989913761615753,0.9981506168842316,0.8359573483467102,0.9782455563545227,Seed 43 vs Seed 46
formal_seed43_cutoff1p0,formal_seed46_cutoff1p0,intrinsic,state,11999,1.0,0.940038800239563,0.8942565023899078,0.9634516537189484,0.9208894968032837,0.940141499042511,Seed 43 vs Seed 46
formal_seed43_cutoff1p0,formal_seed46_cutoff1p0,interaction,joint,4711,0.39261605133761146,0.7803061008453369,0.6121717989444733,0.830262154340744,0.7154723405838013,0.9208184480667114,Seed 43 vs Seed 46
formal_seed43_cutoff1p0,formal_seed46_cutoff1p0,interaction,spatial,4711,0.39261605133761146,0.9945344924926758,0.952061116695404,0.9997984766960144,0.8870351910591125,0.8821916580200195,Seed 43 vs Seed 46
formal_seed43_cutoff1p0,formal_seed46_cutoff1p0,interaction,state,4711,0.39261605133761146,0.7800759077072144,0.6109120845794678,0.8302278816699982,0.715014636516571,0.920827329158783,Seed 43 vs Seed 46
formal_seed43_cutoff1p0,formal_seed46_cutoff1p0,growth,scalar,11999,1.0,0.8967275366476456,,,0.8967275366476456,0.8967275366476456,Seed 43 vs Seed 46
formal_seed43_cutoff1p0,formal_seed47_cutoff1p0,total,joint,11999,1.0,0.9065445065498352,0.8425634503364563,0.9507248103618622,0.8870764374732971,0.7445452809333801,Seed 43 vs Seed 47
formal_seed43_cutoff1p0,formal_seed47_cutoff1p0,total,spatial,11999,1.0,0.975716769695282,0.8216462433338165,0.9973101317882538,0.7799273133277893,0.9690077900886536,Seed 43 vs Seed 47
formal_seed43_cutoff1p0,formal_seed47_cutoff1p0,total,state,11999,1.0,0.9042515158653259,0.8414438962936401,0.9510283172130585,0.886002779006958,0.7434584498405457,Seed 43 vs Seed 47
formal_seed43_cutoff1p0,formal_seed47_cutoff1p0,intrinsic,joint,11999,1.0,0.9350473880767822,0.9027793407440186,0.9600397050380707,0.9183192253112793,0.9353821277618408,Seed 43 vs Seed 47
formal_seed43_cutoff1p0,formal_seed47_cutoff1p0,intrinsic,spatial,11999,1.0,0.977255642414093,0.8181598782539368,0.9977380335330963,0.7789011001586914,0.974671483039856,Seed 43 vs Seed 47
formal_seed43_cutoff1p0,formal_seed47_cutoff1p0,intrinsic,state,11999,1.0,0.934904932975769,0.8949953615665436,0.9597544372081757,0.9159601330757141,0.9338172078132629,Seed 43 vs Seed 47
formal_seed43_cutoff1p0,formal_seed47_cutoff1p0,interaction,joint,4711,0.39261605133761146,0.7458605170249939,0.583684653043747,0.8174597322940826,0.6888312101364136,0.6448176503181458,Seed 43 vs Seed 47
formal_seed43_cutoff1p0,formal_seed47_cutoff1p0,interaction,spatial,4711,0.39261605133761146,0.9942238926887512,0.9607770442962646,0.9997711777687073,0.9193307757377625,0.8409712910652161,Seed 43 vs Seed 47
formal_seed43_cutoff1p0,formal_seed47_cutoff1p0,interaction,state,4711,0.39261605133761146,0.7457127571105957,0.5832712352275848,0.8171050548553467,0.6884569525718689,0.6448125839233398,Seed 43 vs Seed 47
formal_seed43_cutoff1p0,formal_seed47_cutoff1p0,growth,scalar,11999,1.0,0.8907595615488387,,,0.8907595615488387,0.8907595615488387,Seed 43 vs Seed 47
formal_seed44_cutoff1p0,formal_seed46_cutoff1p0,total,joint,11999,1.0,0.9242677092552185,0.8624763488769531,0.9588547646999359,0.8971725702285767,0.9483993053436279,Seed 44 vs Seed 46
formal_seed44_cutoff1p0,formal_seed46_cutoff1p0,total,spatial,11999,1.0,0.9866448640823364,0.917569488286972,0.9980669915676117,0.8554103374481201,0.9790355563163757,Seed 44 vs Seed 46
formal_seed44_cutoff1p0,formal_seed46_cutoff1p0,total,state,11999,1.0,0.9231337308883667,0.86122065782547,0.9586882591247559,0.8961531519889832,0.9482959508895874,Seed 44 vs Seed 46
formal_seed44_cutoff1p0,formal_seed46_cutoff1p0,intrinsic,joint,11999,1.0,0.9505313634872437,0.9304763078689575,0.9647869765758514,0.9346890449523926,0.9474485516548157,Seed 44 vs Seed 46
formal_seed44_cutoff1p0,formal_seed46_cutoff1p0,intrinsic,spatial,11999,1.0,0.9871846437454224,0.9165658354759216,0.9981990158557892,0.8542938232421875,0.9800421595573425,Seed 44 vs Seed 46
formal_seed44_cutoff1p0,formal_seed46_cutoff1p0,intrinsic,state,11999,1.0,0.9501857161521912,0.9268606305122375,0.9643367230892181,0.9335682988166809,0.946292519569397,Seed 44 vs Seed 46
formal_seed44_cutoff1p0,formal_seed46_cutoff1p0,interaction,joint,4711,0.39261605133761146,0.7301163077354431,0.5418255031108856,0.854184091091156,0.6776489019393921,0.9325401782989502,Seed 44 vs Seed 46
formal_seed44_cutoff1p0,formal_seed46_cutoff1p0,interaction,spatial,4711,0.39261605133761146,0.9939579963684082,0.930794358253479,0.999718576669693,0.7547253966331482,0.9538317918777466,Seed 44 vs Seed 46
formal_seed44_cutoff1p0,formal_seed46_cutoff1p0,interaction,state,4711,0.39261605133761146,0.7300033569335938,0.5416262149810791,0.8540781736373901,0.6771448254585266,0.9325404763221741,Seed 44 vs Seed 46
formal_seed44_cutoff1p0,formal_seed46_cutoff1p0,growth,scalar,11999,1.0,0.8775226741877895,,,0.8775226741877895,0.8775226741877895,Seed 44 vs Seed 46
formal_seed44_cutoff1p0,formal_seed47_cutoff1p0,total,joint,11999,1.0,0.8761427998542786,0.8075511753559113,0.9391497671604156,0.8641970753669739,0.7163055539131165,Seed 44 vs Seed 47
formal_seed44_cutoff1p0,formal_seed47_cutoff1p0,total,spatial,11999,1.0,0.9759792685508728,0.8500313460826874,0.9967862069606781,0.7970532178878784,0.9678339958190918,Seed 44 vs Seed 47
formal_seed44_cutoff1p0,formal_seed47_cutoff1p0,total,state,11999,1.0,0.8755055665969849,0.8040611445903778,0.9387502670288086,0.8625594973564148,0.7155578136444092,Seed 44 vs Seed 47
formal_seed44_cutoff1p0,formal_seed47_cutoff1p0,intrinsic,joint,11999,1.0,0.9206093549728394,0.8572602272033691,0.951494038105011,0.897774338722229,0.9256274104118347,Seed 44 vs Seed 47
formal_seed44_cutoff1p0,formal_seed47_cutoff1p0,intrinsic,spatial,11999,1.0,0.9757940173149109,0.8459069132804871,0.9970550835132599,0.7955382466316223,0.9695746898651123,Seed 44 vs Seed 47
formal_seed44_cutoff1p0,formal_seed47_cutoff1p0,intrinsic,state,11999,1.0,0.920301079750061,0.8542492985725403,0.9507019519805908,0.8941691517829895,0.9239795207977295,Seed 44 vs Seed 47
formal_seed44_cutoff1p0,formal_seed47_cutoff1p0,interaction,joint,4711,0.39261605133761146,0.6417047381401062,0.4719127118587494,0.7544751465320587,0.601967453956604,0.6019279956817627,Seed 44 vs Seed 47
formal_seed44_cutoff1p0,formal_seed47_cutoff1p0,interaction,spatial,4711,0.39261605133761146,0.9920015931129456,0.9149501323699951,0.9995972514152527,0.7459635734558105,0.9316003322601318,Seed 44 vs Seed 47
formal_seed44_cutoff1p0,formal_seed47_cutoff1p0,interaction,state,4711,0.39261605133761146,0.6416793465614319,0.4712246358394623,0.7540176212787628,0.6015156507492065,0.6018838286399841,Seed 44 vs Seed 47
formal_seed44_cutoff1p0,formal_seed47_cutoff1p0,growth,scalar,11999,1.0,0.8373149786234384,,,0.8373149786234384,0.8373149786234384,Seed 44 vs Seed 47
formal_seed46_cutoff1p0,formal_seed47_cutoff1p0,total,joint,11999,1.0,0.8985032439231873,0.8500968813896179,0.9467380344867706,0.8850166201591492,0.7475825548171997,Seed 46 vs Seed 47
formal_seed46_cutoff1p0,formal_seed47_cutoff1p0,total,spatial,11999,1.0,0.9858102202415466,0.8975774645805359,0.9982353150844574,0.8363984823226929,0.9749882817268372,Seed 46 vs Seed 47
formal_seed46_cutoff1p0,formal_seed47_cutoff1p0,total,state,11999,1.0,0.8977915644645691,0.8459673523902893,0.9467207491397858,0.8834423422813416,0.7470046281814575,Seed 46 vs Seed 47
formal_seed46_cutoff1p0,formal_seed47_cutoff1p0,intrinsic,joint,11999,1.0,0.9301829934120178,0.8686656951904297,0.9577301442623138,0.9066009521484375,0.9364917874336243,Seed 46 vs Seed 47
formal_seed46_cutoff1p0,formal_seed47_cutoff1p0,intrinsic,spatial,11999,1.0,0.9867798089981079,0.9074973464012146,0.9983659982681274,0.8467447757720947,0.9764310717582703,Seed 46 vs Seed 47
formal_seed46_cutoff1p0,formal_seed47_cutoff1p0,intrinsic,state,11999,1.0,0.9296406507492065,0.8627820312976837,0.9572213590145111,0.9029517769813538,0.9351004362106323,Seed 46 vs Seed 47
formal_seed46_cutoff1p0,formal_seed47_cutoff1p0,interaction,joint,4711,0.39261605133761146,0.7249858975410461,0.5161213278770447,0.8413309156894684,0.6632199287414551,0.6515259742736816,Seed 46 vs Seed 47
formal_seed46_cutoff1p0,formal_seed47_cutoff1p0,interaction,spatial,4711,0.39261605133761146,0.9934977889060974,0.9439584016799927,0.9997483193874359,0.8694413304328918,0.9410932064056396,Seed 46 vs Seed 47
formal_seed46_cutoff1p0,formal_seed47_cutoff1p0,interaction,state,4711,0.39261605133761146,0.7249574661254883,0.5153875052928925,0.8410989046096802,0.6629037261009216,0.6514897346496582,Seed 46 vs Seed 47
formal_seed46_cutoff1p0,formal_seed47_cutoff1p0,growth,scalar,11999,1.0,0.8474499210031331,,,0.8474499210031331,0.8474499210031331,Seed 46 vs Seed 47
