module,pathway,observed_lr_score,null_mean,null_sd,empirical_p_greater,n_permutations,fold_over_null_mean,adjusted_p_value
N1_sfrpEGC_VLMC,AGRN,11.253510509245876,4.051129136368757,0.9344996597259473,0.0005,1999,2.77787010249024,0.005
N1_sfrpEGC_VLMC,LAMININ,9.122966307655766,3.4991439966618048,0.8783620829492812,0.0005,1999,2.6071994511683734,0.005
N1_sfrpEGC_VLMC,NTS,2.477533331410884,1.0767251993034455,0.2918776003917084,0.0005,1999,2.3009894567468545,0.005
N1_sfrpEGC_VLMC,CNTN,8.030377855328062,3.558016849556284,0.8781716031034399,0.0005,1999,2.2569814014032907,0.005
N1_sfrpEGC_VLMC,GRN,7.253727371890529,3.302138250873916,0.7599985400267923,0.0005,1999,2.1966758569150815,0.005
N1_sfrpEGC_VLMC,SEMA5,12.245393094639185,5.839199095557021,1.2065013177429236,0.0005,1999,2.097101485023274,0.005
N1_sfrpEGC_VLMC,PSAP,63.037169149750554,31.093064841324246,5.087478898313124,0.0005,1999,2.0273707166355304,0.005
N1_sfrpEGC_VLMC,NRXN,26.623788110740925,13.568343526725524,2.565082080817641,0.0005,1999,1.9621988534046277,0.005
N1_sfrpEGC_VLMC,NRG,2.6668563083324472,0.5878039528960689,0.3227439254276932,0.001,1999,4.536982603116282,0.007272727272727273
N1_sfrpEGC_VLMC,TENASCIN,4.609291379588348,1.8130634571859185,0.482000487277946,0.001,1999,2.5422669908876188,0.007272727272727273
N1_sfrpEGC_VLMC,SEMA6,3.318930450191332,1.5293571605308802,0.3122974610050286,0.001,1999,2.1701473899263948,0.007272727272727273
N1_sfrpEGC_VLMC,GDF,0.10123648842738693,0.021259480458946222,0.014897013482859198,0.0015,1999,4.761945552850305,0.00923076923076923
N1_sfrpEGC_VLMC,NCAM,4.125156924354437,1.7376399138830418,0.43019754774082014,0.0015,1999,2.373999866943719,0.00923076923076923
N1_sfrpEGC_VLMC,FGF,6.119122103465765,2.758726749461581,0.9178471460795876,0.0035,1999,2.2180964840610002,0.02
N1_sfrpEGC_VLMC,TAC,0.048653900302133866,0.012180005318984685,0.010104922029692228,0.0045,1999,3.994571350990971,0.0225
N1_sfrpEGC_VLMC,NGL,0.47319942342485943,0.18482923863488548,0.07733877301401437,0.0045,1999,2.5601978719374854,0.0225
N1_sfrpEGC_VLMC,VISTA,0.5803674094280932,0.1475299141696255,0.10599799630946775,0.005,1999,3.933896475807639,0.023529411764705882
N1_sfrpEGC_VLMC,NPY,0.3001282230554191,0.09686955362321709,0.04862834775385648,0.006,1999,3.0982719732847643,0.026666666666666665
N1_sfrpEGC_VLMC,THBS,4.6428283120891995,2.808583145312719,0.6315950549843486,0.0065,1999,1.6530855851063824,0.02736842105263158
N1_sfrpEGC_VLMC,WNT,27.622728287585076,17.585377408114766,3.907210799966739,0.0075,1999,1.5707782464104851,0.03
N1_sfrpEGC_VLMC,UCN,0.03447418919295011,0.005601759797183457,0.008214627762060183,0.0085,1999,6.154171267801165,0.03090909090909091
N1_sfrpEGC_VLMC,ANGPTL,7.482729616801648,4.078643941166111,1.2096417413923883,0.0085,1999,1.8346121222492118,0.03090909090909091
N1_sfrpEGC_VLMC,MAG,0.00740810419768845,0.004160251014418628,0.002893366450203536,0.0105,1999,1.780686831639098,0.036521739130434785
N1_sfrpEGC_VLMC,THY1,0.0017608534528755478,0.00025724471405505505,0.00048116341872312806,0.017,1999,6.845052032823085,0.05666666666666667
N1_sfrpEGC_VLMC,COLLAGEN,2.8034187661881744,1.300567689071651,0.5671728815183544,0.0205,1999,2.155534686694595,0.06307692307692309
N1_sfrpEGC_VLMC,EPHB,8.094890248061304,5.470046801858995,1.2000625533763059,0.0205,1999,1.4798575846389936,0.06307692307692309
N1_sfrpEGC_VLMC,VIP,0.01352300554420479,0.00493827430637977,0.004534956537318811,0.028,1999,2.7384071246780244,0.08296296296296297
N1_sfrpEGC_VLMC,ACTIVIN,0.015094707190655811,0.005438528354982023,0.00537592936856899,0.035,1999,2.7755131913264997,0.1
N1_sfrpEGC_VLMC,MPZ,0.05299173907337472,0.02852729556789824,0.02618212355059531,0.0455,1999,1.8575801883234355,0.12551724137931033
N1_sfrpEGC_VLMC,GAS,0.18272051124473992,0.09968258930767238,0.05609881358235127,0.0525,1999,1.833023324472133,0.14
N1_sfrpEGC_VLMC,EPHA,3.746446659300968,2.702093895899247,0.6610630690789971,0.061,1999,1.3864975843314151,0.15741935483870967
N1_sfrpEGC_VLMC,CD45,3.955778897656256e-05,9.840366174973436e-05,0.0014398519283116622,0.0715,1999,0.4019950911701652,0.17875
N1_sfrpEGC_VLMC,ANGPT,0.009820146364388757,0.002423718600729954,0.004823942245449666,0.0815,1999,4.051685852240112,0.1975757575757576
N1_sfrpEGC_VLMC,SEMA4,1.978238616564429,1.4047937658026535,0.42380981916874694,0.101,1999,1.4082057201002225,0.2376470588235294
N1_sfrpEGC_VLMC,HH,0.00022538568145257683,0.00014540622295993063,0.0010956866002180853,0.1135,1999,1.5500415103601586,0.2588888888888889
N1_sfrpEGC_VLMC,JAM,3.617880702001503,2.575185777789789,0.8503209556510859,0.1165,1999,1.4049008553886277,0.2588888888888889
N1_sfrpEGC_VLMC,L1CAM,3.747570991332515,2.599072290294858,1.0456713467162582,0.129,1999,1.4418879402955593,0.2789189189189189
N1_sfrpEGC_VLMC,CDH,4.261466968787842,3.4311643270650998,0.9231609577745326,0.162,1999,1.2419885970407472,0.3410526315789474
N1_sfrpEGC_VLMC,NEGR,0.09627361693057782,0.07050512925527058,0.036498525980172516,0.175,1999,1.36548387255642,0.358974358974359
N1_sfrpEGC_VLMC,TGFb,0.004421092719278005,0.0027992468284604674,0.00403356627848446,0.184,1999,1.5793865243778884,0.368
N1_sfrpEGC_VLMC,PTH,0.00012728394273780572,0.0010454943372347435,0.0026420958175202313,0.1995,1999,0.12174522444039486,0.3838095238095238
N1_sfrpEGC_VLMC,ncWNT,0.2710428437557858,0.1598509170392112,0.18203331563728095,0.2015,1999,1.695597677987042,0.3838095238095238
N1_sfrpEGC_VLMC,GPR,0.011829636429998363,0.009631254534715507,0.016834510513599944,0.241,1999,1.228254988730582,0.4483720930232558
N1_sfrpEGC_VLMC,BMP,0.016894664115072754,0.013686124297438824,0.017173779217875385,0.27,1999,1.234437430780485,0.49090909090909096
N1_sfrpEGC_VLMC,SEMA3,1.141291696885488,0.9806732034034962,0.3672941941888932,0.277,1999,1.1637839118317437,0.4924444444444445
N1_sfrpEGC_VLMC,VEGF,0.00010263229544765936,0.0012073967280012286,0.004335329857411948,0.2935,1999,0.0850029597293682,0.4991666666666667
N1_sfrpEGC_VLMC,GALANIN,0.005209989805046247,0.004210481372128858,0.005059325876065211,0.299,1999,1.2373857867021099,0.4991666666666667
N1_sfrpEGC_VLMC,HSPG,0.10202737855647677,0.08467916044922781,0.058397598519801135,0.2995,1999,1.2048699823571192,0.4991666666666667
N1_sfrpEGC_VLMC,ESAM,0.0017347325748539,0.004959978709634495,0.011221755877448643,0.3605,1999,0.3497459719906205,0.5885714285714285
N1_sfrpEGC_VLMC,SEMATOSTATIN,0.16575941102224845,0.15110204199381158,0.07502203751398206,0.392,1999,1.097003116801275,0.6272
N1_sfrpEGC_VLMC,EGF,0.35722805083699616,0.2881067478155314,0.14942259537631558,0.4085,1999,1.2399155991504984,0.6407843137254902
N1_sfrpEGC_VLMC,CCK,0.059564460056051885,0.05798804590401015,0.030665376298179274,0.469,1999,1.0271851573452093,0.7118518518518518
N1_sfrpEGC_VLMC,PARs,8.55582145942591e-05,0.0019669268604603145,0.0030992436641444246,0.475,1999,0.04349842198719892,0.7118518518518518
N1_sfrpEGC_VLMC,CD34,0.0004913200796326132,0.001889905707942003,0.0038356480323673697,0.4805,1999,0.25997068402297807,0.7118518518518518
N1_sfrpEGC_VLMC,PTPRM,0.07132662286864613,0.07742059745821137,0.035914861430277716,0.5335,1999,0.9212874249277846,0.776
N1_sfrpEGC_VLMC,PECAM1,0.011644060332092308,0.03083805410226179,0.041488734390926714,0.5925,1999,0.37758738905767353,0.8464285714285715
N1_sfrpEGC_VLMC,CALCR,0.000928164766394612,0.0094695231634231,0.018350841531698876,0.6345,1999,0.09801599831127014,0.8905263157894736
N1_sfrpEGC_VLMC,RELN,0.009768510098025089,0.01604490832892347,0.01089220598149797,0.718,1999,0.6088230545023318,0.9903448275862069
N1_sfrpEGC_VLMC,PROS,0.2507954176458526,0.3477823528226916,0.1408675869211512,0.7375,1999,0.7211274971554252,1.0
N1_sfrpEGC_VLMC,PDGF,0.012482896949517371,0.053164472965204136,0.04938928012222737,0.825,1999,0.23479771835013508,1.0
N1_sfrpEGC_VLMC,ADIPONECTIN,0.0,9.172323696576448e-05,0.0011560453427754925,1.0,1999,0.0,1.0
N1_sfrpEGC_VLMC,AGT,0.0,0.0016644645977776091,0.0063795093841038375,1.0,1999,0.0,1.0
N1_sfrpEGC_VLMC,BAG,0.0,0.0029877328416342184,0.014813483180753638,1.0,1999,0.0,1.0
N1_sfrpEGC_VLMC,CCL,0.0,1.1262921543854091e-05,0.0002916911638775633,1.0,1999,0.0,1.0
N1_sfrpEGC_VLMC,CD40,0.0,0.0004962558892633825,0.002264390495343323,1.0,1999,0.0,1.0
N1_sfrpEGC_VLMC,CDH5,0.0,0.0011189881735766349,0.0021199025200362522,1.0,1999,0.0,1.0
N1_sfrpEGC_VLMC,CLDN,0.0,8.828160618427859e-05,0.0009180020213846073,1.0,1999,0.0,1.0
N1_sfrpEGC_VLMC,CSPG4,0.0,9.360171489874234e-05,0.0011988309227660887,1.0,1999,0.0,1.0
N1_sfrpEGC_VLMC,CXCL,0.0,0.08434927594049808,0.11899157702474067,1.0,1999,0.0,1.0
N1_sfrpEGC_VLMC,EDN,0.0,0.0031414283462876257,0.03958453860527328,1.0,1999,0.0,1.0
N1_sfrpEGC_VLMC,FN1,0.0,0.08596220233739306,0.0778911941112559,1.0,1999,0.0,1.0
N1_sfrpEGC_VLMC,GDNF,0.0,3.673669783317504e-05,0.00018523127216385108,1.0,1999,0.0,1.0
N1_sfrpEGC_VLMC,MSTN,0.0,0.007833104121201043,0.01785304019881649,1.0,1999,0.0,1.0
N1_sfrpEGC_VLMC,NMU,0.0,7.354379208110558e-05,0.000653163446033942,1.0,1999,0.0,1.0
N1_sfrpEGC_VLMC,NOTCH,0.0,0.0005239505332545236,0.005033780899143782,1.0,1999,0.0,1.0
N1_sfrpEGC_VLMC,NPFF,0.0,4.409449633631461e-05,0.0008130568779459494,1.0,1999,0.0,1.0
N1_sfrpEGC_VLMC,NPR2,0.0,1.8279960714262432e-05,0.0001484373373807935,1.0,1999,0.0,1.0
N1_sfrpEGC_VLMC,NPW-B,0.0,0.000200368748728401,0.0009467545121814589,1.0,1999,0.0,1.0
N1_sfrpEGC_VLMC,CDH1,0.0,0.0,0.0,1.0,1999,,1.0
N1_sfrpEGC_VLMC,UROTENSIN,0.0,0.0,0.0,1.0,1999,,1.0
N2_reaEGC_wntEGC,BAG,0.1956727077728292,0.0034373316903103745,0.0112273685515875,0.0005,1999,56.9257567794282,0.005714285714285714
N2_reaEGC_wntEGC,NTS,0.7577647511733392,0.0643313003625813,0.06348703114076522,0.0005,1999,11.779098928553568,0.005714285714285714
N2_reaEGC_wntEGC,GALANIN,0.0495346607355336,0.005915781123654101,0.005936142667308716,0.0005,1999,8.373308562325018,0.005714285714285714
N2_reaEGC_wntEGC,GRN,7.410522198126733,1.2497569232748165,0.684457036129906,0.0005,1999,5.929570831028867,0.005714285714285714
N2_reaEGC_wntEGC,AGRN,7.26382610179781,1.327035444685055,0.8254285721253796,0.0005,1999,5.473724255738875,0.005714285714285714
N2_reaEGC_wntEGC,L1CAM,17.81940570673463,4.109034438830207,2.3865303434372542,0.0005,1999,4.336640632247318,0.005714285714285714
N2_reaEGC_wntEGC,NRXN,17.857139674635153,4.875315015429192,1.9576728039197129,0.0005,1999,3.662766327534042,0.005714285714285714
N2_reaEGC_wntEGC,GDF,0.19532306907943836,0.03193562675959801,0.029241308573405664,0.001,1999,6.116149545138816,0.01
N2_reaEGC_wntEGC,SEMA3,2.4861106085115403,0.5802228043744675,0.42599561225184907,0.002,1999,4.284751632938302,0.017777777777777778
N2_reaEGC_wntEGC,FN1,1.746046369447262,0.3375593651558295,0.34311484037090423,0.0025,1999,5.172560887597429,0.018181818181818184
N2_reaEGC_wntEGC,EPHB,3.9242451225262394,1.1782689584517532,0.642023706130515,0.0025,1999,3.330517276533112,0.018181818181818184
N2_reaEGC_wntEGC,LAMININ,5.800832347813509,1.9080725080695782,1.0777430588001993,0.006,1999,3.040152993809594,0.037142857142857144
N2_reaEGC_wntEGC,VIP,0.0522501281067162,0.00483645394663359,0.010402720705736437,0.0065,1999,10.803396183082619,0.037142857142857144
N2_reaEGC_wntEGC,SEMA5,7.289372779168044,2.690801283885195,1.270883375385583,0.0065,1999,2.7089970644889325,0.037142857142857144
N2_reaEGC_wntEGC,THBS,5.220571109567157,1.6143945246976716,1.0412200453989806,0.007,1999,3.2337641324352333,0.037333333333333336
N2_reaEGC_wntEGC,TAC,0.030305480157610393,0.003795644215471283,0.006558298672987434,0.0075,1999,7.984278408941323,0.0375
N2_reaEGC_wntEGC,TENASCIN,3.0181692259131427,0.9196882258015598,0.5984118420262813,0.0085,1999,3.2817308531732468,0.04
N2_reaEGC_wntEGC,JAM,3.827535002800764,1.0925429119253787,0.801753087031619,0.0095,1999,3.5033269275030428,0.042222222222222223
N2_reaEGC_wntEGC,WNT,18.291058457407175,6.602083275346352,3.8514669338036853,0.014,1999,2.770497992006562,0.05600000000000001
N2_reaEGC_wntEGC,CNTN,3.529974791301652,1.380311165544072,0.7531468555764675,0.014,1999,2.55737610432953,0.05600000000000001
N2_reaEGC_wntEGC,PSAP,12.781399452898834,4.950870973658116,2.7665320554946464,0.019,1999,2.5816466478129345,0.07238095238095238
N2_reaEGC_wntEGC,NEGR,0.14006746643613419,0.043335964017427696,0.038570711897042545,0.0295,1999,3.232129932076868,0.10434782608695652
N2_reaEGC_wntEGC,CDH,1.8147278153691666,0.6706344229853783,0.4783431343314702,0.03,1999,2.705986679435232,0.10434782608695652
N2_reaEGC_wntEGC,CALCR,0.05101634783467462,0.016150251941575787,0.01786720519848257,0.0415,1999,3.1588577081786955,0.13833333333333334
N2_reaEGC_wntEGC,ncWNT,3.029932177855274,1.1425905413008683,0.925353234869576,0.0455,1999,2.6518092600395757,0.14559999999999998
N2_reaEGC_wntEGC,EPHA,5.8151521194597855,2.7788646687915874,1.5147850289359102,0.051,1999,2.0926359548083187,0.15692307692307692
N2_reaEGC_wntEGC,CD34,0.0015884266761851931,0.0003534044614658122,0.0017174463721758575,0.057,1999,4.494642398109213,0.1688888888888889
N2_reaEGC_wntEGC,NGL,0.16426315024879418,0.07728658520709933,0.06492194023375852,0.094,1999,2.1253772541331717,0.2541935483870968
N2_reaEGC_wntEGC,HSPG,0.27755460222371564,0.08219829876563492,0.12330051745092299,0.095,1999,3.3766465534169225,0.2541935483870968
N2_reaEGC_wntEGC,NCAM,3.904369203880496,2.0586741192176836,1.2794010446097643,0.0965,1999,1.896545532599494,0.2541935483870968
N2_reaEGC_wntEGC,SEMA6,2.2768926223478116,1.3600698393777204,0.6840779065131609,0.0985,1999,1.6740997825446742,0.2541935483870968
N2_reaEGC_wntEGC,SEMA4,0.987615053060134,0.5386112292269308,0.3582171791574037,0.106,1999,1.833632496815298,0.265
N2_reaEGC_wntEGC,GPR,0.03127302481216238,0.012771534838472164,0.032746544585579,0.11,1999,2.44865047213883,0.26666666666666666
N2_reaEGC_wntEGC,VISTA,0.8944074133626916,0.45900302898921147,0.3539317849935662,0.1155,1999,1.9485871701812103,0.26742857142857146
N2_reaEGC_wntEGC,COLLAGEN,0.8564041842968241,0.4847251730969081,0.3373627414963042,0.117,1999,1.7667829768882428,0.26742857142857146
N2_reaEGC_wntEGC,SEMATOSTATIN,0.28645933235802257,0.21108113547481452,0.3724684043543618,0.129,1999,1.3571053221485152,0.2866666666666667
N2_reaEGC_wntEGC,FGF,0.7150028553031431,0.4106670128498297,0.2778147322749733,0.1345,1999,1.7410769137296185,0.29081081081081084
N2_reaEGC_wntEGC,MPZ,0.08688376961762276,0.04512838173902327,0.05679126868284265,0.201,1999,1.9252578149172344,0.4231578947368422
N2_reaEGC_wntEGC,ANGPTL,0.8652472236890196,0.5497298374869402,0.46671164518655733,0.2285,1999,1.573949901727092,0.46871794871794875
N2_reaEGC_wntEGC,PTPRM,0.00699202371316166,0.004991659965796657,0.005223497851203223,0.2495,1999,1.4007411885167842,0.49658536585365853
N2_reaEGC_wntEGC,NRG,0.36174303137030006,0.2786794978791151,0.1747437272370126,0.2545,1999,1.298061156717083,0.49658536585365853
N2_reaEGC_wntEGC,RELN,0.02551439850704534,0.018313376116553894,0.023129972353727275,0.2625,1999,1.393211079413275,0.5
N2_reaEGC_wntEGC,BMP,0.015349888763335075,0.051859383843705066,0.06297067976300089,0.65,1999,0.29599057346298024,1.0
N2_reaEGC_wntEGC,NPY,0.031461841740038896,0.10357216135594091,0.08349381892601151,0.8625,1999,0.3037673572526469,1.0
N2_reaEGC_wntEGC,ACTIVIN,0.0,0.0015650048546665082,0.006192848871793999,1.0,1999,0.0,1.0
N2_reaEGC_wntEGC,ADIPONECTIN,0.0,0.009757861144656143,0.016860798253099694,1.0,1999,0.0,1.0
N2_reaEGC_wntEGC,ANGPT,0.0,0.002527449920249869,0.004325588876917261,1.0,1999,0.0,1.0
N2_reaEGC_wntEGC,CCK,0.0,0.013742883305206517,0.02073964309117892,1.0,1999,0.0,1.0
N2_reaEGC_wntEGC,CCL,0.0,0.00010453763565309881,0.001259561386738723,1.0,1999,0.0,1.0
N2_reaEGC_wntEGC,CD40,0.0,0.00011950578188717428,0.0009195569194644714,1.0,1999,0.0,1.0
N2_reaEGC_wntEGC,CD45,0.0,0.00010046783046967077,0.0007730756833329867,1.0,1999,0.0,1.0
N2_reaEGC_wntEGC,CDH5,0.0,0.00015383201774398511,0.0007632713924688032,1.0,1999,0.0,1.0
N2_reaEGC_wntEGC,CLDN,0.0,8.93113609138521e-05,0.0005381167796735613,1.0,1999,0.0,1.0
N2_reaEGC_wntEGC,CSPG4,0.0,0.00020248841473717024,0.001424680564516065,1.0,1999,0.0,1.0
N2_reaEGC_wntEGC,CXCL,0.0,0.0006981413736498889,0.0032294293620003262,1.0,1999,0.0,1.0
N2_reaEGC_wntEGC,EDN,0.0,0.004740805860086814,0.027542237909322326,1.0,1999,0.0,1.0
N2_reaEGC_wntEGC,EGF,0.0,0.002454662121508214,0.009602403817592914,1.0,1999,0.0,1.0
N2_reaEGC_wntEGC,ESAM,0.0,0.025426028251691088,0.03534863635216357,1.0,1999,0.0,1.0
N2_reaEGC_wntEGC,GAS,0.0,0.05224043293612315,0.05232391307419364,1.0,1999,0.0,1.0
N2_reaEGC_wntEGC,GDNF,0.0,1.235638440826119e-05,0.00010670813948497915,1.0,1999,0.0,1.0
N2_reaEGC_wntEGC,HH,0.0,0.00019031748600699898,0.0014361799165053372,1.0,1999,0.0,1.0
N2_reaEGC_wntEGC,MAG,0.0,4.634026343204296e-05,0.0003457616132252763,1.0,1999,0.0,1.0
N2_reaEGC_wntEGC,NMU,0.0,1.749588790286258e-05,0.0001937678663244462,1.0,1999,0.0,1.0
N2_reaEGC_wntEGC,NOTCH,0.0,0.0007613969108338191,0.003511772538942378,1.0,1999,0.0,1.0
N2_reaEGC_wntEGC,NPFF,0.0,9.680114828561516e-05,0.0006921325511853072,1.0,1999,0.0,1.0
N2_reaEGC_wntEGC,NPR2,0.0,3.6456339872031666e-05,0.00040025854747529667,1.0,1999,0.0,1.0
N2_reaEGC_wntEGC,NPW-B,0.0,8.473230240531339e-06,0.00012095047557493218,1.0,1999,0.0,1.0
N2_reaEGC_wntEGC,PARs,0.0,9.095789097740223e-05,0.000664185841934655,1.0,1999,0.0,1.0
N2_reaEGC_wntEGC,PDGF,0.0,0.0007300122992796404,0.003431919845884251,1.0,1999,0.0,1.0
N2_reaEGC_wntEGC,PECAM1,0.0,0.00014634500979612654,0.0008166687634094923,1.0,1999,0.0,1.0
N2_reaEGC_wntEGC,PROS,0.0,0.003626895283064197,0.010933981294954187,1.0,1999,0.0,1.0
N2_reaEGC_wntEGC,TGFb,0.0,0.007543304065957115,0.020907244606686585,1.0,1999,0.0,1.0
N2_reaEGC_wntEGC,THY1,0.0,9.567379501884873e-06,0.00014805438614543052,1.0,1999,0.0,1.0
N2_reaEGC_wntEGC,UCN,0.0,0.00011164044187780603,0.0007499064498948072,1.0,1999,0.0,1.0
N2_reaEGC_wntEGC,VEGF,0.0,0.01428936403721532,0.023920715677306064,1.0,1999,0.0,1.0
N2_reaEGC_wntEGC,AGT,0.0,0.0,0.0,1.0,1999,,1.0
N2_reaEGC_wntEGC,CDH1,0.0,0.0,0.0,1.0,1999,,1.0
N2_reaEGC_wntEGC,MSTN,0.0,0.0,0.0,1.0,1999,,1.0
N2_reaEGC_wntEGC,PTH,0.0,0.0,0.0,1.0,1999,,1.0
N2_reaEGC_wntEGC,UROTENSIN,0.0,0.0,0.0,1.0,1999,,1.0
