pair,cluster
ADIPOQ_ADIPOR1,1
ADIPOQ_ADIPOR2,2
ADM_CALCR,1
ADM_CALCRL,2
AGRN_DAG1,2
AGT_AGTR1,2
ANGPT1_TEK,2
ANGPT2_ITGA5_ITGB1,2
ANGPT2_TEK,2
ANGPTL1_ITGA1_ITGB1,1
ANGPTL2_ITGA5_ITGB1,2
ANGPTL4_CDH5,2
ANGPTL4_ITGA5_ITGB1,1
ANGPTL4_SDC2,2
ANGPTL4_SDC3,2
ANGPTL4_SDC4,2
BAG6_NCR3,2
BMP5_BMPR1A_ACVR2A,1
BMP5_BMPR1A_BMPR2,1
BMP6_BMPR1A_ACVR2A,1
BMP6_BMPR1A_BMPR2,1
BMP7_BMPR1A_ACVR2A,2
BMP7_BMPR1A_BMPR2,2
BTC_ERBB2_ERBB4,1
BTC_ERBB4,1
CALCB_CALCR,2
CALCB_CALCRL,2
CCK_CCKAR,2
CCL19_ACKR4,2
CD34_SELP,1
CD40LG_ITGA5_ITGB1,1
CD40LG_ITGAM_ITGB2,2
CDH15_CDH15,1
CDH1_CDH1,1
CDH1_ITGAE_ITGB7,1
CDH2_CDH2,2
CDH5_CDH5,2
CLDN11_CLDN11,2
CNTN1_NRCAM,2
CNTN2_CNTN2,2
CNTN2_L1CAM,2
COL1A1_CD44,2
COL1A1_ITGA10_ITGB1,2
COL1A1_ITGA1_ITGB1,2
COL1A1_ITGA3_ITGB1,2
COL1A1_ITGA9_ITGB1,2
COL1A1_SDC4,2
COL1A2_CD44,2
COL1A2_ITGA10_ITGB1,2
COL1A2_ITGA1_ITGB1,2
COL1A2_ITGA3_ITGB1,2
COL1A2_ITGA9_ITGB1,2
COL1A2_SDC4,2
COL4A1_CD44,1
COL4A1_ITGA10_ITGB1,2
COL4A1_ITGA1_ITGB1,2
COL4A1_ITGA3_ITGB1,2
COL4A1_ITGA9_ITGB1,2
COL4A1_SDC4,2
COL4A2_CD44,1
COL4A2_ITGA10_ITGB1,2
COL4A2_ITGA1_ITGB1,2
COL4A2_ITGA3_ITGB1,2
COL4A2_ITGA9_ITGB1,2
COL4A2_SDC4,2
COL6A1_CD44,2
COL6A1_ITGA10_ITGB1,2
COL6A1_ITGA1_ITGB1,2
COL6A1_ITGA3_ITGB1,2
COL6A1_ITGA9_ITGB1,2
COL6A1_SDC4,2
COL6A2_CD44,2
COL6A2_ITGA10_ITGB1,2
COL6A2_ITGA1_ITGB1,2
COL6A2_ITGA3_ITGB1,2
COL6A2_ITGA9_ITGB1,2
COL6A2_SDC4,2
COL6A3_CD44,2
COL6A3_ITGA10_ITGB1,2
COL6A3_ITGA1_ITGB1,2
COL6A3_ITGA3_ITGB1,2
COL6A3_ITGA9_ITGB1,2
COL6A3_SDC4,2
COL6A6_CD44,1
COL6A6_ITGA10_ITGB1,2
COL6A6_ITGA1_ITGB1,2
COL6A6_ITGA3_ITGB1,2
COL6A6_ITGA9_ITGB1,2
COL6A6_SDC4,2
COL9A2_CD44,1
COL9A2_ITGA10_ITGB1,1
COL9A2_ITGA1_ITGB1,2
COL9A2_ITGA3_ITGB1,1
COL9A2_ITGA9_ITGB1,1
COL9A2_SDC4,1
COMP_ITGA3_ITGB1,2
COMP_SDC4,2
CSPG4_ITGA3_ITGB1,2
CXCL12_ACKR3,2
CXCL12_CXCR4,2
DLL1_NOTCH3,2
DLL4_NOTCH3,1
EDN1_EDNRA,2
EDN1_EDNRB,1
EDN2_EDNRA,2
EDN2_EDNRB,1
EFNA1_EPHA2,1
EFNA1_EPHA3,2
EFNA1_EPHA4,2
EFNA1_EPHA5,1
EFNA1_EPHA8,1
EFNA3_EPHA2,1
EFNA3_EPHA3,1
EFNA3_EPHA4,1
EFNA3_EPHA5,1
EFNA3_EPHA8,1
EFNA5_EPHA2,2
EFNA5_EPHA3,2
EFNA5_EPHA4,2
EFNA5_EPHA5,2
EFNA5_EPHA8,2
EFNA5_EPHB2,2
EFNB1_EPHA4,1
EFNB1_EPHB1,2
EFNB1_EPHB2,2
EFNB1_EPHB3,1
EFNB2_EPHA4,1
EFNB2_EPHB1,2
EFNB2_EPHB2,2
EFNB2_EPHB3,1
EFNB3_EPHA4,2
EFNB3_EPHB1,2
EFNB3_EPHB2,2
EFNB3_EPHB3,2
ESAM_ESAM,2
FGF10_FGFR1,1
FGF17_FGFR1,1
FGF17_FGFR3,1
FGF17_FGFR4,1
FGF18_FGFR1,1
FGF18_FGFR3,2
FGF18_FGFR4,2
FGF2_FGFR1,1
FGF2_FGFR3,2
FGF2_FGFR4,2
FGF7_FGFR1,1
FGF8_FGFR1,1
FGF8_FGFR3,1
FGF8_FGFR4,1
FGF9_FGFR1,1
FGF9_FGFR3,2
FGF9_FGFR4,2
FN1_CD44,1
FN1_ITGA3_ITGB1,2
FN1_ITGA4_ITGB1,2
FN1_ITGA4_ITGB7,2
FN1_ITGA5_ITGB1,2
FN1_ITGA8_ITGB1,2
FN1_SDC4,2
GAL_GALR1,2
GAL_GALR2,2
GAS6_AXL,2
GAS6_MERTK,1
GAS6_TYRO3,2
GDF10_ACVR1B_ACVR2A,2
GDF5_BMPR1A_ACVR2A,1
GDF5_BMPR1A_BMPR2,1
GDNF_GFRA1_RET,2
GRN_SORT1,2
HBEGF_ERBB2_ERBB4,2
HBEGF_ERBB4,1
HSPG2_DAG1,2
IHH_PTCH1_SMO,1
IHH_PTCH2_SMO,1
INHBB_ACVR1B_ACVR2A,2
INHBB_ACVR1C_ACVR2A,1
JAG1_NOTCH3,1
JAG2_NOTCH3,1
JAM2_ITGA3_ITGB1,2
JAM2_JAM2,1
JAM2_JAM3,2
JAM3_ITGAM_ITGB2,2
JAM3_JAM2,2
JAM3_JAM3,2
L1CAM_ITGA4_ITGB7,2
L1CAM_L1CAM,2
LAMA1_CD44,1
LAMA1_DAG1,2
LAMA1_ITGA1_ITGB1,2
LAMA1_ITGA3_ITGB1,1
LAMA1_ITGA6_ITGB1,1
LAMA1_ITGA6_ITGB4,1
LAMA1_ITGA7_ITGB1,2
LAMA1_ITGA9_ITGB1,1
LAMA1_SV2A,1
LAMA1_SV2B,2
LAMA2_CD44,1
LAMA2_DAG1,2
LAMA2_ITGA1_ITGB1,2
LAMA2_ITGA3_ITGB1,2
LAMA2_ITGA6_ITGB1,1
LAMA2_ITGA6_ITGB4,2
LAMA2_ITGA7_ITGB1,2
LAMA2_ITGA9_ITGB1,1
LAMA2_SV2A,2
LAMA2_SV2B,2
LAMA3_CD44,1
LAMA3_DAG1,1
LAMA3_ITGA1_ITGB1,1
LAMA3_ITGA3_ITGB1,1
LAMA3_ITGA6_ITGB1,1
LAMA3_ITGA6_ITGB4,1
LAMA3_ITGA7_ITGB1,1
LAMA3_ITGA9_ITGB1,1
LAMA3_SV2A,1
LAMA3_SV2B,1
LAMA4_CD44,1
LAMA4_DAG1,2
LAMA4_ITGA1_ITGB1,2
LAMA4_ITGA3_ITGB1,2
LAMA4_ITGA6_ITGB1,1
LAMA4_ITGA6_ITGB4,2
LAMA4_ITGA7_ITGB1,2
LAMA4_ITGA9_ITGB1,2
LAMA4_SV2A,2
LAMA4_SV2B,2
LAMA5_CD44,1
LAMA5_DAG1,2
LAMA5_ITGA1_ITGB1,2
LAMA5_ITGA3_ITGB1,1
LAMA5_ITGA6_ITGB1,1
LAMA5_ITGA6_ITGB4,2
LAMA5_ITGA7_ITGB1,2
LAMA5_ITGA9_ITGB1,1
LAMA5_SV2A,2
LAMA5_SV2B,2
LAMB3_CD44,1
LAMB3_DAG1,2
LAMB3_ITGA1_ITGB1,2
LAMB3_ITGA3_ITGB1,1
LAMB3_ITGA6_ITGB1,1
LAMB3_ITGA6_ITGB4,1
LAMB3_ITGA7_ITGB1,2
LAMB3_ITGA9_ITGB1,1
LAMB3_SV2A,1
LAMB3_SV2B,1
LAMC1_CD44,1
LAMC1_DAG1,2
LAMC1_ITGA1_ITGB1,2
LAMC1_ITGA3_ITGB1,2
LAMC1_ITGA6_ITGB1,1
LAMC1_ITGA6_ITGB4,2
LAMC1_ITGA7_ITGB1,2
LAMC1_ITGA9_ITGB1,1
LAMC1_SV2A,2
LAMC1_SV2B,2
LAMC3_CD44,2
LAMC3_DAG1,2
LAMC3_ITGA1_ITGB1,2
LAMC3_ITGA3_ITGB1,2
LAMC3_ITGA6_ITGB1,2
LAMC3_ITGA6_ITGB4,2
LAMC3_ITGA7_ITGB1,2
LAMC3_ITGA9_ITGB1,2
LAMC3_SV2A,2
LAMC3_SV2B,2
LRRC4C_NTNG1,2
MAG_MAG,1
MPZ_MPZ,2
MSTN_ACVR1B_ACVR2A,1
MSTN_TGFBR1_ACVR2A,1
NCAM1_FGFR1,2
NCAM1_L1CAM,2
NCAM1_NCAM1,2
NCAM1_NCAM2,2
NCAM2_L1CAM,2
NEGR1_NEGR1,2
NFASC_CNTN1_CNTNAP1,2
NMB_NMBR,2
NMU_NMUR1,2
NPB_NPBWR1,2
NPFF_NPFFR2,2
NPPC_NPR2,1
NPW_NPBWR1,2
NPY_GPR83,1
NPY_NPY1R,2
NPY_NPY2R,2
NRG1_ERBB2_ERBB3,2
NRG1_ERBB2_ERBB4,1
NRG1_ERBB3,2
NRG1_ERBB4,1
NRG3_ERBB2_ERBB4,1
NRG3_ERBB4,1
NRG4_ERBB2_ERBB4,2
NRG4_ERBB4,1
NRTN_GFRA2_RET,1
NRXN1_NLGN1,1
NRXN1_NLGN2,1
NRXN1_NLGN3,1
NRXN2_NLGN1,1
NRXN2_NLGN2,1
NRXN2_NLGN3,1
NRXN3_NLGN1,1
NRXN3_NLGN2,1
NRXN3_NLGN3,1
NTS_NTSR1,1
PDGFA_PDGFRA,2
PDGFA_PDGFRB,2
PDGFC_PDGFRA,2
PDGFD_PDGFRB,2
PECAM1_PECAM1,2
PLG_F2R,1
PLG_F2RL2,1
PROS1_AXL,2
PROS1_TYRO3,2
PRSS1_F2R,2
PRSS1_F2RL2,2
PSAP_GPR37L1,2
PTHLH_PTH1R,2
PTPRC_MRC1,1
PTPRM_PTPRM,1
RELN_ITGA3_ITGB1,1
SEMA3A_NRP1_PLXNA1,2
SEMA3A_NRP1_PLXNA3,1
SEMA3A_NRP1_PLXNA4,1
SEMA3C_NRP1_NRP2_PLXND1,2
SEMA3C_NRP1_PLXNA1,2
SEMA3C_NRP1_PLXNA3,2
SEMA3C_NRP1_PLXNA4,2
SEMA3C_NRP2_PLXNA1,2
SEMA3C_NRP2_PLXNA3,2
SEMA3C_NRP2_PLXNA4,2
SEMA3C_PLXND1,2
SEMA3E_PLXND1,2
SEMA3F_NRP2_PLXNA1,1
SEMA3F_NRP2_PLXNA3,1
SEMA3F_NRP2_PLXNA4,1
SEMA3G_NRP2_PLXNA1,2
SEMA3G_NRP2_PLXNA3,2
SEMA3G_NRP2_PLXNA4,2
SEMA4A_NRP1_PLXNA1,2
SEMA4A_NRP1_PLXNA3,2
SEMA4A_NRP1_PLXNA4,2
SEMA4A_PLXNB2,1
SEMA4A_PLXNB3,1
SEMA4C_PLXNB2,1
SEMA4G_PLXNB2,1
SEMA5A_PLXNA1,1
SEMA5A_PLXNA3,1
SEMA5A_PLXNB3,1
SEMA5B_PLXNA1,2
SEMA5B_PLXNA3,1
SEMA6A_PLXNA4,1
SEMA6D_PLXNA1,2
SEMA6D_PLXNA1_KDR,2
SST_SSTR2,2
SST_SSTR4,2
SST_SSTR5,2
TAC1_TACR1,2
TGFB2_ACVR1B_TGFBR2,1
TGFB2_ACVR1C_TGFBR2,1
TGFB2_TGFBR1_TGFBR2,1
TGFB3_ACVR1B_TGFBR2,1
TGFB3_ACVR1C_TGFBR2,1
TGFB3_TGFBR1_TGFBR2,1
THBS1_ITGA3_ITGB1,2
THBS1_SDC4,2
THBS2_ITGA3_ITGB1,2
THBS2_SDC4,2
THBS3_ITGA3_ITGB1,1
THBS3_SDC4,1
THY1_ITGAM_ITGB2,2
TNC_ITGA8_ITGB1,2
TNC_ITGA9_ITGB1,1
TNC_SDC4,2
TNN_ITGA8_ITGB1,2
TNN_ITGA9_ITGB1,1
TNN_SDC4,1
TNR_ITGA8_ITGB1,2
TNR_ITGA9_ITGB1,2
TNR_SDC4,2
UCN_CRHR2,2
UTS2B_SSTR5,1
VEGFA_FLT1,1
VEGFA_FLT1_KDR,1
VEGFA_KDR,1
VEGFC_FLT4,2
VEGFC_FLT4_KDR,2
VEGFC_KDR,2
VEGFD_FLT4,2
VEGFD_FLT4_KDR,2
VEGFD_KDR,2
VIP_VIPR1,2
VIP_VIPR2,2
VSIR_IGSF11,2
WNT10B_FZD10_LRP5,1
WNT10B_FZD10_LRP6,1
WNT10B_FZD2_LRP5,1
WNT10B_FZD2_LRP6,1
WNT10B_FZD3_LRP5,1
WNT10B_FZD3_LRP6,1
WNT10B_FZD4_LRP5,2
WNT10B_FZD4_LRP6,2
WNT10B_FZD5_LRP5,1
WNT10B_FZD5_LRP6,1
WNT10B_FZD6_LRP5,1
WNT10B_FZD6_LRP6,1
WNT10B_FZD7_LRP5,2
WNT10B_FZD7_LRP6,2
WNT10B_FZD8_LRP5,1
WNT10B_FZD8_LRP6,1
WNT11_FZD10,2
WNT11_FZD2,2
WNT11_FZD3,2
WNT11_FZD4,2
WNT11_FZD5,2
WNT11_FZD6,2
WNT11_FZD7,2
WNT11_FZD8,1
WNT2B_FZD10_LRP5,2
WNT2B_FZD10_LRP6,2
WNT2B_FZD2_LRP5,2
WNT2B_FZD2_LRP6,2
WNT2B_FZD3_LRP5,2
WNT2B_FZD3_LRP6,2
WNT2B_FZD4_LRP5,2
WNT2B_FZD4_LRP6,2
WNT2B_FZD5_LRP5,2
WNT2B_FZD5_LRP6,2
WNT2B_FZD6_LRP5,2
WNT2B_FZD6_LRP6,2
WNT2B_FZD7_LRP5,2
WNT2B_FZD7_LRP6,2
WNT2B_FZD8_LRP5,2
WNT2B_FZD8_LRP6,2
WNT3A_FZD10_LRP5,1
WNT3A_FZD10_LRP6,1
WNT3A_FZD2_LRP5,1
WNT3A_FZD2_LRP6,1
WNT3A_FZD3_LRP5,1
WNT3A_FZD3_LRP6,1
WNT3A_FZD4_LRP5,2
WNT3A_FZD4_LRP6,2
WNT3A_FZD5_LRP5,1
WNT3A_FZD5_LRP6,1
WNT3A_FZD6_LRP5,1
WNT3A_FZD6_LRP6,1
WNT3A_FZD7_LRP5,2
WNT3A_FZD7_LRP6,2
WNT3A_FZD8_LRP5,1
WNT3A_FZD8_LRP6,1
WNT4_FZD10_LRP5,1
WNT4_FZD10_LRP6,1
WNT4_FZD2_LRP5,1
WNT4_FZD2_LRP6,1
WNT4_FZD3_LRP5,1
WNT4_FZD3_LRP6,1
WNT4_FZD4_LRP5,2
WNT4_FZD4_LRP6,2
WNT4_FZD5_LRP5,1
WNT4_FZD5_LRP6,1
WNT4_FZD6_LRP5,2
WNT4_FZD6_LRP6,2
WNT4_FZD7_LRP5,2
WNT4_FZD7_LRP6,2
WNT4_FZD8_LRP5,1
WNT4_FZD8_LRP6,1
WNT7A_FZD10_LRP5,1
WNT7A_FZD10_LRP6,1
WNT7A_FZD2_LRP5,1
WNT7A_FZD2_LRP6,1
WNT7A_FZD3_LRP5,1
WNT7A_FZD3_LRP6,1
WNT7A_FZD4_LRP5,2
WNT7A_FZD4_LRP6,2
WNT7A_FZD5_LRP5,1
WNT7A_FZD5_LRP6,1
WNT7A_FZD6_LRP5,1
WNT7A_FZD6_LRP6,1
WNT7A_FZD7_LRP5,2
WNT7A_FZD7_LRP6,2
WNT7A_FZD8_LRP5,1
WNT7A_FZD8_LRP6,1
WNT7B_FZD10_LRP5,1
WNT7B_FZD10_LRP6,1
WNT7B_FZD2_LRP5,1
WNT7B_FZD2_LRP6,1
WNT7B_FZD3_LRP5,1
WNT7B_FZD3_LRP6,1
WNT7B_FZD4_LRP5,2
WNT7B_FZD4_LRP6,2
WNT7B_FZD5_LRP5,1
WNT7B_FZD5_LRP6,1
WNT7B_FZD6_LRP5,1
WNT7B_FZD6_LRP6,1
WNT7B_FZD7_LRP5,2
WNT7B_FZD7_LRP6,2
WNT7B_FZD8_LRP5,1
WNT7B_FZD8_LRP6,1
WNT8B_FZD10_LRP5,1
WNT8B_FZD10_LRP6,1
WNT8B_FZD2_LRP5,1
WNT8B_FZD2_LRP6,1
WNT8B_FZD3_LRP5,1
WNT8B_FZD3_LRP6,1
WNT8B_FZD4_LRP5,2
WNT8B_FZD4_LRP6,2
WNT8B_FZD5_LRP5,2
WNT8B_FZD5_LRP6,2
WNT8B_FZD6_LRP5,2
WNT8B_FZD6_LRP6,2
WNT8B_FZD7_LRP5,2
WNT8B_FZD7_LRP6,2
WNT8B_FZD8_LRP5,1
WNT8B_FZD8_LRP6,1
WNT9A_FZD10_LRP5,2
WNT9A_FZD10_LRP6,2
WNT9A_FZD2_LRP5,2
WNT9A_FZD2_LRP6,2
WNT9A_FZD3_LRP5,2
WNT9A_FZD3_LRP6,2
WNT9A_FZD4_LRP5,2
WNT9A_FZD4_LRP6,2
WNT9A_FZD5_LRP5,2
WNT9A_FZD5_LRP6,2
WNT9A_FZD6_LRP5,2
WNT9A_FZD6_LRP6,2
WNT9A_FZD7_LRP5,2
WNT9A_FZD7_LRP6,2
WNT9A_FZD8_LRP5,2
WNT9A_FZD8_LRP6,2
