pair,time_0.0,time_0.5,time_1.0,time_1.5,time_2.0,time_2.5,time_3.0,time_3.5,time_4.0
ADIPOQ_ADIPOR1,0.6281003416427778,0.43155885040602593,0.2798988595370311,0.35137683140904724,0.6724016239599847,0.2710947310587229,0.0,1.0,0.33740587110728293
ADIPOQ_ADIPOR2,0.6615295868930008,0.235425771559505,0.0,0.2748129075698729,0.41460173506414627,0.5433588601846262,0.06713419489680808,1.0,0.3181101286758267
ADM_CALCR,0.0,0.29324863082295766,0.18347360057487905,0.6545984956790422,0.44968042998518587,0.40459201410377016,0.11673923514897168,1.0,0.4659738110614123
ADM_CALCRL,0.1390620034455154,0.12995092575330286,0.0,0.3673435286131794,0.44923348396496066,0.5073351461428685,0.2976733243176385,1.0,0.49081260052569864
AGRN_DAG1,0.04256136713002198,0.01733204218063226,0.0,0.2066543203429996,0.2250546553705432,0.42387524739431265,0.4088877222335377,1.0,0.6071478929850239
AGT_AGTR1,0.02020690384511848,0.062791603364671,0.0,0.1481127585472171,0.3671593400331562,1.0,0.17896775618397026,0.4306470572777165,0.014282551624936005
ANGPT1_TEK,0.0,0.2644126918622645,0.06752826444865773,0.4076949133751769,0.3451031485234469,0.8656759029363067,0.44834737822952975,1.0,0.45900565606060595
ANGPT2_ITGA5_ITGB1,0.0,0.1678133486346373,0.09097690179808808,0.32213160729813733,0.1465249899047247,0.3340738210258869,0.026380224267847086,1.0,0.2678250315184449
ANGPT2_TEK,0.10858463524743213,0.30148463354800437,0.0,0.2335857984721502,0.1624458884052185,0.5248929116337467,0.1520614677202669,1.0,0.1751148755240658
ANGPTL1_ITGA1_ITGB1,0.09031285407919709,0.32361548765226233,0.4644008135666325,1.0,0.9476790477608142,0.9047760001948949,0.0,0.8084089463904082,0.07298025715464508
ANGPTL2_ITGA5_ITGB1,0.1063196679307542,0.0,0.12291451020576834,0.4484713843615561,0.12991493405398136,0.49912096341368584,0.09388069845550702,1.0,0.2296849542797988
ANGPTL4_CDH5,0.6189434429081232,0.28594262829316747,0.09956342849390361,0.5466678376355246,0.20229437030396769,1.0,0.401044171818206,0.9110306607107649,0.0
ANGPTL4_ITGA5_ITGB1,0.7329989948643729,0.3866184534215551,0.750558211123646,0.7926619905130807,0.43698868025929216,0.5713920787271407,0.0,1.0,0.4859001585775683
ANGPTL4_SDC2,0.9782357384553881,0.043260319863910025,0.0,0.5354645130075827,0.34110205518816167,0.7424535924025514,0.07657121313892731,1.0,0.13408781690751742
ANGPTL4_SDC3,0.8357304183396363,0.17856917446081905,0.15395680677977125,0.4283213959391498,0.23986284398145225,0.557035348844814,0.0,1.0,0.2927165606170795
ANGPTL4_SDC4,1.0,0.033626709778010556,0.0,0.3389388302953548,0.22358977128630772,0.3251567925491078,0.08470586351541089,0.9626765740192382,0.07990841441279369
BAG6_NCR3,0.07340944606385724,0.2002616262726408,0.09406796340134388,0.22918274716504053,0.0,0.40574048955971137,0.3635109637999648,1.0,0.19400879064258114
BMP5_BMPR1A_ACVR2A,0.8357100471753186,0.41600959132301785,0.23155767354717988,0.7855476545817909,0.6116261721421453,1.0,0.08804396131519061,0.4124598830926367,0.0
BMP5_BMPR1A_BMPR2,0.8357100471753186,0.41600959132301785,0.23155767354717988,0.7855476545817909,0.6116261721421453,1.0,0.08804396131519061,0.4124598830926367,0.0
BMP6_BMPR1A_ACVR2A,0.5369016196252913,0.4492754972616429,0.5093159443513574,1.0,0.12283637296461562,0.6976955321303872,0.2007303499025057,0.5939040855421931,0.0
BMP6_BMPR1A_BMPR2,0.5369016196252913,0.4492754972616429,0.5093159443513574,1.0,0.12283637296461562,0.6976955321303872,0.2007303499025057,0.5939040855421931,0.0
BMP7_BMPR1A_ACVR2A,0.0,0.2807015957182885,0.3615083929220855,0.5140398727294263,0.3093631754758418,0.7009965695337628,0.7647301241424043,1.0,0.19524576328180387
BMP7_BMPR1A_BMPR2,0.0,0.2807015957182885,0.3615083929220855,0.5140398727294263,0.3093631754758418,0.7009965695337628,0.7647301241424043,1.0,0.19524576328180387
BTC_ERBB2_ERBB4,0.42850362089072597,0.5489454391298996,0.47047268381060137,1.0,0.0,0.5818414637192022,0.24885955213537145,0.8045427757359667,0.7740628076887192
BTC_ERBB4,0.2947765514435473,0.5882005400026781,0.42289344356665604,1.0,0.014699233647493804,0.3705723476661221,0.0,0.3014187680098956,0.466562041230104
CALCB_CALCR,0.0,0.18875572073110725,0.33074216865643086,0.5656656673785273,0.1828528998641209,0.47709213452884947,0.2981828077860756,1.0,0.12749565331042276
CALCB_CALCRL,0.0,0.09923808718770687,0.2765478837782268,0.36068973118692066,0.04588318121322923,0.5645460164637637,0.21962510174542665,1.0,0.08827130988937916
CCK_CCKAR,0.0,0.068239835200556,0.050965701702431795,0.10742755153589104,0.04127377721488152,0.4415316474353145,0.2992634151409374,1.0,0.08572257683215585
CCL19_ACKR4,1.0,0.36485026536547144,0.20455072019841575,0.5347490422509632,0.0,0.8503963917443995,0.26205803495669283,0.7422714495009783,0.0660195984649614
CD34_SELP,0.2611590161423359,0.2532995569308702,0.16317454532872086,0.5333145187072189,1.0,0.6427030441101689,0.0,0.5840230183136783,0.20604521155377906
CD40LG_ITGA5_ITGB1,0.49149070058933275,0.6191940866774996,0.4036213465211562,1.0,0.6009420854440055,0.9246288401958477,0.0,0.924402875650878,0.3135585710191211
CD40LG_ITGAM_ITGB2,0.20699035138223704,0.22273985786402617,0.0,0.638730416913611,0.7432409606326006,1.0,0.024731620603083166,0.27033726599669883,0.03037014719476693
CDH15_CDH15,0.0,0.16691155852421402,1.0,0.3619601077027605,0.09940768233769937,0.32490527359458526,0.3975299928609607,0.8351363745855142,0.3174417476096625
CDH1_CDH1,0.8914700285960808,0.5993509535558358,1.0,0.9819857343241724,0.44050487847559533,0.7033019592853099,0.0,0.7502481302953566,0.6157953324019374
CDH1_ITGAE_ITGB7,0.13591319130224247,0.3552883039199771,0.3655892412655164,0.8747913744305781,0.2529293319211654,1.0,0.0,0.8171910329704803,0.13701636716846458
CDH2_CDH2,0.3743495112220143,0.2179587057347159,0.0,0.5012759255972701,0.31919581398395697,0.689074287201125,0.37773408776610273,1.0,0.3814325540866037
CDH5_CDH5,0.538155041078995,0.28049135277087384,0.05321398279326534,0.30486911281230833,0.36957939715362914,1.0,0.4680616946649558,0.5711404709368534,0.0
CLDN11_CLDN11,1.0,0.022102772461241694,0.0,0.023694392639803264,0.02626831423237788,0.029934515306432857,0.03192377263438119,0.057315992894059135,0.010084741423980819
CNTN1_NRCAM,0.3077555265274646,0.5524794366399877,0.09502271228273337,0.5262595653097548,0.0,0.847062190174544,0.19388443105340647,1.0,0.26047878693467974
CNTN2_CNTN2,0.005579497030923445,0.08148729297862464,0.042265238597725324,0.09888428646977716,0.0,0.21722135711266047,0.39787285552881047,1.0,0.22007375510535962
CNTN2_L1CAM,0.014657977965343336,0.11102513337445169,0.032196211804852395,0.127036877972144,0.0,0.26790454728743757,0.28916058916543236,1.0,0.2207909608217059
COL1A1_CD44,0.0,0.11007343304374426,0.07173907550222383,0.44308035483537705,0.6314822980856688,1.0,0.0624489943081391,0.7343300766325324,0.21575894310051819
COL1A1_ITGA10_ITGB1,0.0,0.09195318392707111,0.07085723314466749,0.32524219392645193,0.06350154877814863,1.0,0.10709559355768805,0.7458762842677457,0.06788810684444516
COL1A1_ITGA1_ITGB1,0.05222196782495807,0.09519406801421819,0.007241150432985287,0.2930699574035911,0.7475812885439757,1.0,0.2408905203890903,0.4390127390559736,0.0
COL1A1_ITGA3_ITGB1,0.00016482665960116245,0.10128876248274848,0.0,0.33159542528160324,0.436594023649236,0.9908854715696126,0.24531418652368922,1.0,0.0949098479348393
COL1A1_ITGA9_ITGB1,0.0,0.09605459919730053,0.011110199510649559,0.35195031157155016,0.48615369290773547,1.0,0.15010966856034233,0.5430560050777979,0.016511914125679084
COL1A1_SDC4,0.028228938072038152,0.05806125358824892,0.0,0.29594338751032906,0.4744933653695334,1.0,0.2149739303265857,0.7835823977507275,0.03861368868076653
COL1A2_CD44,0.0,0.11230833672153297,0.10638605295921072,0.3276490759376742,0.4688609119350493,0.83772509391527,0.15916628103835376,1.0,0.21320061761054757
COL1A2_ITGA10_ITGB1,0.0,0.09953572299265283,0.060981919481960946,0.24223584157986253,0.03685319341705408,0.8324323786223472,0.2155950888601803,1.0,0.1108099004071197
COL1A2_ITGA1_ITGB1,0.09321151542075772,0.10208115911700513,0.034853408339572865,0.28401267180907863,0.6707917302395597,1.0,0.6233105406160335,0.7005495215653287,0.0
COL1A2_ITGA3_ITGB1,0.0,0.048218497720344304,0.004051134682423231,0.1624151805129533,0.2076994952241079,0.5944185741649343,0.6267717606098298,1.0,0.07204056399340009
COL1A2_ITGA9_ITGB1,0.0,0.09530935365926514,0.018543618432011844,0.31746730433302867,0.3828783099683691,1.0,0.5424113381379492,0.8802833155545728,0.027968125923720052
COL1A2_SDC4,0.04911793043689591,0.03697131491609554,0.0,0.18935619676163212,0.3367614746343504,0.7768906406470264,0.6323736108838264,1.0,0.03564533959657258
COL4A1_CD44,0.0,0.20461805411600162,0.09421362930892663,0.4481308570295323,0.2916589298263489,0.8850331719640128,0.027719104761115977,1.0,0.8292114397317272
COL4A1_ITGA10_ITGB1,0.034656955864673204,0.20182815968473827,0.11641010426016422,0.3360320466517472,0.0,0.8784692388057254,0.1875617984847076,1.0,0.345346704003209
COL4A1_ITGA1_ITGB1,0.2695784253359821,0.15383144260832837,0.0,0.2951515131978826,0.5470634529849956,1.0,0.362734548128359,0.6551565911379281,0.0013117094775600261
COL4A1_ITGA3_ITGB1,0.12987337847614525,0.1371206175298593,0.0,0.21376724107011025,0.1397339048760147,0.6332440142319588,0.27109412715339654,1.0,0.3381065284066397
COL4A1_ITGA9_ITGB1,0.12082099035569219,0.18398438908138187,0.0,0.3491246909584658,0.23775876865959075,1.0,0.24643547346440925,0.8341128244164311,0.16557708141849095
COL4A1_SDC4,0.29014864927467765,0.11781274544081936,0.0,0.2533386618444433,0.2695302654535671,0.8234619002912438,0.3200957545935168,1.0,0.22869232175606977
COL4A2_CD44,0.0,0.1562779788191073,0.21972140968502515,0.37141250933097464,0.22038699660759092,0.5284439877041088,0.02637522794273749,0.7167552583373614,1.0
COL4A2_ITGA10_ITGB1,0.01941247457057257,0.2140733691970437,0.3878292001905887,0.3933590948001893,0.0,0.733638188189906,0.23736647472902483,1.0,0.489830537624616
COL4A2_ITGA1_ITGB1,0.22644207600470448,0.1348653126321794,0.02376969710551355,0.3828385394773785,0.4481928869691496,1.0,0.40291655442419255,0.7734128942107867,0.0
COL4A2_ITGA3_ITGB1,0.04363828227258409,0.05456178056180996,0.0,0.18456350484008915,0.03378105623517012,0.4770250700487178,0.24052366367926745,1.0,0.4819706881812896
COL4A2_ITGA9_ITGB1,0.0,0.08353947994394474,0.0734942747186306,0.41168931712353124,0.1344389512344788,0.9881497016998708,0.2603498521772665,1.0,0.24876436334223834
COL4A2_SDC4,0.19850659645582125,0.008857492442935168,0.0,0.20848213680639044,0.06702559983793246,0.6410630978684574,0.3458643471359227,1.0,0.2783242265468362
COL6A1_CD44,0.0,0.13094498498683424,0.2158458162138489,0.2870161831277959,0.27263832293092194,0.6121421413104017,0.1034107039691518,1.0,0.5878848485644188
COL6A1_ITGA10_ITGB1,0.0,0.10927712052793123,0.23641990703467247,0.2065437306486206,0.023132829483174678,0.6165610234061417,0.23337885728909577,1.0,0.33405278468033106
COL6A1_ITGA1_ITGB1,0.04055939836574201,0.07898391950273877,0.02840499452103934,0.2206447425050096,0.5084484730899239,1.0,0.5013454785024215,0.9746673921592495,0.0
COL6A1_ITGA3_ITGB1,0.0,0.06338245213476783,0.06013008697578994,0.12189795522636293,0.1162483355701162,0.42955656120635455,0.2721307836796425,1.0,0.29061389202200305
COL6A1_ITGA9_ITGB1,0.0,0.10415362859574698,0.13859707336318763,0.23451839837662647,0.22516232545980164,0.8037895762806683,0.30130378773096567,1.0,0.20999123117280608
COL6A1_SDC4,0.0,0.02644932304612403,0.049691232629478305,0.11574216588361423,0.159616302068257,0.5335643523668455,0.3398604461652572,1.0,0.1915768244421998
COL6A2_CD44,0.0,0.07936616565053746,0.10432545688979931,0.2546088105313894,0.3694322750705505,0.8884890102908581,0.12098605821884241,1.0,0.45174202034532374
COL6A2_ITGA10_ITGB1,0.0,0.07293849689542509,0.06205107812914856,0.18772342507017528,0.023565742782966706,0.8959354178916645,0.21092268716642892,1.0,0.2239952844340222
COL6A2_ITGA1_ITGB1,0.08606313977080997,0.06398727914395339,0.006208912849029482,0.1668347811148042,0.5084860485972318,1.0,0.4743927565963282,0.6561353816521647,0.0
COL6A2_ITGA3_ITGB1,0.021686101399615142,0.033177677590906715,0.0,0.10725732363807643,0.16766584034633475,0.6460043078018949,0.33604583583357184,1.0,0.1886469785308022
COL6A2_ITGA9_ITGB1,0.02863564410696882,0.04872333497154641,0.0,0.18104937439587096,0.279860250218502,1.0,0.2993022444607075,0.8223579896267142,0.08849035107316555
COL6A2_SDC4,0.09631089664918148,0.022197817954655325,0.0,0.12934635593021596,0.25396306554283815,0.8303244983501235,0.393453154438833,1.0,0.12884779666239007
COL6A3_CD44,0.0,0.16187123841055512,0.23777069161357353,0.4633417672673455,0.46759595735819404,0.9941706959278175,0.11490422697102773,1.0,0.4555195305634406
COL6A3_ITGA10_ITGB1,0.0,0.14447824310955817,0.17588053559689779,0.33735085249109986,0.008148867551600346,0.9897245350183491,0.1956708174782691,1.0,0.10481331552687723
COL6A3_ITGA1_ITGB1,0.13301307753564276,0.12733050178555833,0.07146456062407491,0.30536302022460615,0.5317981820397892,1.0,0.4663536452694465,0.5887021284265135,0.0
COL6A3_ITGA3_ITGB1,0.0,0.05561588275248462,0.03275502281862001,0.1980661105410253,0.15707813214955724,0.7069218164212517,0.3362996231512792,1.0,0.07953423090623582
COL6A3_ITGA9_ITGB1,0.03226159503461473,0.10663760587588562,0.07596690442848335,0.33583284351559234,0.3095910207851171,1.0,0.2683211641956658,0.7264696498294069,0.0
COL6A3_SDC4,0.11412402968547238,0.019342370782353586,0.013678203021934034,0.22527078659894695,0.19934832852959758,0.9302471399660458,0.36599111369323917,1.0,0.0
COL6A6_CD44,0.0,0.1944974138681414,0.21154922493459924,0.3962051723486435,1.0,0.796790001717391,0.1656189619370419,0.9648135561741066,0.7494958633272913
COL6A6_ITGA10_ITGB1,0.0,0.19376669557477674,0.2631544275817961,0.32362658484423645,0.08153291161235145,0.8533648944615532,0.2942502719272426,1.0,0.328899057576559
COL6A6_ITGA1_ITGB1,0.21929136408448163,0.10219495117513962,0.03129090070074633,0.2894446088595055,0.7703143225340952,1.0,0.7812222089372343,0.6718238243153588,0.0
COL6A6_ITGA3_ITGB1,0.05326720197867498,0.044605396683896584,0.0,0.14637371938193566,0.3737886889103515,0.5835942476818514,0.49397938014912235,1.0,0.26381969656794824
COL6A6_ITGA9_ITGB1,0.0,0.07273065109958443,0.024885907760552592,0.2904387359827351,0.5190969910668747,1.0,0.39703178629543506,0.8333037415769651,0.0878413362317478
COL6A6_SDC4,0.22357051162835206,0.03106409195285453,0.0,0.17285342294088954,0.5155160569571611,0.7742070358458699,0.5284265870316989,1.0,0.13795047114392792
COL9A2_CD44,0.0,0.3250097350588054,0.27083591399392326,0.5659482261298219,0.2777835420104014,0.3415831979429429,0.043032562894130114,0.45171045759631545,1.0
COL9A2_ITGA10_ITGB1,0.0,0.4372799776461947,0.4902867016711798,0.6676365133562755,0.05584057648919492,0.5626638957069973,0.4735244943226631,0.7469805882717002,1.0
COL9A2_ITGA1_ITGB1,0.1438611722444772,0.28567248245250254,0.08696178767614805,0.8929222170100107,0.497355119624009,1.0,0.5383704743245938,0.7529601856603012,0.0
COL9A2_ITGA3_ITGB1,0.0,0.255788588271478,0.10385385991624083,0.4621134441961256,0.09616792994102508,0.351528392140314,0.2604623507024585,0.789085290939956,1.0
COL9A2_ITGA9_ITGB1,0.0,0.5255124821404484,0.36969421218068194,1.0,0.28196264574826374,0.792639123915083,0.3028163406450022,0.7987768389356488,0.8157688115996212
COL9A2_SDC4,0.00992218997172463,0.19873646766892222,0.0,0.635383677256689,0.027899377001862714,0.540365808286055,0.5628272317240407,1.0,0.9160549452532725
COMP_ITGA3_ITGB1,0.0382528196486592,0.24515704525292956,0.2921097742215531,0.2817445007254786,0.0,0.1952662961958587,0.057751445443002834,1.0,0.151339100010392
COMP_SDC4,0.10348866180610468,0.19979354847207417,0.3091232921779923,0.304811802900009,0.04915857858918264,0.22710730761635162,0.09064634373036588,1.0,0.0
CSPG4_ITGA3_ITGB1,0.0,0.02681565726088998,0.05570060044963446,0.16366989287646969,0.22585968404235382,0.5443443472946272,0.2571151097617913,1.0,0.2534295771084902
CXCL12_ACKR3,0.08109821877160515,0.07638156064435425,0.0,0.22865808778408547,0.3383965599535777,1.0,0.646172304777629,0.9358986295975189,0.03518997920249115
CXCL12_CXCR4,0.02426640468430382,0.04364082540954942,0.0,0.27922929458813306,0.3058191969965767,1.0,0.4496065705560507,0.9751611794663249,0.07774602661603383
DLL1_NOTCH3,0.21419958141952872,0.10248982755636857,0.0,0.367940835074972,0.17083055042709433,0.33075326890738815,0.6037968394465164,1.0,0.7658463457238504
DLL4_NOTCH3,0.0,0.29539369325523046,0.20981191072076263,0.585690250283133,0.30771219671514705,0.5117613653301515,0.7835721996495927,1.0,0.808300629848408
EDN1_EDNRA,0.04497218599410242,0.152532024464606,0.0,0.30034317648490716,0.2195180566290562,1.0,0.5054088316649308,0.5655063233392845,0.06615809168274761
EDN1_EDNRB,0.0,0.41366019839928525,0.1500850986805558,0.8518240850797729,0.12017461992050586,0.9748443367493663,0.5186080612796306,0.7622599023312935,1.0
EDN2_EDNRA,0.0587840681164366,0.09169233669950094,0.0,0.13729015567147734,0.1062952826799847,0.23807818630036093,0.3145395618711366,1.0,0.4164390896650544
EDN2_EDNRB,0.04785747394581259,0.0635669615896385,0.0,0.14504614328005933,0.007567874356645235,0.07777033037126352,0.0613810605182841,0.6080820630958502,1.0
EFNA1_EPHA2,0.64764220322977,0.14796153403089943,0.0,0.47886836737235977,0.8756092712712036,0.6995735796998707,0.542736483917101,1.0,0.751215600880265
EFNA1_EPHA3,0.2763390308857217,0.17303205394347204,0.026046958497535227,0.8074998337768861,0.9902834201367471,1.0,0.06874086866220742,0.6816946729237415,0.0
EFNA1_EPHA4,0.5368901965567052,0.2221085596232973,0.0,0.4929825009892433,0.7139773473828449,0.633370976198059,0.3623613739973152,1.0,0.4646903399812634
EFNA1_EPHA5,0.713012137259492,0.14316107509189535,0.0,0.48542784402059513,1.0,0.6830365098879081,0.3723503891040317,0.8396925814258659,0.8312144182122099
EFNA1_EPHA8,0.0,0.4032053738043295,0.33421524155982274,0.9829289993216346,0.6168645872662093,0.5674880192914674,0.15115152063498347,1.0,0.5322169611791278
EFNA3_EPHA2,0.08631521983241909,0.24167039118304995,0.24704020289389148,0.6597011253272194,0.0,0.16455080816275433,0.08976623649193398,1.0,0.8159650583660722
EFNA3_EPHA3,0.03729165626253992,0.5064021568747531,0.4001441092113722,1.0,0.1836911013635568,0.3581879303169205,0.0,0.6706375880307358,0.4064083296617873
EFNA3_EPHA4,0.07440584508503575,0.3379375088962306,0.0980547410725137,0.6570653113999296,0.013261703544996959,0.17394485086382303,0.0,1.0,0.6325650559946046
EFNA3_EPHA5,0.16234891255812084,0.48092157011727416,0.24418111059422012,0.8714431596878686,0.0,0.22313290475750996,0.05114000895971545,0.9813488001016917,1.0
EFNA3_EPHA8,0.0,0.5648500858156295,0.4718094662826804,1.0,0.1283501246706122,0.23652484041603017,0.08340890669581508,0.8397148082843349,0.5808123158796594
EFNA5_EPHA2,0.06601844567208615,0.0,0.0035148002892998295,0.17255050904437802,0.14923216106740403,0.5540794752882193,0.4206943581757336,1.0,0.31240472931451546
EFNA5_EPHA3,0.0,0.10988661861525643,0.07144788076075727,0.4619706159353047,0.2649402320910578,1.0,0.3102990231999896,0.991467999300803,0.1942245981510438
EFNA5_EPHA4,0.09540108834115167,0.0722731108824612,0.0,0.22725557060790644,0.14648606882684725,0.5026561507781186,0.26147690244516963,1.0,0.28975185510829116
EFNA5_EPHA5,0.11122268446870924,0.060265848086279376,0.0,0.2579852350996784,0.1450695346344129,0.638960031068876,0.35090470453800043,1.0,0.3868924058817682
EFNA5_EPHA8,0.0,0.17697965181478292,0.15931283753519374,0.45251912473600914,0.1833533404380949,0.5461044956750327,0.24776834843169288,1.0,0.28994053482604415
EFNA5_EPHB2,0.0,0.06527229962659205,0.06854019215776173,0.20073334197865933,0.18524641691507693,0.5004157816414315,0.4765061340521139,1.0,0.26531955291884635
EFNB1_EPHA4,0.5090516142137828,0.23319398256681018,0.2085304560815936,0.49114783722014294,0.2861948118814013,0.3169110657826211,0.0,1.0,0.5560048715375007
EFNB1_EPHB1,0.10748760982313875,0.17028897516036495,0.134244878056493,0.5126687140702,0.43254540736959807,0.6068868893773038,0.0,1.0,0.17469207247472493
EFNB1_EPHB2,0.01781355650176578,0.026185218171910045,0.3430189611884283,0.2970529529066049,0.17656009155244368,0.14032209378409474,0.0,1.0,0.34139108057173545
EFNB1_EPHB3,0.5055692365472555,0.20876576309564157,0.43512767451082496,0.41340871834560566,0.08642451902429887,0.5293215906208484,0.0,1.0,0.5669708286469496
EFNB2_EPHA4,0.3685774696035306,0.19176988000203096,0.0,0.39802690338859853,0.1783917540546267,0.28233095837553235,0.05849317382865412,1.0,0.6340790634178798
EFNB2_EPHB1,0.08993508965622925,0.1767909904673502,0.0,0.44903110278259983,0.3744418491137903,0.5739804391135045,0.1065414882131659,1.0,0.31289431151057684
EFNB2_EPHB2,0.0,0.04349206466951078,0.02877995184489133,0.2588424283201183,0.10893315454832214,0.16659659964589818,0.13927521062441456,1.0,0.4887907806278479
EFNB2_EPHB3,0.3776927561906656,0.12330540714222413,0.07234693796057878,0.29482427002321,0.044926610489228136,0.44898426387592594,0.0,1.0,0.6421644742597021
EFNB3_EPHA4,0.08196890729310688,0.1218295194143713,0.0,0.2646570500474679,0.10027696323851637,0.3644314603623003,0.1489257300740845,1.0,0.2670448427626013
EFNB3_EPHB1,0.0,0.14211823351809688,0.02296190485819521,0.32424030898034223,0.22440514308537432,0.6607279943454275,0.23801230573843668,1.0,0.1469416399113881
EFNB3_EPHB2,0.0,0.12480644961816281,0.09461202937507784,0.24755091168453192,0.14664487160435835,0.38330721547610297,0.35217451567189817,1.0,0.2636940571850619
EFNB3_EPHB3,0.077004160005049,0.07753880105010963,0.016974204875968735,0.19828786903260762,0.0,0.5450020226052128,0.15528063535784029,1.0,0.24708549520065673
ESAM_ESAM,0.3301782624015448,0.10748593411685313,0.1765017710345175,0.552587102053053,0.21438194378726178,1.0,0.17127921838773788,0.8653696480264063,0.0
FGF10_FGFR1,0.36753485264205277,0.3602461398384665,0.5619351523319353,0.6675588100447749,0.388790592650427,0.6877237407400005,0.0,1.0,0.23051879554535326
FGF17_FGFR1,0.1788041182542641,0.32721202068951344,0.36423668149780736,0.6030323369280969,0.44623437179220016,0.2473356187467318,0.0,0.657618420082526,1.0
FGF17_FGFR3,0.12402549595499937,0.1923358547398243,0.13346139743496305,0.4668889435165343,0.5434749539372851,0.1420588579499745,0.0,0.7491054472014322,1.0
FGF17_FGFR4,0.22800223889891424,0.27522033838469584,0.1593497025663196,0.5144420427259823,0.6836317917437036,0.1583425655022965,0.0,0.8887743862534895,1.0
FGF18_FGFR1,1.0,0.5666874516977772,0.4971536330096467,0.9573959114627508,0.07603684989842913,0.33185583908753585,0.13617055928493835,0.9561314864532426,0.0
FGF18_FGFR3,1.0,0.323303566413478,0.20582696596952374,0.536789988752876,0.16742712049618041,0.21132796303903026,0.16903322414486505,0.7162985844358056,0.0
FGF18_FGFR4,1.0,0.3004041280489997,0.09705788946626184,0.45663614297272165,0.1988895069797647,0.13864164901671988,0.1584389430822057,0.6853830107635018,0.0
FGF2_FGFR1,0.20640241449779093,0.12623402715688217,0.5134333242013993,0.6242787846293945,0.2501452312653815,0.513155772122663,0.0,1.0,0.1697881906518971
FGF2_FGFR3,0.03596181448583548,0.0,0.10341239690651007,0.36505921724463386,0.4617757877305661,0.3919196303118972,0.4087566776277504,1.0,0.11839169831172237
FGF2_FGFR4,0.06969712408946173,0.0,0.027516057790350608,0.29226848007937856,0.3813181296277599,0.24008071765772468,0.2200020650300669,1.0,0.09997729136172388
FGF7_FGFR1,0.016678782078952903,0.15679267728787302,0.16813927938700107,0.43719239065032817,1.0,0.2998085135092923,0.0,0.36491711332284577,0.24319598375550633
FGF8_FGFR1,0.44058492422091516,0.4385205193746281,0.34403567184583494,0.6856442323183629,0.2600753937325425,0.5740714309262884,0.0,1.0,0.8525016236849147
FGF8_FGFR3,0.23243619729195766,0.2964601127572891,0.14506855706296579,0.47915662697441147,0.21848774487177453,0.4472702437960018,0.0,1.0,0.7441639168534071
FGF8_FGFR4,0.19764239473613407,0.2661144729559094,0.10721294134248051,0.4111429270349274,0.08598052621805588,0.3390850133161904,0.0,1.0,0.8295516123986776
FGF9_FGFR1,0.31817640188349805,0.25813546745667193,0.3144323464179487,0.5723978175649705,0.23811887818600552,0.4096996108600527,0.0,1.0,0.4270073277790161
FGF9_FGFR3,0.0922615926548843,0.052820680180342666,0.0,0.3241771517020282,0.08540243871669971,0.24871387606187584,0.18066346864827448,1.0,0.23902099004015037
FGF9_FGFR4,0.20642853916992873,0.11837152611886065,0.0,0.32338133898349053,0.3039751563991568,0.20477913808408982,0.1777859683947948,1.0,0.28614224174664266
FN1_CD44,0.0,0.1570192320577321,0.2278475981455903,0.6062202470874363,0.4949080357560256,1.0,0.01974893916649909,0.9262521251151605,0.44082520410218484
FN1_ITGA3_ITGB1,0.04444874436743734,0.05347187038740568,0.0,0.31902428162115526,0.2648677624725987,0.7420571052068571,0.21014269354226772,1.0,0.16972777044370002
FN1_ITGA4_ITGB1,0.113909441850707,0.11539581017237974,0.057924921356852184,0.6715562978134509,0.4317682225591858,1.0,0.15037381938564287,0.6061653081883562,0.0
FN1_ITGA4_ITGB7,0.05854652882344156,0.14291135353243964,0.006474042043773365,0.6821137543196072,0.2751666458164278,1.0,0.029808414022851108,0.6188774275586718,0.0
FN1_ITGA5_ITGB1,0.0,0.03724600015414743,0.0986069071248453,0.486325359528121,0.4675288762906665,1.0,0.06240947272087207,0.875246622585029,0.06201862294799893
FN1_ITGA8_ITGB1,0.02518816614641142,0.0328301902513877,0.0,0.1681582168416103,0.31655997070790404,1.0,0.3175329000686825,0.6166775611531502,0.014658981409737103
FN1_SDC4,0.19587601665917875,0.026770494559257965,0.0,0.3720095295417494,0.46755871355094814,0.9968764834572938,0.29762740416612005,1.0,0.07975493970644944
GAL_GALR1,0.0,0.08483591706845117,0.04345814985880386,0.1532342318635506,0.08998478412055999,0.4812923751529589,0.1527628575998996,1.0,0.24314025212049908
GAL_GALR2,0.0,0.06184425210588266,0.018932986295279123,0.11018863107958851,0.0497380541485389,0.3935457181203759,0.20000477489191756,1.0,0.0739358983188773
GAS6_AXL,0.7464931063333268,0.14395328558852732,0.0,0.5503071723705132,0.8160584193649507,0.9459391085435472,0.20432568351519778,1.0,0.3902015671700308
GAS6_MERTK,0.084014410165376,0.298761265923033,0.3895306420047289,0.6485705890769288,0.5322224117310137,0.8766360907160572,0.0,1.0,0.935033290006992
GAS6_TYRO3,0.05855342539365539,0.0615866601662908,0.05988957464314731,0.32994196882323,0.17383748423534057,0.38568188120425834,0.0,1.0,0.38064558208725613
GDF10_ACVR1B_ACVR2A,0.23436025187689166,0.03446895466973772,0.1456709208761041,0.23700622867553855,0.004977762317354081,0.32949985033310464,0.0,1.0,0.45964774951234716
GDF5_BMPR1A_ACVR2A,0.8116772108652779,0.5285067129994193,0.0,0.9249728270370726,0.2416279118648736,0.6856614092760709,0.08899648246081213,1.0,0.2816899231323711
GDF5_BMPR1A_BMPR2,0.8116772108652779,0.5285067129994193,0.0,0.9249728270370726,0.2416279118648736,0.6856614092760709,0.08899648246081213,1.0,0.2816899231323711
GDNF_GFRA1_RET,0.6601523122578338,0.5348277149291891,0.06276851752826057,0.7775248499239263,0.2794929964406821,1.0,0.14588242790462713,0.740114641895811,0.0
GRN_SORT1,0.0595543052233007,0.0,0.10634837423183796,0.2665467071661634,0.1594799917545568,0.4827204071930446,0.2801260084454084,1.0,0.33127222736465695
HBEGF_ERBB2_ERBB4,0.7257531820483777,0.0811904370862593,0.06646387574493903,0.36331218813392596,0.7311496833249143,0.6058804811435734,0.2945156830467794,1.0,0.0
HBEGF_ERBB4,0.7675663681371561,0.4440980493366171,0.36913758687107173,1.0,0.6670659105046821,0.7898567337228241,0.0,0.7403538913621072,0.0790437736572129
HSPG2_DAG1,0.23957156620023076,0.09144554545167254,0.0,0.3192373484697248,0.42755163296710685,0.6553110557972898,0.786714876476446,1.0,0.2929405390855658
IHH_PTCH1_SMO,0.039355127803354276,0.3861317729736026,0.6639153502617755,1.0,0.2248915047401309,0.5064417718023684,0.0,0.7993374591821379,0.12716945052326442
IHH_PTCH2_SMO,0.0068792570642411096,0.4666737199711702,0.5208086031017329,1.0,0.034593316770884154,0.5361393716460747,0.0,0.49796746689451016,0.1885528370116936
INHBB_ACVR1B_ACVR2A,0.19141842229739958,0.07785110256288606,0.0,0.1966677154168471,0.01412731887650232,0.35181642338747016,0.36345085403218497,1.0,0.5589366763891839
INHBB_ACVR1C_ACVR2A,0.24615242805279786,0.18488794379978948,0.0,0.39889515311760704,0.08080290346054517,0.15486711056354646,0.08323802781987097,1.0,0.9224901747956852
JAG1_NOTCH3,0.0,0.08340455387520362,0.07686671208276655,0.2912570326931509,0.10591211637687796,0.24539678289222208,0.17191013685681117,0.6264857600172157,1.0
JAG2_NOTCH3,0.0,0.23741630375499856,0.18762036187137301,0.6181114201767456,0.2777656717485089,0.6652465025257506,0.045925229091748794,1.0,0.8431790742605964
JAM2_ITGA3_ITGB1,0.0,0.035327308470015945,0.002451548066215592,0.1874458049975382,0.032439806004799975,0.12215836485987504,0.12652993531685675,1.0,0.7718818633908237
JAM2_JAM2,0.3619943544630315,0.07246326899989618,0.0,0.35406975696270065,0.4350929734422956,0.2699128638608038,0.5163155505406654,1.0,0.9192537886176428
JAM2_JAM3,0.028696596181731527,0.08743955405920562,0.0,0.2546262382258028,0.15489218058654017,0.30458293575173156,0.26528449840169266,1.0,0.5693396871332688
JAM3_ITGAM_ITGB2,0.004789035136124022,0.1514630590384273,0.0,0.5133751591608685,0.7441313706392946,1.0,0.21809363667763038,0.6068171418920312,0.2010953850515103
JAM3_JAM2,0.0782225398820671,0.07408411774460627,0.0,0.22502092427797923,0.16913188357025077,0.31058195664012767,0.31386479158003144,1.0,0.6151719422665741
JAM3_JAM3,0.0,0.0957304896663415,0.018957184086307425,0.16952084252511226,0.0639919451402669,0.34031999069260294,0.2430508495911376,1.0,0.385970261225484
L1CAM_ITGA4_ITGB7,0.045709027983661436,0.3799126835572056,0.030664276589946002,0.6141824769122193,0.0,0.6213154040466472,0.00043236488305766364,1.0,0.12757981342271493
L1CAM_L1CAM,0.024041003173039328,0.14442293893418737,0.0,0.12277857560566596,0.013663633028781293,0.33803077831927114,0.20712098915573032,1.0,0.22656883622047064
LAMA1_CD44,0.015335654066437325,0.2014821757444938,0.5149077085619217,0.3464132586226192,0.21664645833856008,0.26767349505254623,0.0,0.4170885035234616,1.0
LAMA1_DAG1,0.10021426654906457,0.0,0.18552345342047522,0.30683138025718953,0.1552953668243311,0.47561749178299983,0.41099832775011147,1.0,0.4825709308079082
LAMA1_ITGA1_ITGB1,0.24675032534778787,0.21759412483245552,0.2222670741132601,0.6964334663107291,0.6433539616665319,1.0,0.4109842890181483,0.8857443239642516,0.0
LAMA1_ITGA3_ITGB1,0.0,0.10996245850281093,0.31320287995121027,0.29875518531647305,0.03141451527581081,0.3092875642000158,0.2371641841850422,1.0,0.6873446843090426
LAMA1_ITGA6_ITGB1,0.34478227438329484,0.0,0.4017580330143548,0.3504178102900525,0.3203044368833119,0.41077150464181544,0.014577783323472756,0.738964130446431,1.0
LAMA1_ITGA6_ITGB4,0.41633794217579867,0.018215586273505585,0.748470515801007,0.5565911679605208,0.38293253709369807,0.6518528906719747,0.0,1.0,0.010698863804410617
LAMA1_ITGA7_ITGB1,0.0,0.116791191054899,0.14466829952667012,0.33908531248256424,0.28790349649204156,0.6606969372097918,0.4961381772995859,1.0,0.1832559027276552
LAMA1_ITGA9_ITGB1,0.0,0.43605291839857313,0.5786850033453403,0.8424133296605458,0.3568509124126422,0.8419010072694297,0.284233259509777,1.0,0.5006699531989237
LAMA1_SV2A,0.22553424514207968,0.29183046008920177,0.2100126712705864,0.4496718062738516,0.0,0.6440998332967084,0.19898851260580983,1.0,0.5652364388317135
LAMA1_SV2B,0.20942104283187432,0.2745786466837691,0.12436383190414103,0.5076326742188452,0.0,0.6955879244638729,0.19181842902753432,1.0,0.39392114093231456
LAMA2_CD44,0.0,0.38462498909455234,0.5742923214185831,0.5911590989944292,0.5517362760400927,0.5720254430774461,0.06046125943258149,0.765225384192212,1.0
LAMA2_DAG1,0.0,0.1586277665029406,0.16841624441371067,0.35283933685911123,0.36524539464120104,0.7063268018456782,0.47233221360592625,1.0,0.24799018084769536
LAMA2_ITGA1_ITGB1,0.13164438719976837,0.24529167947144404,0.15269345138619758,0.5429949117965086,0.5863208212281594,1.0,0.5761355620125979,0.7585274586565661,0.0
LAMA2_ITGA3_ITGB1,0.0,0.21204809107172568,0.22092325725532166,0.3174827881867066,0.19023702971385603,0.4790034991388617,0.3136008684223724,1.0,0.39806278525106004
LAMA2_ITGA6_ITGB1,0.039883544092223576,0.10948609408934513,0.2210161158119289,0.44614258958944225,0.5815433122637631,0.803750667285225,0.0,1.0,0.4911893977056707
LAMA2_ITGA6_ITGB4,0.07788597510531003,0.25194019933956824,0.4081092687499159,0.5819644127068136,0.6046876161681534,0.9423632917177159,0.09765431782491002,1.0,0.0
LAMA2_ITGA7_ITGB1,0.0,0.19998497571069063,0.14090056181137595,0.3424233214601714,0.3005716589810346,0.845059972716518,0.5540526676368696,1.0,0.11033175393252405
LAMA2_ITGA9_ITGB1,0.0,0.45519778938850447,0.4701483005567478,0.7310712508294795,0.41329700464978153,1.0,0.350586421354728,0.9778902474120171,0.2624040012601783
LAMA2_SV2A,0.0,0.308380810364049,0.09282330252558559,0.3713126805131941,0.003074911046410182,0.8223209345556007,0.272810928845133,1.0,0.2174414723910509
LAMA2_SV2B,0.0011865878132934998,0.29062962076300913,0.07862359066811066,0.40461390307046785,0.0,0.8720268943838169,0.29424868651526603,1.0,0.12626365869842876
LAMA3_CD44,0.0,0.5603619254911141,1.0,0.849948294731367,0.40338568198781943,0.5108368889667907,0.02046155463129447,0.5039434908485161,0.6290756751740703
LAMA3_DAG1,0.0,0.642154596370784,0.9952580807139945,1.0,0.5083895437561987,0.9602579181148747,0.3040494136232771,0.9014164675990805,0.28849047837535363
LAMA3_ITGA1_ITGB1,0.034608225401606796,0.43485789856116525,0.4991411745677776,0.9515044747557778,0.5983252034361064,1.0,0.2186604569968436,0.5390972245481971,0.0
LAMA3_ITGA3_ITGB1,0.0,0.672769867811071,0.9771503902187649,0.9220194117093491,0.33730870850038885,0.7533041120669707,0.23806235321186447,1.0,0.4555564387407763
LAMA3_ITGA6_ITGB1,0.0,0.5811868793655985,1.0,0.9637146907307226,0.4973540530407284,0.7627548057979715,0.0374681893665241,0.6118556116406857,0.3334143474796453
LAMA3_ITGA6_ITGB4,0.0,0.5521761041657846,1.0,0.904520264190856,0.40472350238427374,0.7155199679285117,0.015334337069952497,0.5031128268616234,0.022529915603953166
LAMA3_ITGA7_ITGB1,0.0,0.5049096602923975,0.6631287517456753,0.7736729545472524,0.4168247365439551,1.0,0.2799684918636004,0.8128403352446025,0.13550274179430832
LAMA3_ITGA9_ITGB1,0.0,0.6222383433495107,1.0,0.9758227435038715,0.3668364537029251,0.7914488326187404,0.11036644531492164,0.5436375467135257,0.18832116843334037
LAMA3_SV2A,0.0,0.7988393981988388,0.8611247961425867,0.970881061873962,0.1878138736741434,1.0,0.10220042136828197,0.8130975014719586,0.23039579925345932
LAMA3_SV2B,0.0,0.7767163135370637,0.86658529784521,1.0,0.19572574046900268,0.9444699397977738,0.1494624900949155,0.7408794934988238,0.21761026006207554
LAMA4_CD44,0.04782309608993859,0.4579694179947218,0.40581165842887873,0.7332196606231737,0.44763455678743913,0.6158131566942397,0.0,0.8080471681786193,1.0
LAMA4_DAG1,0.20067660735677678,0.2012235863771745,0.0,0.44330902509396025,0.29070477936411526,0.7210216982907589,0.2705879207664261,1.0,0.2365704828559041
LAMA4_ITGA1_ITGB1,0.3341752998687148,0.3206136344569145,0.09863521117437206,0.6669981337292462,0.6896020832186904,1.0,0.30105777665908284,0.7458656625662196,0.0
LAMA4_ITGA3_ITGB1,0.08695026185668449,0.2023479426771147,0.0,0.3413780279040781,0.06633375708580962,0.4368512632498321,0.06125662646888945,1.0,0.32868638820838725
LAMA4_ITGA6_ITGB1,0.5218983007922028,0.24342374620235613,0.015611222986683767,0.6428765108060425,0.3712256124620257,0.8515791264361388,0.0,1.0,0.47145903832564384
LAMA4_ITGA6_ITGB4,0.40006131136478207,0.3243037561696312,0.1083114853021711,0.751260853706392,0.38470144546562884,0.986384455500287,0.0,1.0,0.002882917644240887
LAMA4_ITGA7_ITGB1,0.08361927274951984,0.2185789929868281,0.0,0.39781322581509043,0.305372143584028,0.8524585851720308,0.4035664986049695,1.0,0.08416870711260305
LAMA4_ITGA9_ITGB1,0.03796132561176578,0.40425394723870034,0.08495399787642642,0.8375630947967743,0.2200150629565504,1.0,0.0,0.9558101510187716,0.05249070618229135
LAMA4_SV2A,0.3873293194130368,0.46264011796468113,0.0,0.5297306050405401,0.046726504184055884,0.8510315327318535,0.14371713125822902,1.0,0.2404387012273656
LAMA4_SV2B,0.4648504012583811,0.49356124243130073,0.0,0.6116938788660693,0.09467431989189855,0.9408002456650942,0.14446181175721778,1.0,0.1980450849458411
LAMA5_CD44,0.0,0.2363784709264907,0.3836324359797812,0.39370415361877775,0.24943562676777425,0.2739755143942147,0.013312824031633596,0.5235488826737343,1.0
LAMA5_DAG1,0.0,0.05378146551891308,0.07852470363563141,0.2866704298474846,0.2580571933937959,0.37096035937003147,0.5579377609141987,1.0,0.5782339109605608
LAMA5_ITGA1_ITGB1,0.17779646788248593,0.2497300170795955,0.20204579576795872,0.705723080387129,0.9528848583568906,0.9367748851935298,0.5964031542014275,1.0,0.0
LAMA5_ITGA3_ITGB1,0.0,0.12259102472582235,0.1678388423708948,0.26710118645852937,0.092007765778061,0.24144660906664214,0.2854162793500554,1.0,0.7820632116224968
LAMA5_ITGA6_ITGB1,0.1465898690639256,0.0,0.11496374294272088,0.3832013339686208,0.3893294931716152,0.36723681404172837,0.1609640317457071,0.9981562323216677,1.0
LAMA5_ITGA6_ITGB4,0.019931032400820663,0.0,0.187025519549654,0.43902463770722033,0.3645615773937313,0.4220383187664258,0.11106381785967384,1.0,0.2235150049790754
LAMA5_ITGA7_ITGB1,0.0,0.1554391236166778,0.11144931026471226,0.32529973100318404,0.4180748206645018,0.5535740508997757,0.6341903742886021,1.0,0.3090418659116554
LAMA5_ITGA9_ITGB1,0.0,0.4040803982555392,0.5051878562916408,0.7393789901480877,0.3224890076970552,0.686828448032717,0.3373503901369771,1.0,0.6032132081169649
LAMA5_SV2A,0.03895802626082222,0.22165726282437592,0.06320183298675694,0.3407167150724312,0.0,0.46706012900844807,0.27233929921302913,1.0,0.5674187346127012
LAMA5_SV2B,0.0,0.1504872204574899,0.00461639883580668,0.34490485599433085,0.012959164480796643,0.47219065814137334,0.22625351871275143,1.0,0.554192982970278
LAMB3_CD44,0.12784396180219632,0.3369779744231523,0.4707010653319893,0.5873857158509527,0.13943874538234483,0.4129290891235687,0.0,0.6992215711559715,1.0
LAMB3_DAG1,0.5244466032150236,0.20396213241792757,0.127403649918523,0.4413348714210483,0.0,0.5234216410358259,0.37862745430772066,1.0,0.6061504315192482
LAMB3_ITGA1_ITGB1,0.5511194699481614,0.297442654910276,0.19438378976946102,0.7859208224020048,0.21187614435244323,1.0,0.36218212805064415,0.9444293222785348,0.0
LAMB3_ITGA3_ITGB1,0.469799133843053,0.25150064736805416,0.20620856013248268,0.4015835296019161,0.0,0.3772669377177106,0.1914161308887686,1.0,0.778461505100207
LAMB3_ITGA6_ITGB1,1.0,0.21181216226626462,0.1884158099356577,0.5369275363718179,0.0,0.5260536295145558,0.12656189058437545,0.8899829976575473,0.6408190452992866
LAMB3_ITGA6_ITGB4,0.9144164880405387,0.3088008770429229,0.3136288277258488,0.6919921194689785,0.0,0.6823074604412883,0.10542266275444462,1.0,0.47542688949447504
LAMB3_ITGA7_ITGB1,0.24558567166300427,0.1728661418538434,0.03801367586965788,0.3758343340901397,0.0,0.6245265580589163,0.30721029806524863,1.0,0.32732715836753146
LAMB3_ITGA9_ITGB1,0.47041196377762856,0.41217439138973966,0.35573207880338026,0.8359442159708692,0.0,0.7641144266448435,0.0013955881703954383,1.0,0.5964647019454388
LAMB3_SV2A,0.7222787880364516,0.4245553072802873,0.18324256615311027,0.5414363579066139,0.0,0.6458084066980337,0.2582442617166813,1.0,0.6079224537352951
LAMB3_SV2B,0.9480312845590526,0.4705313561346793,0.22883797811845202,0.6222637972368439,0.0,0.7318728557619846,0.3894379052816814,1.0,0.7156810447065544
LAMC1_CD44,0.011311469787477452,0.20940214441415525,0.36356775716131423,0.3919919288387824,0.29419124336673885,0.29301496477744793,0.0,0.4846782308157996,1.0
LAMC1_DAG1,0.09869204893366022,0.0,0.013793152646381066,0.3094696734755118,0.34822264959665883,0.46214839882613146,0.48683757533643024,1.0,0.5349598768615865
LAMC1_ITGA1_ITGB1,0.30558597544881905,0.21297680026587346,0.12581014370933277,0.682414516635618,1.0,0.9470205704707174,0.47705772419802345,0.8690014776766781,0.0
LAMC1_ITGA3_ITGB1,0.0,0.0402464593272438,0.0660120175881908,0.24887673364295193,0.08498018923251262,0.25263538532154817,0.2020733471951811,1.0,0.7137189276822048
LAMC1_ITGA6_ITGB1,0.4306603090501175,0.0,0.11205755286785733,0.43615307996945113,0.5092946123542735,0.492785624336534,0.12240314906494926,0.9147252654618417,1.0
LAMC1_ITGA6_ITGB4,0.3041956324581988,0.0,0.19952260282043144,0.5477474884259683,0.5426670428615724,0.6246538565881073,0.09876377439946304,1.0,0.18086543196384128
LAMC1_ITGA7_ITGB1,0.0,0.09348555404080684,0.039865505297208774,0.32527977586629175,0.44533732498400974,0.6332567521716538,0.5861431462078014,1.0,0.23968200363224576
LAMC1_ITGA9_ITGB1,0.0,0.3344369188341592,0.3913627964177536,0.8001400975101087,0.3824808684506888,0.7890419660750179,0.2738754907400284,1.0,0.5214751323042539
LAMC1_SV2A,0.1828360494776316,0.1959087779496566,0.0,0.38654180980111935,0.036122525409090146,0.574051007877005,0.21082555403087183,1.0,0.5373554922499214
LAMC1_SV2B,0.25057687499656967,0.19578481788243293,0.0,0.45706028778616936,0.13319096066503983,0.6423422500650471,0.1916711751248112,1.0,0.48950234667776116
LAMC3_CD44,0.0,0.10162069019659574,0.1083543421169253,0.18654527717935374,0.6401314989092637,0.7808566958350599,0.3012849912706932,1.0,0.22456368749791697
LAMC3_DAG1,0.050825968813536765,0.032633761920623325,0.0,0.08061879167415571,0.4048457962754823,0.7312393326142673,1.0,0.8984578628742274,0.023071503207760267
LAMC3_ITGA1_ITGB1,0.09722178753898061,0.0720335163925605,0.01935959857736531,0.1347694720415795,0.49634661600160535,0.8843042379613631,1.0,0.6397027817091192,0.0
LAMC3_ITGA3_ITGB1,0.045848292620399786,0.03973491475171464,0.0,0.0716940204040261,0.2633590056940193,0.594383208692141,0.7643601531364604,1.0,0.04256340679199693
LAMC3_ITGA6_ITGB1,0.12310583439703009,0.03371122121075286,0.0,0.10934372735337765,0.7055019821153368,0.9052205466691701,0.6683346077556074,1.0,0.0561350285594817
LAMC3_ITGA6_ITGB4,0.10318216579845041,0.065270135771263,0.036480597193520724,0.1449597222572527,0.7075838824048256,0.9926029129346856,0.6568443725867386,1.0,0.0
LAMC3_ITGA7_ITGB1,0.0375617286932976,0.044008215796545375,0.0,0.08226449743675225,0.3829302268099238,0.8764814314554322,1.0,0.9361701262471321,0.004520403418570841
LAMC3_ITGA9_ITGB1,0.06180544650880026,0.08029936526600516,0.02374308161878674,0.15268156589691628,0.37416847545408094,1.0,0.6625547100376437,0.8971819834362418,0.0
LAMC3_SV2A,0.12076199075608768,0.09776319019403384,0.0,0.11383043362061801,0.24300449761321205,0.9431791202577128,0.9026939886176143,1.0,0.032463412282881285
LAMC3_SV2B,0.141406428973788,0.08379931378618859,0.0,0.10949352691212276,0.268492740171998,0.9655277756005152,1.0,0.9382035311730256,0.011260068120430445
LRRC4C_NTNG1,0.0,0.21826539564018718,0.15563175377665342,0.40226299820236544,0.17974539564731454,0.4108342636508238,0.18499401332006948,1.0,0.4929222102680041
MAG_MAG,0.0,0.26466992403227485,0.6009088843778514,0.6474186556604691,1.0,0.5983673153301884,0.03938355877025093,0.2545611934774521,0.6481887891189272
MPZ_MPZ,0.18657021230173557,0.0,0.2700260119384684,0.06103391553206961,0.04382082823830084,0.27418547531787263,0.24907226528409204,1.0,0.3662178638570715
MSTN_ACVR1B_ACVR2A,0.2616172662149812,0.3539900106087824,0.007938485536793778,0.40790453517546843,0.06579324296695481,0.8876438148963408,0.0,1.0,0.9721646043182295
MSTN_TGFBR1_ACVR2A,0.3017004355855749,0.2946706896574238,0.0373135273096755,0.3892382039276973,0.22053390175747575,0.7708385321520996,0.0,0.7529212062559811,1.0
NCAM1_FGFR1,0.18810635365716416,0.0,0.055901150784057566,0.17032842693185413,0.44224181767429377,1.0,0.2515244318304274,0.7465625751834718,0.2914504977869473
NCAM1_L1CAM,0.13041154169102606,0.12257982026815101,0.0,0.17105949395733588,0.16830766913647058,1.0,0.5128719716507224,0.8917554614614461,0.1500215137794941
NCAM1_NCAM1,0.24205719128501108,0.06587796565688991,0.0,0.06797896530730604,0.33266120317430375,0.8773754107493709,1.0,0.32127285867966515,0.0331848231286267
NCAM1_NCAM2,0.09418895132190988,0.0400518626197174,0.0,0.16385836717044,0.19503959154030792,1.0,0.330503967893137,0.7977284388753231,0.14986750543717586
NCAM2_L1CAM,0.013504803591365015,0.0993017243978679,0.018967101892973286,0.16390983190396102,0.0,0.36304448928393157,0.11612780277760726,1.0,0.25872841806158337
NEGR1_NEGR1,0.15436492991388048,0.4878173249418867,0.08604443815860763,0.6749689219203766,0.0,1.0,0.12592644437317616,0.7542516348347302,0.3080483743181106
NFASC_CNTN1_CNTNAP1,0.14331443591219,0.2224009852847533,0.0,0.24762508295229282,0.1663515945984648,0.412359065531388,0.4426883786137252,1.0,0.21763461350110697
NMB_NMBR,0.14968125677771632,0.39477233359391306,0.23474385515119311,0.5231940571674745,0.02660955543595071,0.6310320807371901,0.0,1.0,0.1332914467707193
NMU_NMUR1,0.10489025722297694,0.13337211424249945,0.0,0.2778027877350063,0.2762443795752486,0.84345139489993,0.24170109163398004,1.0,0.14376993154865247
NPB_NPBWR1,0.038003692802984296,0.1827203103672396,0.14734232645853126,0.20956815584340802,0.051337533505722115,0.6217114808061519,0.24077231303582677,1.0,0.0
NPFF_NPFFR2,0.05684024565154671,0.028327196306281853,0.013820639406223112,0.0361328770279077,0.0,0.521118200318464,0.4148877776329558,1.0,0.0387764799417163
NPPC_NPR2,0.5309365057270671,0.7650592221193263,0.30764761270584595,0.9066538459307084,0.16664142822983474,1.0,0.14118541207917246,0.4743376883867035,0.0
NPW_NPBWR1,0.04583098829764908,0.1758789907999912,0.12229788909461677,0.2265293035314917,0.0,0.3900919215284813,0.21869569934359004,1.0,0.0827358867843022
NPY_GPR83,0.0,0.23904284839586948,0.3737164691627564,0.3663962260720543,0.3105588359216005,0.48159781574468097,0.06020982975418182,1.0,0.6543561624577842
NPY_NPY1R,0.0,0.14923050967763027,0.06952045719022382,0.20558762381123402,0.014276209220385857,0.41243830238249374,0.16357238914213315,1.0,0.19070103099031505
NPY_NPY2R,0.0,0.09422515388232114,0.02159706076571995,0.14506980024158767,0.01681353707279938,0.2717665651745101,0.047059885721416075,1.0,0.17040357114651417
NRG1_ERBB2_ERBB3,0.5827428386084886,0.5397346422291998,0.38232801500004937,0.7958890062246554,0.7577889073748876,0.714258348366185,0.7056650091918084,1.0,0.0
NRG1_ERBB2_ERBB4,0.7415036566229153,0.5109284833535718,0.3263118365984039,0.873069161776566,0.4970575118834342,0.6994793877031911,0.0,1.0,0.5363490475430054
NRG1_ERBB3,0.5827428386084886,0.5397346422291998,0.38232801500004937,0.7958890062246554,0.7577889073748876,0.714258348366185,0.7056650091918084,1.0,0.0
NRG1_ERBB4,0.4929964718837833,0.7095963669171683,0.4008597676774623,1.0,0.3167957495080251,0.5189847579656695,0.0,0.4347075668812364,0.38425872981467696
NRG3_ERBB2_ERBB4,0.15609954060693784,0.2446532295806431,0.08585365904368265,0.48951632648564886,0.21088223072063653,0.4350840295353904,0.0,1.0,0.5394636989987659
NRG3_ERBB4,0.2423571908283851,0.688340661391697,0.2985607979805537,1.0,0.26464375331503653,0.5576932175333273,0.0,0.6858107680357425,0.6339686114240219
NRG4_ERBB2_ERBB4,1.0,0.22806714287671725,0.011216002833923232,0.48315705865529296,0.7883501610434167,0.33361888126151024,0.0,0.6615317088569823,0.1059199466190866
NRG4_ERBB4,0.8443031284256761,0.6595185490717049,0.21593286706450504,1.0,0.8073672790716762,0.4660661822150202,0.0,0.4874136256053526,0.2392029501375753
NRTN_GFRA2_RET,0.0,0.6745639992085495,0.01989304669838954,0.9274933675026354,0.04393066070117179,1.0,0.3733142387176905,0.5976561047866539,0.520719731314852
NRXN1_NLGN1,0.04422037682397288,0.5147719833341571,0.3374274038181306,1.0,0.0,0.27445996596535377,0.02248875561839358,0.9355192197196095,0.4534674788785501
NRXN1_NLGN2,0.1581835261831062,0.4315923051118047,0.32711127183620703,0.7464325190479155,0.09458372300958154,0.23066686219303398,0.0,1.0,0.6384828045419072
NRXN1_NLGN3,0.1507034507288283,0.41774841693168846,0.3718002545554423,0.8121788128916482,0.2208388182723719,0.3227107134930406,0.0,1.0,0.8454869010253393
NRXN2_NLGN1,0.0,0.469531890295626,0.29165588409332105,1.0,0.07026312042653725,0.29719375010564475,0.0510191112360062,0.7561610087147295,0.348785705321051
NRXN2_NLGN2,0.06596419581190825,0.46835329929320707,0.31863078881099205,0.9331041183585881,0.16834897778990027,0.28451359405621535,0.0,1.0,0.5956851656204323
NRXN2_NLGN3,0.05901327994718904,0.44816315876246116,0.36303761412896274,1.0,0.3615535558263997,0.39499881172457263,0.0,0.9726033372496221,0.7998135487299987
NRXN3_NLGN1,0.11493620788641681,0.6051219645866319,0.14295051178950682,1.0,0.0,0.8678159860556736,0.13272002158478605,0.9951696099497984,0.38030801187186425
NRXN3_NLGN2,0.19196266247509428,0.4182804417932009,0.05911599684661412,0.648003845677564,0.033970771344564756,0.679858337204086,0.0,1.0,0.494795229780725
NRXN3_NLGN3,0.19166267714875812,0.3970932260053478,0.09264245761365356,0.7089963387137155,0.18043687319675888,0.9076994271685704,0.0,1.0,0.7114501282140917
NTS_NTSR1,0.14524131141280755,0.6198969684540823,0.4317495880293682,0.8603255801282222,0.06892281271166895,0.6043251414040337,0.0,1.0,0.275950773419937
PDGFA_PDGFRA,0.13764777460308908,0.14936163106749867,0.0,0.16368341736843647,0.14636098371405812,0.52045260367674,0.20019173170187185,1.0,0.09638985944900336
PDGFA_PDGFRB,0.15223822690888883,0.09347833223139483,0.0,0.14526740869424004,0.23546399914699798,0.700130428709706,0.24052314874946507,1.0,0.21481424348627587
PDGFC_PDGFRA,0.1394585626790171,0.15963618284794104,0.0,0.41350686106269696,0.34241451916340127,0.7766236791783474,0.08420657400484344,1.0,0.0972978476587151
PDGFD_PDGFRB,0.27978698579621103,0.030746868467397114,0.0,0.29953448145470074,0.7247910345162171,1.0,0.2076289054366044,0.9935843074386775,0.5535589464804314
PECAM1_PECAM1,0.041893005547017,0.046090637556201235,0.0,0.052466465820635126,0.026037136367103357,0.8946660907572251,0.6055789393335752,1.0,0.07620209626885718
PLG_F2R,0.0,0.5155964559669863,0.2913562443999367,0.8334876444659964,0.6178587661224934,0.5748524584728923,0.3570677556164137,1.0,0.9050095366395425
PLG_F2RL2,0.0,0.4610288799297085,0.20732573141949592,0.7401127047592676,0.6592162104896864,0.6830745275255964,0.2856222736215476,1.0,0.7007781272104152
PROS1_AXL,0.43577970488659806,0.05144526615408498,0.0,0.45671331476801214,0.6954117326049204,1.0,0.29529828063167496,0.7937321576825804,0.13349195059530614
PROS1_TYRO3,0.0,0.04833385353304087,0.22279343079546693,0.3951177327357782,0.19109081487235025,0.6015785011749961,0.19263028224973527,1.0,0.18333385814119355
PRSS1_F2R,0.668401830441315,0.23004504092569808,0.0,0.4888501296733096,0.7930053409211668,1.0,0.03365366624884986,0.6815978082091076,0.17557986244031365
PRSS1_F2RL2,0.9626420811101898,0.1827776651595415,0.0,0.3604775968771496,0.738187063723382,1.0,0.015739896788315458,0.5539768565983549,0.090875102921119
PSAP_GPR37L1,0.03347736142752108,0.0,0.011762412344170196,0.18200965246397377,0.25057914361777417,0.23109857638571554,0.27960382104472603,1.0,0.7510222929284859
PTHLH_PTH1R,0.12263514096750758,0.2756443733133532,0.16314122617494434,0.5704823587151368,0.4787715555982014,1.0,0.27515556187763185,0.9242879581242494,0.0
PTPRC_MRC1,0.030660426429523942,0.17199947084525874,0.26927832632383847,0.8368926037984815,0.8717779089247327,1.0,0.0,0.49152344552815125,0.18689654319494453
PTPRM_PTPRM,0.0,0.39868336174905705,0.26241504052975617,1.0,0.933280519413533,0.48496461484081504,0.12462576218704716,0.7636711313116916,0.7411336819761429
RELN_ITGA3_ITGB1,0.17650824144743105,0.26732942789710407,0.08734830063339773,0.5211198025829018,0.288629901420287,0.36411069738769364,0.0,1.0,0.5023977719337772
SEMA3A_NRP1_PLXNA1,0.17778850201336227,0.17997904443394744,0.01973163734361502,0.4918933024367414,0.08067534070312658,1.0,0.0,0.770326238539191,0.4675037248053354
SEMA3A_NRP1_PLXNA3,0.2369734744808285,0.24605865595610238,0.05930723606429049,0.5637380355522239,0.1685980053316495,1.0,0.0,0.6501475148354846,0.5732571494944033
SEMA3A_NRP1_PLXNA4,0.15707424773931017,0.2606335753784179,0.15010575423611097,0.6134473668620225,0.23707093785047625,1.0,0.0,0.8157413047616607,0.565788653018879
SEMA3C_NRP1_NRP2_PLXND1,0.02665242575651014,0.10266368310911599,0.0,0.29355211901214034,0.39481885473561207,0.7828582973958553,0.2629734974546911,1.0,0.0121347832637722
SEMA3C_NRP1_PLXNA1,0.07589959158243784,0.07826501702162368,0.0,0.20264805435434374,0.07244379783068286,0.43328974224337735,0.14192930790625877,1.0,0.18998217543398455
SEMA3C_NRP1_PLXNA3,0.10449311278017892,0.11012927333290191,0.0,0.2725093912493756,0.14043402822423232,0.4600839982227377,0.13042446284012402,1.0,0.26296510845062787
SEMA3C_NRP1_PLXNA4,0.0,0.06050753098317706,0.022339764748086376,0.2036561553703646,0.13068348289869886,0.358316834551073,0.07588154234091574,1.0,0.17096543728573535
SEMA3C_NRP2_PLXNA1,0.07825143996484471,0.07939661218696605,0.0,0.1397983070325965,0.017145874487200424,0.26275731089007565,0.10564828994733164,1.0,0.19982615354980313
SEMA3C_NRP2_PLXNA3,0.10468304987463788,0.10874491112055337,0.0,0.20608629307437215,0.04029240033802367,0.2937087333521302,0.015595041060803772,1.0,0.2622735394473827
SEMA3C_NRP2_PLXNA4,0.0,0.14461476206738924,0.01509862016216568,0.19100284768547116,0.10684973873858862,0.28156347018374767,0.05905295087290673,1.0,0.2134080426306314
SEMA3C_PLXND1,0.02665242575651014,0.10266368310911599,0.0,0.29355211901214034,0.39481885473561207,0.7828582973958553,0.2629734974546911,1.0,0.0121347832637722
SEMA3E_PLXND1,0.0,0.09746493263698562,0.020288637587984236,0.3802111979554993,1.0,0.9672790361335659,0.17630515121223206,0.5004473951428926,0.13892084898329835
SEMA3F_NRP2_PLXNA1,0.027235223326849144,0.3293828852549289,0.2316414600070287,0.6086698243767252,0.2807519722821228,0.6493119570818907,0.0,1.0,0.2991674772194022
SEMA3F_NRP2_PLXNA3,0.09199305895851195,0.4994549711292201,0.35597263398766116,0.8363573215299916,0.45060466607286553,0.845422027588294,0.0,1.0,0.4212375281439274
SEMA3F_NRP2_PLXNA4,0.0,0.45255094370353594,0.2855826930300341,0.7242535872787073,0.4007644082136841,0.7171746313075623,0.026822895709763553,1.0,0.34003139326867093
SEMA3G_NRP2_PLXNA1,0.11936299800863258,0.11454510521662592,0.0,0.2996343181845371,0.32734629921659386,0.9820438806859066,0.3693534902809633,1.0,0.3244668646976286
SEMA3G_NRP2_PLXNA3,0.13208836292291018,0.1324596293273723,0.0,0.3342438916832317,0.3707025030807381,1.0,0.304399602109643,0.8452056650154259,0.3534055205746202
SEMA3G_NRP2_PLXNA4,0.06875156325375457,0.14738341988946033,0.0,0.33313044960698657,0.3971480157045462,1.0,0.32591091119427607,0.9804724874212682,0.3273288860868111
SEMA4A_NRP1_PLXNA1,0.013159849710580752,0.09756793925674466,0.0,0.32884632626911653,0.08025074409587486,0.6139926779169708,0.05083649240041212,1.0,0.3026771475201514
SEMA4A_NRP1_PLXNA3,0.028996213625811014,0.1470090586647764,0.0,0.43366169765428,0.149968581283987,0.6917952059707643,0.03332013400697833,1.0,0.42852806422941264
SEMA4A_NRP1_PLXNA4,0.0,0.14421909538344801,0.09121341647048081,0.3950659674839925,0.20073431353064283,0.5741649097443822,0.04809825517436362,1.0,0.34816508985266725
SEMA4A_PLXNB2,0.33093947738039003,0.5808600219626309,0.49679674404954655,1.0,0.6931625439963447,0.7666366135516623,0.0,0.5522213983059515,0.7671054543598492
SEMA4A_PLXNB3,0.30925052353381394,0.21062813093394792,0.14586532905433108,0.5417374441108149,0.321725419060185,0.4765364684653838,0.0,1.0,0.7236116057396099
SEMA4C_PLXNB2,0.8225155660958343,0.627247709327615,0.3507675894217506,1.0,0.5645896685741781,0.7381251081780611,0.0,0.8324574852198855,0.5700456050611823
SEMA4G_PLXNB2,0.0,0.47666745711181,0.12447301739177204,1.0,0.30006018625582787,0.8151928595795388,0.031138005204002724,0.5026721748165686,0.6924430924120274
SEMA5A_PLXNA1,0.2749619994060618,0.540921155350728,0.34846998889366687,1.0,0.22295316180526895,0.6009759647029338,0.0,0.9936130794440028,0.4949686141737125
SEMA5A_PLXNA3,0.30179017351342213,0.587015029869351,0.3930811663801656,1.0,0.34120573054440984,0.4627906465853112,0.0,0.6821964708197092,0.5150397823431601
SEMA5A_PLXNB3,0.5511434055689042,0.5310528657293089,0.4680897156755128,1.0,0.37974781902475935,0.36584911806465376,0.0,0.6906860823210791,0.6562654664865177
SEMA5B_PLXNA1,0.17984332432670547,0.16765453095653132,0.0,0.4587763033440685,0.1915886762525109,0.5276553622875353,0.04423036451738602,1.0,0.3992019731612234
SEMA5B_PLXNA3,0.3507700575392582,0.35486130182837666,0.07941100803465297,0.7720476085392708,0.5236786453526909,0.5942095505991185,0.0,1.0,0.6699552443486603
SEMA6A_PLXNA4,0.0,0.248926735116985,0.15518336405342534,0.6470247125263536,0.3343053060171604,0.5484032504796386,0.1846314578070233,1.0,0.4416662926321779
SEMA6D_PLXNA1,0.05625334769072625,0.0684029602972783,0.0,0.2301315719169774,0.009360943687351408,0.40104990939678853,0.0972288068131876,1.0,0.2550982270686823
SEMA6D_PLXNA1_KDR,0.43042976054207516,0.29370383155929697,0.0,0.4922817832003524,0.5629678960457121,0.9321487175916346,0.46502506768866725,1.0,0.4793209618025079
SST_SSTR2,0.12305229956558773,0.25437798548056434,0.0,0.21662905069083555,0.07641194999693358,0.42484871733642027,0.1427703329131264,1.0,0.217856634158157
SST_SSTR4,0.05721156827974115,0.3794373416842829,0.0334346529611819,0.37337957294041046,0.0,0.4667003610188285,0.27066292979476303,1.0,0.24435753258956638
SST_SSTR5,0.03646581034588904,0.36392703671685356,0.04135885766910657,0.3644007859104963,0.0,0.5507517107449026,0.19895037390457518,1.0,0.1616900909743259
TAC1_TACR1,0.0,0.041288118534147746,0.02533489075175828,0.06452935819672119,0.06883081261043872,0.4304196410150151,0.2968187460105012,1.0,0.1161579129927431
TGFB2_ACVR1B_TGFBR2,0.3840069721586214,0.28882731920873755,0.0,0.6103476067151645,0.03592129448503927,0.3290547476217719,0.18234977519311946,0.7275096708021828,1.0
TGFB2_ACVR1C_TGFBR2,0.25116632790877286,0.5405792226343507,0.19616330326889866,0.7141160230617629,0.05929441343650184,0.10349273690421272,0.0,0.7909653390149337,1.0
TGFB2_TGFBR1_TGFBR2,0.48581646258107686,0.28925164264603664,0.0,0.6112215720816875,0.09035163274689802,0.32953532859311224,0.1826140001690403,0.7285474857874548,1.0
TGFB3_ACVR1B_TGFBR2,0.0,0.11072654796948626,0.23350831422116483,0.6662095204994589,0.015954275110529787,0.5555212292647168,0.0046731237853954955,1.0,0.8693701688810224
TGFB3_ACVR1C_TGFBR2,0.0,0.3020415505953329,0.4794006940771096,0.6373722998036417,0.23941711007487526,0.18805186004716698,0.019966742305361707,0.8631692976677687,1.0
TGFB3_TGFBR1_TGFBR2,0.055364321739591986,0.10656379151416862,0.22989828684340058,0.6646470219563037,0.05326574199011896,0.5534405904377,0.0,1.0,0.8672545621054424
THBS1_ITGA3_ITGB1,0.0,0.03586262555256185,0.020888386692054797,0.2576697974168928,0.26041236830446685,0.2257090381419479,0.0737524633826375,1.0,0.5905116766213607
THBS1_SDC4,0.3642737492322311,0.027184055140653734,0.0,0.3422949842972845,0.6769389825915949,0.41361578718491965,0.1735645932681563,1.0,0.2787874502910193
THBS2_ITGA3_ITGB1,0.04579560055034561,0.08956405365149316,0.0,0.1988297364771034,0.18946636414716755,0.28509812506412996,0.7581312296533708,1.0,0.14942940796889664
THBS2_SDC4,0.1345976120391114,0.09825312327160643,0.0,0.22812074194768595,0.2539842320378323,0.3838604779022132,0.8117955325434139,1.0,0.10883232663668878
THBS3_ITGA3_ITGB1,0.11865926557514603,0.16003181657224613,0.11705003099555644,0.3282631840736555,0.06822504312550974,0.16188839038915173,0.0,0.9457686848817402,1.0
THBS3_SDC4,0.3868939528234863,0.12818552682416362,0.10958684686335451,0.4069645836340716,0.37295862596457136,0.2621425447050286,0.0,1.0,0.6761584709339068
THY1_ITGAM_ITGB2,0.2513636879528618,0.209052382658406,0.0,0.4912366681507249,0.5569884995770084,1.0,0.19102910842520596,0.4552758074212858,0.17461804424303318
TNC_ITGA8_ITGB1,0.008925121180012615,0.051983815607706936,0.0,0.24495701598491937,0.38929153902244584,0.8031905972189024,0.2964535920263774,1.0,0.06646758253067646
TNC_ITGA9_ITGB1,0.0,0.31014360439534305,0.30610157094501717,0.7182682825179346,0.38136814837164923,0.6342627713072386,0.20773969349575813,1.0,0.40768737992236886
TNC_SDC4,0.24203423078869793,0.0087521179838266,0.0,0.2534867785673129,0.32921551636366614,0.2874764955309146,0.21156013021050124,1.0,0.2831112638789197
TNN_ITGA8_ITGB1,0.0346107692296439,0.14732241000737054,0.15304335433097432,0.42911602187039494,0.025014204042298517,1.0,0.9065795604151591,0.5584204787509461,0.0
TNN_ITGA9_ITGB1,0.10788805651893105,0.5273567742052132,0.43980032485960363,1.0,0.0,0.7339420320186434,0.0683098881806871,0.46061794605210177,0.04322106723012253
TNN_SDC4,0.3259937831450835,0.5476171649995895,0.39622717085213527,1.0,0.0,0.8526896402049845,0.1516241372872482,0.828035189019095,0.07964655083142114
TNR_ITGA8_ITGB1,0.012442759082732045,0.06858184181752591,0.0,0.2008464647072857,0.09593050980050949,1.0,0.23894867870713118,0.9590488207603457,0.04622351520261482
TNR_ITGA9_ITGB1,0.02271239739931605,0.3763609897173392,0.2077568572216617,0.6063741563538081,0.0,0.8726489820761091,0.15077555277307872,1.0,0.2262794001002649
TNR_SDC4,0.21026317690820964,0.1253912922068001,0.01831559821630739,0.25639545511910866,0.0,0.502753322441507,0.20068052080529036,1.0,0.15159655596605476
UCN_CRHR2,0.060411500894572395,0.20608665085551553,0.06629088979348373,0.3939279030974956,0.521843322986404,1.0,0.0,0.5155868537821492,0.057682595521034
UTS2B_SSTR5,0.0,0.48895739127146265,0.49300832637624153,0.719516097303405,0.08449251554516406,0.368926934627777,0.3626150129298312,1.0,0.37310815064902314
VEGFA_FLT1,0.9997999286984863,0.5914348780811811,0.13077963283527028,0.8988946864313918,0.634861901587184,1.0,0.0,0.9527018704797418,0.4636217372844287
VEGFA_FLT1_KDR,0.22981349464359935,0.4223774882202809,0.0,0.6924157350601194,0.7105348963806702,1.0,0.12694440293009207,0.9587281569872421,0.5570912843669815
VEGFA_KDR,1.0,0.37007400395069784,0.0,0.6338539870972343,0.9929051551151793,0.9469155053702447,0.3388268961781932,0.9092863258400558,0.547520047688321
VEGFC_FLT4,0.0,0.3104247897058478,0.24281050841228377,0.5582608736169292,0.412112213457888,0.8489853909385391,0.39699456364478936,1.0,0.16975871160256562
VEGFC_FLT4_KDR,0.0,0.3104247897058478,0.1652190582585407,0.5582608736169292,0.2295632196448181,0.8489853909385391,0.2836832973444514,1.0,0.11897825569630431
VEGFC_KDR,0.6872161749621617,0.2661515924641671,0.0,0.5423332573805633,0.335730983881751,1.0,0.544560006918947,0.9191342027023648,0.6113834808982638
VEGFD_FLT4,0.0,0.2902454855173212,0.21168259946181883,0.5784527722960637,0.8011622416431757,0.9582789640586683,0.47606380704497653,1.0,0.3133935174618284
VEGFD_FLT4_KDR,0.0,0.2902454855173212,0.14801155924091958,0.5784527722960637,0.5053540645430931,0.9582789640586683,0.36072023167247047,1.0,0.2150667875672775
VEGFD_KDR,0.22240016676234023,0.16750668862470477,0.0,0.4838769596999124,0.714149159653079,1.0,0.41687961424447173,0.8088481882631657,0.35872604515945233
VIP_VIPR1,0.0,0.2191830183529213,0.0903175285896603,0.3261293229044511,0.16352215438593806,0.6941276280374555,0.21447603623035447,1.0,0.27756120959006164
VIP_VIPR2,0.0,0.15416254915570154,0.12287864395170559,0.25704560903631235,0.0672250344683169,0.48440711685515303,0.3053015770429732,1.0,0.21007275819719012
VSIR_IGSF11,0.20516121935307796,7.236526169667472e-05,0.0,0.6068990130981038,0.10862863162762124,0.6911931621472118,0.4217139012488813,1.0,0.6805318004039094
WNT10B_FZD10_LRP5,0.3326849122587931,0.3061686306431085,0.5276718562851734,0.5392455714664082,0.0,0.4138240415400731,0.21278689789701483,1.0,0.5635328574221855
WNT10B_FZD10_LRP6,0.333677294209292,0.3061686306431085,0.5276863160156703,0.5392455714664082,0.0,0.4138240415400731,0.2128421443177542,1.0,0.5635328574221855
WNT10B_FZD2_LRP5,0.2018108276743208,0.3403112114848658,0.7915249319390651,0.6841605297000005,0.10945821479806618,0.4769098665435842,0.0,1.0,0.5869476334003829
WNT10B_FZD2_LRP6,0.0,0.22220016518530789,0.3025844794439576,0.581098784947873,0.01315541074442265,0.49932974241122285,0.11449661094486523,1.0,0.5036042671069215
WNT10B_FZD3_LRP5,0.2018892748659164,0.3403112114848658,0.6261522736243263,0.6841605297000005,0.04344278260045075,0.4769098665435842,0.0,1.0,0.5869476334003829
WNT10B_FZD3_LRP6,0.10301965196841859,0.2977203390790081,0.3682262794812413,0.5983983562277114,0.0,0.5627092036733892,0.17638125554464232,1.0,0.550884104091873
WNT10B_FZD4_LRP5,0.1505435524900465,0.07024935188295459,0.0,0.2078404499243824,0.16547798512949313,0.4821615439396131,0.30447740370639553,1.0,0.3158514528190332
WNT10B_FZD4_LRP6,0.1505435524900465,0.07024935188295459,0.0,0.2078404499243824,0.16547798512949313,0.4821615439396131,0.30447740370639553,1.0,0.3158514528190332
WNT10B_FZD5_LRP5,0.0,0.21274336298083565,1.0,0.3568571579318379,0.05549222775053897,0.26931560195125,0.3095375695534101,0.8143554210921744,0.330588933985897
WNT10B_FZD5_LRP6,0.0,0.23799592067199132,1.0,0.39921596923345,0.06207913444904532,0.30128326326914917,0.3462795633961592,0.9110191052800002,0.369829716920632
WNT10B_FZD6_LRP5,0.6398351359148287,0.36137000017330134,0.46194653392318363,0.6344356816662766,0.0,0.49823564236613044,0.16817102381740964,1.0,0.4943294269968751
WNT10B_FZD6_LRP6,0.5465676778642978,0.3606050401495893,0.4613116208913963,0.6339978035683219,0.0,0.4976346219395647,0.16793405640813872,1.0,0.5001830274484212
WNT10B_FZD7_LRP5,0.21531497622174905,0.2754411461679196,0.0,0.40319021704406266,0.02977358312801031,0.5769779282342243,0.47377509497957565,1.0,0.2722390672544609
WNT10B_FZD7_LRP6,0.21818078374246339,0.275428638501325,0.0,0.40317991464040537,0.03636168094167485,0.5909325973766605,0.5181270829655555,1.0,0.27573546711759966
WNT10B_FZD8_LRP5,0.09830221879180631,0.2975704686928951,0.7648073406610104,0.49156945931042706,0.017507203243814457,0.2887626322245522,0.0,1.0,0.7827002993081303
WNT10B_FZD8_LRP6,0.1081230680730146,0.3374230516424603,0.3998292508446592,0.5237848723711136,0.0,0.3339942805614307,0.04723137582996608,1.0,0.7845313971598339
WNT11_FZD10,0.0,0.025161790003836663,0.2814637038329292,0.36569027288410405,0.37530769453787205,0.4261375815895729,1.0,0.7747340333624689,0.577735590295705
WNT11_FZD2,0.0,0.023784459791371587,0.32458367601739063,0.4731064405606664,0.4491726912197986,0.5425912979545225,0.551019460172221,1.0,0.333096192929815
WNT11_FZD3,0.0,0.07392645743370291,0.10731153328324704,0.42043489922168165,0.20462247818586057,0.5934730199610186,0.5559000874823813,1.0,0.4069501168400164
WNT11_FZD4,0.01236611779550466,0.02277433746052836,0.0,0.16961823949577118,0.47084230028941876,0.6307298990126294,0.8633171200840266,1.0,0.07625310152309897
WNT11_FZD5,0.0,0.28404780945190267,0.37953630763130186,0.558851960808582,0.3418723674311313,0.6482120708578446,0.5605188632878322,1.0,0.09534743770198029
WNT11_FZD6,0.1509566848396233,0.0,0.0015580745944199239,0.5317686838441034,0.3112725366242213,0.6883977431058663,0.7081915659466503,1.0,0.08764253736605987
WNT11_FZD7,0.22411622769347297,0.12951346919217613,0.0,0.2950904952091982,0.3784354635219132,0.6222205763591079,1.0,0.7537056439324296,0.10015932088357246
WNT11_FZD8,0.0,0.19667509107398884,0.3310899272757686,0.5387936436597638,0.1880204816538025,0.5117577048486243,0.21853300751425928,1.0,0.5984360692104631
WNT2B_FZD10_LRP5,0.05594614596363228,0.0,0.07536205831384611,0.21530366750002403,0.30667806437326434,0.297742500907649,1.0,0.47406712683978364,0.3731757850860482
WNT2B_FZD10_LRP6,0.056042430539197524,0.0,0.07536156668400647,0.21528719164443524,0.30665459620126556,0.29771971651895485,1.0,0.47403084942002627,0.3731472282555227
WNT2B_FZD2_LRP5,0.0,0.04536964705773548,0.03898622514790231,0.6447353684501508,0.5959383464503203,0.8562646007063026,0.6415687505631078,1.0,0.2392972812227165
WNT2B_FZD2_LRP6,0.0,0.09528961072940154,0.09476915731812972,0.5317138760386487,0.7459893422930597,0.8420876203134667,1.0,0.9430344304716668,0.36788253240055185
WNT2B_FZD3_LRP5,0.0,0.04534526262216951,0.007888392036977223,0.6447262938093852,0.46111808066801924,0.8562609292259523,0.6415595950363849,1.0,0.2392778503441846
WNT2B_FZD3_LRP6,0.0,0.0889673094037419,0.08645833567064685,0.5275819350155684,0.2980477397324651,0.8683155605660782,1.0,0.9499125790518603,0.3661358806638232
WNT2B_FZD4_LRP5,0.07458936721011056,0.0426422984984767,0.0,0.14460481089686944,0.30258944388249326,0.501396408954006,1.0,0.7289136087183901,0.07874438332970025
WNT2B_FZD4_LRP6,0.07458936721011056,0.0426422984984767,0.0,0.14460481089686944,0.30258944388249326,0.501396408954006,1.0,0.7289136087183901,0.07874438332970025
WNT2B_FZD5_LRP5,0.0,0.21737780385080993,0.13162063348713307,0.5192473874614875,0.20814646176476959,0.6845841248020376,0.5541850268028382,1.0,0.03724918302304415
WNT2B_FZD5_LRP6,0.0,0.21737780385080993,0.11406452072238316,0.5192473874614875,0.20814646176476959,0.6845841248020376,0.5541850268028382,1.0,0.03724918302304415
WNT2B_FZD6_LRP5,0.340329598219566,0.11057032370159502,0.0,0.4846719864735383,0.333839908185943,0.6760299339325075,1.0,0.8246178511841796,0.2052389489971856
WNT2B_FZD6_LRP6,0.3167971064788669,0.11040306918712085,0.0,0.48396092323298895,0.3344164545194155,0.67504070533749,1.0,0.8234126294139593,0.20698339826167908
WNT2B_FZD7_LRP5,0.30612315865732714,0.1438349379146787,0.0,0.3119759421296551,0.3304279514365092,0.6767906513575772,1.0,0.7677434131966191,0.14070909359590483
WNT2B_FZD7_LRP6,0.29665019217399624,0.13798197081645397,0.0,0.29928397020792186,0.32067414044510867,0.6557232877177143,1.0,0.7365134531881723,0.13571892311407116
WNT2B_FZD8_LRP5,0.0,0.1364198728498133,0.11437762887983496,0.5054031663340293,0.06997362978555932,0.5563209553330803,0.27415655523442284,1.0,0.5121739333022466
WNT2B_FZD8_LRP6,0.0,0.1506757113986912,0.06734918059448618,0.5147295676136775,0.03485825915766721,0.564651179414963,0.27718775005364843,1.0,0.5466770758638927
WNT3A_FZD10_LRP5,0.0,0.30716554367658916,0.526413351328469,0.6554592254707913,0.07424145973977589,0.3671935149586275,1.0,0.5886240674551684,0.6267091939835209
WNT3A_FZD10_LRP6,0.0,0.3070739736280105,0.5263396246639822,0.6553741306059392,0.07414555936217695,0.3671030608996952,1.0,0.588537730047169,0.62662356462222
WNT3A_FZD2_LRP5,0.0,0.47863853139442153,0.7343072350068246,1.0,0.35296308579326646,0.5585106074638531,0.3718934775425476,0.6919865267700607,0.505967878025385
WNT3A_FZD2_LRP6,0.0,0.45309594274502246,0.5679182869066038,1.0,0.3108902931384477,0.684832369938354,0.7274446310246503,0.8285578787239165,0.5998523980975136
WNT3A_FZD3_LRP5,0.0,0.47860542656778177,0.6500476744076455,1.0,0.2961491087940926,0.5584825742648476,0.3718535947380265,0.6919669688754944,0.5059365085269903
WNT3A_FZD3_LRP6,0.0,0.4584489689763369,0.5726912091070622,1.0,0.19582601924290832,0.702728396726607,0.7281724420676114,0.8297175770755417,0.6029905008695459
WNT3A_FZD4_LRP5,0.0,0.10126579991997532,0.03947441916881751,0.3511169152937106,0.4326190864616292,0.6046414370468528,0.7072536772663114,1.0,0.206226731520489
WNT3A_FZD4_LRP6,0.0,0.10126579991997532,0.03947441916881751,0.3511169152937106,0.4326190864616292,0.6046414370468528,0.7072536772663114,1.0,0.206226731520489
WNT3A_FZD5_LRP5,0.0,0.6105582765305683,1.0,0.9939032051313674,0.3935618119212169,0.6433543538613702,0.34928220340290683,0.968616281527723,0.3815127212086523
WNT3A_FZD5_LRP6,0.0,0.6143035593188059,0.9308043987310566,1.0,0.39597599634382763,0.647300814143502,0.3514247681259274,0.9745579615066217,0.3838529941738406
WNT3A_FZD6_LRP5,0.0,0.35931198141384646,0.3976513531704153,1.0,0.03452135754207895,0.48299279183701577,0.5950822103605218,0.7214707920473746,0.3290868849440167
WNT3A_FZD6_LRP6,0.0,0.36354544854341314,0.40164598071288643,1.0,0.04166634054586488,0.48640901464439257,0.5995087154841975,0.7233112264121281,0.3362674218126994
WNT3A_FZD7_LRP5,0.024495388781499094,0.3415168708395389,0.0,0.7316431084232742,0.09577380350677454,0.6906756314423996,1.0,0.9066435280471994,0.15221481185128424
WNT3A_FZD7_LRP6,0.026260568395219872,0.33232199664623974,0.0,0.7119809431492843,0.10266862138008627,0.6840271762231758,1.0,0.8822860099489753,0.14943648170155924
WNT3A_FZD8_LRP5,0.0,0.5447332339786867,0.8368201797781488,1.0,0.23059528325546716,0.5038688151421639,0.20179941211044802,0.9221395460294428,0.8547468706348257
WNT3A_FZD8_LRP6,0.0,0.5444784232267104,0.5753077465727386,1.0,0.151691863289203,0.5089183604675455,0.19851703670142598,0.9232498742592844,0.8564126624905519
WNT4_FZD10_LRP5,0.0,0.16190593384525603,0.12486427238200623,0.4600553444818919,0.6697320025017955,0.4074202713356701,0.6004555091667478,1.0,0.8479194449101363
WNT4_FZD10_LRP6,0.0,0.1614937056101378,0.12445673601482196,0.45978976518549264,0.6695695555889456,0.4071288027457123,0.6003272452639704,1.0,0.8478446419717166
WNT4_FZD2_LRP5,0.0,0.27913314243742393,0.508221850579547,0.5621115585405161,1.0,0.4779989034927451,0.22087560909079473,0.7875332799377969,0.5847427457200336
WNT4_FZD2_LRP6,0.0,0.30389697722928694,0.21137947146325983,0.5863197903431508,1.0,0.6319959381273768,0.43521787176625676,0.9871537879056917,0.6954673151279716
WNT4_FZD3_LRP5,0.0,0.326208021167425,0.43615803699929817,0.6569493534601788,1.0,0.5586396237773126,0.25811740683543277,0.9204192021128793,0.6834003778958849
WNT4_FZD3_LRP6,0.0,0.305599710532684,0.20008152445908287,0.5801746062093326,0.6150628561738071,0.6525810882320155,0.41238146342449067,1.0,0.7014243418997759
WNT4_FZD4_LRP5,0.056935048394267565,0.1003132105603934,0.0,0.19754308368927873,0.6512056893252508,0.5114731679093526,0.36230169819190056,1.0,0.3206088452928858
WNT4_FZD4_LRP6,0.056935048394267565,0.1003132105603934,0.0,0.19754308368927873,0.6512056893252508,0.5114731679093526,0.36230169819190056,1.0,0.3206088452928858
WNT4_FZD5_LRP5,0.0,0.3238936394984316,1.0,0.462754442021693,0.7733073767220094,0.4298517546442753,0.5053398085887572,0.8200911046389686,0.415301050412012
WNT4_FZD5_LRP6,0.0,0.35645668240771056,1.0,0.5092780254281057,0.8510527789758339,0.4730674261615857,0.5561447638707587,0.9025399661579242,0.45705384909548374
WNT4_FZD6_LRP5,0.0,0.09649870781279325,0.04199126125667546,0.47409042375761107,0.5228421482815394,0.4276677635715044,0.17893579325895365,1.0,0.43808007237036856
WNT4_FZD6_LRP6,0.0,0.11703160439102515,0.06376988001641837,0.48604220183680535,0.5370743396611961,0.4406745392347975,0.1986316005604866,1.0,0.47311649269549083
WNT4_FZD7_LRP5,0.27588147539669283,0.32852169199506626,0.0,0.4296954161046456,0.7099136790396343,0.6642381900599812,0.8214251952069219,1.0,0.420882626197521
WNT4_FZD7_LRP6,0.27979493416016055,0.32851585132146277,0.0,0.429690455463491,0.7319498831919595,0.6718071006534826,0.898925272239789,1.0,0.42544445770461836
WNT4_FZD8_LRP5,0.0,0.3410637710274428,0.7158100978391667,0.5539585223588896,0.7020044810739895,0.4122992760972379,0.23764717653636835,1.0,0.9595050046337538
WNT4_FZD8_LRP6,0.0,0.34691606403724223,0.3250986403618435,0.5601229662387736,0.5194429086795576,0.4205319883467898,0.22733128642260453,1.0,0.9890498463388574
WNT7A_FZD10_LRP5,0.2413149687164645,0.0,0.15570918340583628,0.38362086948738505,0.09024644940288337,0.1099613587148703,0.23573718461248558,1.0,0.7917927373126361
WNT7A_FZD10_LRP6,0.24154024688813278,0.0,0.15571817152626893,0.38362086948738505,0.09024644940288337,0.1099613587148703,0.23578380049594216,1.0,0.7917927373126361
WNT7A_FZD2_LRP5,0.22776202573895915,0.21295485758205976,0.6068416483243628,0.6542147102335645,0.8608007965031215,0.3117578043462571,0.0,1.0,0.8749870080252359
WNT7A_FZD2_LRP6,0.0,0.12657981158173176,0.161614326056149,0.5244216340964672,0.5609039118202952,0.3662478160964645,0.11875976447478051,1.0,0.7486384664465688
WNT7A_FZD3_LRP5,0.2278105641174207,0.21295485758205976,0.4306186484823922,0.6542147102335645,0.7145324544437164,0.3117578043462571,0.0,1.0,0.8749870080252359
WNT7A_FZD3_LRP6,0.0,0.12233154487096515,0.1510846016267062,0.5136854165631878,0.3246678045631518,0.3739330893933043,0.10242111709484529,1.0,0.7528856743110587
WNT7A_FZD4_LRP5,0.09478490228765736,0.03325465029383638,0.0,0.15358953934138156,0.5689371027582358,0.37227786254266826,0.331913626993827,1.0,0.3951549228617813
WNT7A_FZD4_LRP6,0.09478490228765736,0.03325465029383638,0.0,0.15358953934138156,0.5689371027582358,0.37227786254266826,0.331913626993827,1.0,0.3951549228617813
WNT7A_FZD5_LRP5,0.0,0.17852620558753377,1.0,0.38657307768746435,0.6356764580418391,0.19761202727910812,0.4781273393121735,0.9075446970809463,0.5177080575463799
WNT7A_FZD5_LRP6,0.0,0.19671340283486946,0.973420556388496,0.42595486363465007,0.7004354276835595,0.21774357551172221,0.5268361336362125,1.0,0.5704491020789956
WNT7A_FZD6_LRP5,0.6536886746732784,0.012003772528240347,0.08705967120152266,0.4538115747990866,0.22037197021391142,0.14455270397863818,0.0,1.0,0.5876030402103029
WNT7A_FZD6_LRP6,0.5070351013946879,0.011238351693590356,0.08635844784419044,0.45338843148267616,0.22112013040386141,0.14388997150546337,0.0,1.0,0.5942070781659148
WNT7A_FZD7_LRP5,0.42733249278060487,0.2867453018057683,0.0,0.4246327761371511,0.4730304555458341,0.4939555546551313,0.6544384775620579,1.0,0.43930364255613885
WNT7A_FZD7_LRP6,0.4303497972558603,0.28674485525824644,0.0,0.4246324159168699,0.4799349403421448,0.4997256411805716,0.6621587993647887,1.0,0.4416311876886055
WNT7A_FZD8_LRP5,0.08410702574267151,0.18418009201785593,0.5511346133416968,0.42419821236607297,0.40214286088550943,0.14414497418944314,0.0,0.8995608369101693,1.0
WNT7A_FZD8_LRP6,0.05586108802430332,0.20433712653196906,0.1983679279614975,0.4522962564451907,0.24653159328640054,0.16853268545784317,0.0,0.9344252227167489,1.0
WNT7B_FZD10_LRP5,0.44064638020852853,0.033955549629716544,0.3101653162464607,0.566157114520319,0.0,0.2015070311424402,0.06146195997923095,1.0,0.9113447772644419
WNT7B_FZD10_LRP6,0.4408403526227881,0.033955549629716544,0.310178624066016,0.566157114520319,0.0,0.2015070311424402,0.061516452692884936,1.0,0.9113447772644419
WNT7B_FZD2_LRP5,0.5073707482915832,0.4129209211147366,0.8336023699860637,0.8902939782594165,1.0,0.538373526852324,0.0,0.9635314929821177,0.9432286828650644
WNT7B_FZD2_LRP6,0.12051479384521788,0.20570115210290152,0.287227887502103,0.7384078597084978,0.6481446059274817,0.5299865032619074,0.0,1.0,0.8390435213285757
WNT7B_FZD3_LRP5,0.526626288657233,0.42854948086517813,0.685776406365557,0.9239905335153789,0.8882083050614984,0.5587503166980715,0.0,1.0,0.9789287529624835
WNT7B_FZD3_LRP6,0.1441448740771232,0.2201193561487211,0.2940047690707917,0.7355744305252508,0.4157649801589016,0.5545805041780787,0.0,1.0,0.8495559124617973
WNT7B_FZD4_LRP5,0.17280350551019072,0.06363565573313083,0.0,0.21967540815834066,0.6630419063210661,0.47653880875947996,0.32152630115295594,1.0,0.43307504837418215
WNT7B_FZD4_LRP6,0.17280350551019072,0.06363565573313083,0.0,0.21967540815834066,0.6630419063210661,0.47653880875947996,0.32152630115295594,1.0,0.43307504837418215
WNT7B_FZD5_LRP5,0.0,0.15083651230095574,1.0,0.395787957358433,0.6526867570529726,0.18931901592561212,0.16706934606180884,0.7296683073487835,0.41184584448044137
WNT7B_FZD5_LRP6,0.0,0.17177683316221015,1.0,0.4507343804338328,0.7432979088628932,0.2156017831292803,0.1902632376418123,0.8309666484804427,0.4690215507947545
WNT7B_FZD6_LRP5,1.0,0.2369626488436435,0.3188227576571579,0.699268232601784,0.359724782724395,0.3894091303751199,0.0,0.915055186573161,0.665279449423579
WNT7B_FZD6_LRP6,0.927244622101735,0.2585375703480909,0.34805435389663114,0.7640470728161545,0.3938782175959141,0.4252306576465991,0.0,1.0,0.7315315516622023
WNT7B_FZD7_LRP5,0.5814681532950141,0.32904472797130196,0.0,0.5227760042332176,0.5183385195167313,0.6081318779617135,0.5075090698373022,1.0,0.43787904298303737
WNT7B_FZD7_LRP6,0.585326875337779,0.32904205580223245,0.0,0.5227741036248553,0.527715555575583,0.6153898530033992,0.5185262834763732,1.0,0.4393945622958288
WNT7B_FZD8_LRP5,0.26641675477903454,0.3196932850247406,0.6919352658586118,0.5745677385709271,0.5291608838373024,0.29609827890127494,0.0,0.8367235063096826,1.0
WNT7B_FZD8_LRP6,0.23299875549992474,0.33824488387165846,0.3554854699743764,0.6041894912886147,0.37097935570731844,0.31902434365835713,0.0,0.8730390236583948,1.0
WNT8B_FZD10_LRP5,0.0,0.11008589637632477,0.28520874002992375,0.3585766962744641,0.33519303885602236,0.38881109587663254,0.8683921280100888,0.720822487862199,1.0
WNT8B_FZD10_LRP6,0.0,0.11002359670275927,0.28516637592527794,0.3585317925446808,0.3351464981208045,0.38876830874801105,0.868448152693513,0.7208029436524801,1.0
WNT8B_FZD2_LRP5,0.0,0.2271813991243553,0.33360704325104656,0.6607245798754577,0.5707418118852507,0.7005181379170116,0.41362839392123507,1.0,0.7670916684521353
WNT8B_FZD2_LRP6,0.0,0.2045705690605132,0.28682548027208493,0.5686199360089923,0.6036074284656169,0.7233737158594933,0.6545414363254627,1.0,0.8114900168621954
WNT8B_FZD3_LRP5,0.0,0.2271780511473886,0.3078370274673074,0.6607231100786767,0.4912451570152504,0.7005168405124524,0.41362585366323806,1.0,0.7670906594550324
WNT8B_FZD3_LRP6,0.0,0.2033022266254159,0.285445377222573,0.5624991062478293,0.3348015819840488,0.7368926100717168,0.6462802137786353,1.0,0.816098367575697
WNT8B_FZD4_LRP5,0.03612260474131194,0.03645766503327643,0.0,0.15758265335878646,0.40894001202530533,0.5106176921823087,1.0,0.9306415114080936,0.17661267572504044
WNT8B_FZD4_LRP6,0.03612260474131194,0.03645766503327643,0.0,0.15758265335878646,0.40894001202530533,0.5106176921823087,1.0,0.9306415114080936,0.17661267572504044
WNT8B_FZD5_LRP5,0.0,0.2574455762168058,0.24768866495967956,0.5179393741113492,0.2479209777856707,0.5788280493989179,0.44831021388259956,1.0,0.23663336463682946
WNT8B_FZD5_LRP6,0.0,0.2574455762168058,0.23038617238204603,0.5179393741113492,0.2479209777856707,0.5788280493989179,0.44831021388259956,1.0,0.23663336463682946
WNT8B_FZD6_LRP5,0.0,0.03787764218398251,0.004630191373270826,0.4862015443149964,0.2943153148850084,0.5871787470930369,0.7263233551033746,1.0,0.5813640597463428
WNT8B_FZD6_LRP6,0.0,0.05271251527908776,0.01998785359316395,0.49412375381842183,0.30678647619176275,0.5935439987141912,0.7317601813388596,1.0,0.5931101104645846
WNT8B_FZD7_LRP5,0.08315968448950273,0.1304520404441349,0.0,0.3410793641551021,0.3352171338720595,0.6881852236362243,0.8447915703918314,1.0,0.37460676440185486
WNT8B_FZD7_LRP6,0.08533663683297632,0.13045023396549024,0.0,0.3410779952529685,0.34125607729810153,0.6951779661009552,0.8827537970541435,1.0,0.3768920195068427
WNT8B_FZD8_LRP5,0.0,0.22788778991726663,0.2946375468244926,0.5262637116454408,0.18665204650256856,0.490841848122739,0.21661544472572236,1.0,0.9471568500519483
WNT8B_FZD8_LRP6,0.0,0.23501569599398192,0.24299508051237279,0.5315591393035424,0.14722265333753462,0.4965568493754158,0.21956772803262284,1.0,0.9872474219554257
WNT9A_FZD10_LRP5,0.10272711894176124,0.14110154613213566,0.072626929625336,0.3849897405863466,0.0,0.33688888014233404,0.5980004103785269,1.0,0.5494645902800912
WNT9A_FZD10_LRP6,0.1037978326673182,0.14110154613213566,0.0726440401203007,0.3849897405863466,0.0,0.33688888014233404,0.5980482911547286,1.0,0.5494645902800912
WNT9A_FZD2_LRP5,0.06820545531222519,0.16814019614687067,0.0,0.4977800119744301,0.03975775857085157,0.42405346312993963,0.40428168213425913,1.0,0.2751430806842207
WNT9A_FZD2_LRP6,0.044475667962999545,0.13792438878515573,0.0,0.435220013174333,0.05510288877746367,0.43549357352649554,0.4618364689681239,1.0,0.3456494852679788
WNT9A_FZD3_LRP5,0.07664779690500753,0.17560385613280854,0.0,0.5022860588003523,0.013269357592460802,0.42922100350316755,0.40962662000882655,1.0,0.28164668328548614
WNT9A_FZD3_LRP6,0.09501386149051293,0.1731497234808608,0.039280490310835504,0.43891205331588967,0.0,0.47018787527302136,0.46286856374754276,1.0,0.37001759563778963
WNT9A_FZD4_LRP5,0.15791849819787565,0.05967493055654619,0.0,0.18237428845016204,0.07145627704552812,0.40640329037720185,0.5725172723416455,1.0,0.12583078179297533
WNT9A_FZD4_LRP6,0.15791849819787565,0.05967493055654619,0.0,0.18237428845016204,0.07145627704552812,0.40640329037720185,0.5725172723416455,1.0,0.12583078179297533
WNT9A_FZD5_LRP5,0.013196874121319715,0.18243653031707455,0.0,0.3888712073778184,0.07111849651590577,0.371346498494896,0.7460517416013447,1.0,0.08686962695345163
WNT9A_FZD5_LRP6,0.019635181164017013,0.18777064864997367,0.0,0.39285846147780007,0.07717889921313856,0.3754480909605184,0.7477086038645979,1.0,0.09282726283593988
WNT9A_FZD6_LRP5,0.32391596065215067,0.21078459221172466,0.03089567186349095,0.47866802235615513,0.0,0.4393965718057192,0.5362332298393427,1.0,0.2841595392751363
WNT9A_FZD6_LRP6,0.3173262593217759,0.21061057094699284,0.030685070975374817,0.47855306913907464,0.0,0.439272959270251,0.5364943442253239,1.0,0.2924125892759809
WNT9A_FZD7_LRP5,0.1661406814717772,0.19823247918140713,0.0,0.355415129606776,0.07119540319336033,0.5112384633608086,0.8305003610805001,1.0,0.23537195271934838
WNT9A_FZD7_LRP6,0.16814915902138694,0.19820720711892892,0.0,0.3553948120100985,0.07836188509619012,0.5204111794877225,0.9208956961888306,1.0,0.24009128228501753
WNT9A_FZD8_LRP5,0.018193486182051386,0.15802713846973715,0.007140722872065054,0.38385258357250257,0.0,0.28989288389000456,0.3289324480109305,1.0,0.3938799412073626
WNT9A_FZD8_LRP6,0.03890641155589057,0.18692253065195466,0.02168792009334724,0.4060689912486877,0.0,0.3155575305185063,0.334670983397761,1.0,0.48166640208315703
