s12_layout_index,time,source,row_index_within_panel,source_id,celltype,x,y,nearest_neighbor_distance,panel_nn_median,panel_nn_mad,robust_nn_z,finite_coordinates,source_id_matches_panel,canonical_palette_label,malformed_or_wrong_source,legacy_46189_roster_extra,objective_display_isolation_flag,computation_excluded,flag_z_gt_15,flag_z_gt_20,flag_z_gt_30,flag_z_gt_50,flag_z_gt_100
0,0.0,Observed,4548,Injury_2DPI_rep1_SS200000147BL_D5|CELL.5135,VLMC,-0.36689725518226624,-0.6023349761962891,0.05307299625744663,0.006643751136562626,0.0026948192270965883,11.620852519020422,True,True,True,False,False,False,False,False,False,False,False,False
0,0.0,Observed,379,Injury_2DPI_rep1_SS200000147BL_D5|CELL.494,VLMC,0.7721443176269531,0.06060433387756348,0.046770119236628285,0.006643751136562626,0.0026948192270965883,10.043295009443186,True,True,True,False,False,False,False,False,False,False,False,False
0,0.0,Observed,3985,Injury_2DPI_rep1_SS200000147BL_D5|CELL.4506,MSN,-0.13214999437332153,0.5129860639572144,0.041708441687186286,0.006643751136562626,0.0026948192270965883,8.776399367531397,True,True,True,False,False,False,False,False,False,False,False,False
0,0.0,Observed,3530,Injury_2DPI_rep1_SS200000147BL_D5|CELL.3868,sstIN,0.10191099345684052,0.026185430586338043,0.04109534290024972,0.006643751136562626,0.0026948192270965883,8.622945858562426,True,True,True,False,False,False,False,False,False,False,False,False
0,0.0,Observed,3803,Injury_2DPI_rep1_SS200000147BL_D5|CELL.4269,nptxEX,-0.17342571914196014,-0.5054993629455566,0.039180373905284366,0.006643751136562626,0.0026948192270965883,8.143645102949247,True,True,True,False,False,False,False,False,False,False,False,False
0,0.0,Observed,3693,Injury_2DPI_rep1_SS200000147BL_D5|CELL.4097,VLMC,-0.03620444983243942,-0.11403626203536987,0.03828247450987944,0.006643751136562626,0.0026948192270965883,7.918908378848927,True,True,True,False,False,False,False,False,False,False,False,False
0,0.0,Observed,4436,Injury_2DPI_rep1_SS200000147BL_D5|CELL.5012,VLMC,-0.22469983994960785,0.6268428564071655,0.035890179237465826,0.006643751136562626,0.0026948192270965883,7.320136840128311,True,True,True,False,False,False,False,False,False,False,False,False
0,0.0,Observed,68,Injury_2DPI_rep1_SS200000147BL_D5|CELL.88,VLMC,0.9096301794052124,0.1436278522014618,0.035112610166338,0.006643751136562626,0.0026948192270965883,7.125517791823695,True,True,True,False,False,False,False,False,False,False,False,False
0,0.0,Observed,3534,Injury_2DPI_rep1_SS200000147BL_D5|CELL.3876,Oligo,0.11901483684778214,0.24799884855747223,0.03458929504913079,0.006643751136562626,0.0026948192270965883,6.99453638598336,True,True,True,False,False,False,False,False,False,False,False,False
0,0.0,Observed,7613,Injury_2DPI_rep1_SS200000147BL_D5|CELL.8355,VLMC,-0.8431480526924133,0.1343322992324829,0.03395135011004438,0.006643751136562626,0.0026948192270965883,6.834864092516671,True,True,True,False,False,False,False,False,False,False,False,False
1,0.0,Generated,4548,generated:0.0:4548,VLMC,82.220971,-184.149363,6.0185393811763035,0.7534086961756187,0.3055957634280332,11.620848255986878,True,True,True,False,False,False,False,False,False,False,False,False
1,0.0,Generated,379,generated:0.0:379,obNBL,211.389602,-108.971279,5.303786160946151,0.7534086961756187,0.3055957634280332,10.043292216127348,True,True,True,False,False,False,False,False,False,False,False,False
1,0.0,Generated,3985,generated:0.0:3985,CMPN,108.841582,-57.670669,4.729784952095078,0.7534086961756187,0.3055957634280332,8.776394707616506,True,True,True,False,False,False,False,False,False,False,False,False
1,0.0,Generated,3530,generated:0.0:3530,sstIN,135.384368,-112.874423,4.660259081022222,0.7534086961756187,0.3055957634280332,8.622941802847274,True,True,True,False,False,False,False,False,False,False,False,False
1,0.0,Generated,3803,generated:0.0:3803,sstIN,104.160867,-173.168092,4.4430991811892895,0.7534086961756187,0.3055957634280332,8.143640833085403,True,True,True,False,False,False,False,False,False,False,False,False
1,0.0,Generated,3693,generated:0.0:3693,VLMC,119.721918,-128.775725,4.341276527924483,0.7534086961756187,0.3055957634280332,7.918904606502619,True,True,True,False,False,False,False,False,False,False,False,False
1,0.0,Generated,4436,generated:0.0:4436,VLMC,98.346323,-44.759177,4.069987765204825,0.7534086961756187,0.3055957634280332,7.320133990209897,True,True,True,False,False,False,False,False,False,False,False,False
1,0.0,Generated,68,generated:0.0:68,VLMC,226.980657,-99.556316,3.9818104818235827,0.7534086961756187,0.3055957634280332,7.125514921642858,True,True,True,False,False,False,False,False,False,False,False,False
1,0.0,Generated,3534,generated:0.0:3534,CMPN,137.323964,-87.720525,3.922466371226779,0.7534086961756187,0.3055957634280332,6.994534525259427,True,True,True,False,False,False,False,False,False,False,False,False
1,0.0,Generated,7613,generated:0.0:7613,VLMC,28.213581,-100.610443,3.850121828971648,0.7534086961756187,0.3055957634280332,6.8348604358601435,True,True,True,False,False,False,False,False,False,False,False,False
2,0.5,Generated,5049,generated:0.5:5049,VLMC,21.40292,-150.883426,8.086366548927453,0.657873065042144,0.32265980698149305,15.528584916063396,True,True,True,False,False,False,False,True,False,False,False,False
2,0.5,Generated,3009,generated:0.5:3009,VLMC,107.738737,-168.294444,5.6876691776784005,0.657873065042144,0.32265980698149305,10.514327866746177,True,True,True,False,False,False,False,False,False,False,False,False
2,0.5,Generated,3003,generated:0.5:3003,VLMC,113.523038,-163.35534,5.509684181927306,0.657873065042144,0.32265980698149305,10.142266542831482,True,True,True,False,False,False,False,False,False,False,False,False
2,0.5,Generated,2895,generated:0.5:2895,VLMC,135.956626,-47.267913,5.371007468294284,0.657873065042144,0.32265980698149305,9.852375580659608,True,True,True,False,False,False,False,False,False,False,False,False
2,0.5,Generated,5030,generated:0.5:5030,VLMC,41.121493,-52.074768,5.212691331516283,0.657873065042144,0.32265980698149305,9.521430204066984,True,True,True,False,False,False,False,False,False,False,False,False
2,0.5,Generated,5114,generated:0.5:5114,VLMC,21.80151,-73.041607,5.16364933261313,0.657873065042144,0.32265980698149305,9.418912399336707,True,True,True,False,False,False,False,False,False,False,False,False
2,0.5,Generated,3328,generated:0.5:3328,VLMC,91.456527,-186.390859,4.963527352691541,0.657873065042144,0.32265980698149305,9.00057573854209,True,True,True,False,False,False,False,False,False,False,False,False
2,0.5,Generated,2852,generated:0.5:2852,VLMC,125.35805,-149.085714,4.765991204528176,0.657873065042144,0.32265980698149305,8.587644522084656,True,True,True,False,False,False,False,False,False,False,False,False
2,0.5,Generated,6055,generated:0.5:6055,VLMC,103.542233,-180.58742,4.762846375284531,0.657873065042144,0.32265980698149305,8.58107054472809,True,True,True,False,False,False,False,False,False,False,False,False
2,0.5,Generated,4525,generated:0.5:4525,VLMC,78.487168,-31.951711,4.73761786800793,0.657873065042144,0.32265980698149305,8.528332662087406,True,True,True,False,False,False,False,False,False,False,False,False
3,1.0,Observed,8014,Injury_5DPI_rep1_SS200000147BL_D2|CELL.8892,VLMC,-0.4557262361049652,-0.6113216876983643,0.05302849491596236,0.006662580606693208,0.002749121266460585,11.37577346544238,True,True,True,False,False,False,False,False,False,False,False,False
3,1.0,Observed,59,Injury_5DPI_rep1_SS200000147BL_D2|CELL.90,VLMC,-0.7118325233459473,0.6880919337272644,0.048083331934018224,0.006662580606693208,0.002749121266460585,10.162488778397142,True,True,True,False,False,False,False,False,False,False,False,False
3,1.0,Observed,7890,Injury_5DPI_rep1_SS200000147BL_D2|CELL.8744,sstIN,-0.11914832144975662,-0.5968682765960693,0.04776225705920068,0.006662580606693208,0.002749121266460585,10.083713775341945,True,True,True,False,False,False,False,False,False,False,False,False
3,1.0,Observed,424,Injury_5DPI_rep1_SS200000147BL_D2|CELL.528,VLMC,-0.14693833887577057,0.5506129860877991,0.04357480030089677,0.006662580606693208,0.002749121266460585,9.056330617079109,True,True,True,False,False,False,False,False,False,False,False,False
3,1.0,Observed,71,Injury_5DPI_rep1_SS200000147BL_D2|CELL.107,VLMC,-0.6734901666641235,0.6590769290924072,0.043525082624004355,0.006662580606693208,0.002749121266460585,9.044132496153816,True,True,True,False,False,False,False,False,False,False,False,False
3,1.0,Observed,263,Injury_5DPI_rep1_SS200000147BL_D2|CELL.345,VLMC,-0.7496803402900696,0.5949256420135498,0.040263595651296065,0.006662580606693208,0.002749121266460585,8.24393395559352,True,True,True,False,False,False,False,False,False,False,False,False
3,1.0,Observed,3010,Injury_5DPI_rep1_SS200000147BL_D2|CELL.3324,VLMC,-0.9104502201080322,0.2205277532339096,0.03998222329046053,0.006662580606693208,0.002749121266460585,8.174899875623659,True,True,True,False,False,False,False,False,False,False,False,False
3,1.0,Observed,7856,Injury_5DPI_rep1_SS200000147BL_D2|CELL.8703,MCG,0.18077462911605835,-0.5635035634040833,0.03976909712604438,0.006662580606693208,0.002749121266460585,8.122609847440778,True,True,True,False,False,False,False,False,False,False,False,False
3,1.0,Observed,4799,Injury_5DPI_rep1_SS200000147BL_D2|CELL.5363,mpEX,-0.036456890404224396,-0.06449972838163376,0.03903024134812614,0.006662580606693208,0.002749121266460585,7.941333233392625,True,True,True,False,False,False,False,False,False,False,False,False
3,1.0,Observed,43,Injury_5DPI_rep1_SS200000147BL_D2|CELL.68,VLMC,-0.6296891570091248,0.6812098026275635,0.038189127421013866,0.006662580606693208,0.002749121266460585,7.734967810948126,True,True,True,False,False,False,False,False,False,False,False,False
4,1.0,Generated,5295,generated:1.0:5295,VLMC,43.510475,-45.478079,9.421848460348,0.6994609851971687,0.3209989012310263,18.32769436282103,True,True,True,False,False,False,False,True,False,False,False,False
4,1.0,Generated,5315,generated:1.0:5315,VLMC,22.957014,-151.548675,8.791030529364916,0.6994609851971687,0.3209989012310263,17.00220426385645,True,True,True,False,False,False,False,True,False,False,False,False
4,1.0,Generated,73,generated:1.0:73,VLMC,224.253471,-88.106688,6.547502830124609,0.6994609851971687,0.3209989012310263,12.288048869666241,True,True,True,False,False,False,False,False,False,False,False,False
4,1.0,Generated,693,generated:1.0:693,WSN,178.681333,-197.62389,6.400448832949844,0.6994609851971687,0.3209989012310263,11.979055406267777,True,True,True,False,False,False,False,False,False,False,False,False
4,1.0,Generated,31,generated:1.0:31,VLMC,227.005735,-148.131217,6.139456755071575,0.6994609851971687,0.3209989012310263,11.430652454885733,True,True,True,False,False,False,False,False,False,False,False,False
4,1.0,Generated,3603,generated:1.0:3603,VLMC,102.064882,-30.666019,5.832921502933676,0.6994609851971687,0.3209989012310263,10.786553069411395,True,True,True,False,False,False,False,False,False,False,False,False
4,1.0,Generated,5383,generated:1.0:5383,VLMC,22.981705,-71.531655,5.578445823357612,0.6994609851971687,0.3209989012310263,10.251842533869564,True,True,True,False,False,False,False,False,False,False,False,False
4,1.0,Generated,6285,generated:1.0:6285,VLMC,64.681121,-177.509615,5.097223722673543,0.6994609851971687,0.3209989012310263,9.240686860368623,True,True,True,False,False,False,False,False,False,False,False,False
4,1.0,Generated,147,generated:1.0:147,VLMC,216.308918,-83.372936,4.784939853255941,0.6994609851971687,0.3209989012310263,8.58450833935813,True,True,True,False,False,False,False,False,False,False,False,False
4,1.0,Generated,261,generated:1.0:261,VLMC,209.250055,-74.364515,4.753436508960754,0.6994609851971687,0.3209989012310263,8.518312740126404,True,True,True,False,False,False,False,False,False,False,False,False
5,1.5,Generated,2290,generated:1.5:2290,MCG,161.00181,-199.00674,6.720675476737807,0.5704168003845856,0.35178525394630944,11.792116352393013,True,True,True,False,False,False,False,False,False,False,False,False
5,1.5,Generated,3515,generated:1.5:3515,VLMC,104.385437,-188.67979,5.8193527009485235,0.5704168003845856,0.35178525394630944,10.063977163055497,True,True,True,False,False,False,False,False,False,False,False,False
5,1.5,Generated,2908,generated:1.5:2908,VLMC,150.568863,-42.077433,5.752028447017974,0.5704168003845856,0.35178525394630944,9.934893903722113,True,True,True,False,False,False,False,False,False,False,False,False
5,1.5,Generated,5621,generated:1.5:5621,VLMC,43.552418,-169.192497,5.715687812697972,0.5704168003845856,0.35178525394630944,9.865216673743337,True,True,True,False,False,False,False,False,False,False,False,False
5,1.5,Generated,3782,generated:1.5:3782,VLMC,104.236782,-47.389077,5.154701805975682,0.5704168003845856,0.35178525394630944,8.789617644263808,True,True,True,False,False,False,False,False,False,False,False,False
5,1.5,Generated,5770,generated:1.5:5770,VLMC,26.481855,-157.49827,4.906131082534583,0.5704168003845856,0.35178525394630944,8.3130238866897,True,True,True,False,False,False,False,False,False,False,False,False
5,1.5,Generated,3772,generated:1.5:3772,VLMC,107.181055,-43.157977,4.901390639866717,0.5704168003845856,0.35178525394630944,8.303934862236753,True,True,True,False,False,False,False,False,False,False,False,False
5,1.5,Generated,4745,generated:1.5:4745,VLMC,82.64339,-40.014936,4.89717728841932,0.5704168003845856,0.35178525394630944,8.295856449097439,True,True,True,False,False,False,False,False,False,False,False,False
5,1.5,Generated,5849,generated:1.5:5849,VLMC,31.777443,-67.878901,4.878046093575786,0.5704168003845856,0.35178525394630944,8.259175508111552,True,True,True,False,False,False,False,False,False,False,False,False
5,1.5,Generated,5845,generated:1.5:5845,VLMC,24.642088,-74.881739,4.847914103410868,0.5704168003845856,0.35178525394630944,8.201402339103227,True,True,True,False,False,False,False,False,False,False,False,False
6,2.0,Observed,2531,Injury_10DPI_rep1_SS200000147BL_B5|CELL.25378,MSN,-0.5277440547943115,-0.2596043646335602,0.05637353614873438,0.006660336396218972,0.0027021975979943528,12.408823796591903,True,True,True,False,False,False,False,False,False,False,False,False
6,2.0,Observed,2668,Injury_10DPI_rep1_SS200000147BL_B5|CELL.25883,MSN,-0.4735869765281677,-0.23051117360591888,0.04957979435011219,0.006660336396218972,0.0027021975979943528,10.713049931334346,True,True,True,False,False,False,False,False,False,False,False,False
6,2.0,Observed,4598,Injury_10DPI_rep1_SS200000147BL_B5|CELL.32690,VLMC,0.007106073200702667,0.5840545296669006,0.04607657012683569,0.006660336396218972,0.0027021975979943528,9.838616333758663,True,True,True,False,False,False,False,False,False,False,False,False
6,2.0,Observed,6671,Injury_10DPI_rep1_SS200000147BL_B5|CELL.39478,VLMC,0.4685806930065155,0.7566395998001099,0.04297999443154452,0.006660336396218972,0.0027021975979943528,9.065685555475115,True,True,True,False,False,False,False,False,False,False,False,False
6,2.0,Observed,5920,Injury_10DPI_rep1_SS200000147BL_B5|CELL.37604,MCG,0.2873890697956085,-0.7160592079162598,0.04280783319881763,0.006660336396218972,0.0027021975979943528,9.022712694903936,True,True,True,False,False,False,False,False,False,False,False,False
6,2.0,Observed,4577,Injury_10DPI_rep1_SS200000147BL_B5|CELL.32540,sstIN,-0.05046436935663223,-0.34027424454689026,0.04174123789359859,0.006660336396218972,0.0027021975979943528,8.756481728669147,True,True,True,False,False,False,False,False,False,False,False,False
6,2.0,Observed,4840,Injury_10DPI_rep1_SS200000147BL_B5|CELL.33724,VLMC,0.05971728265285492,0.6685096025466919,0.041356751651712834,0.006660336396218972,0.0027021975979943528,8.660510798382512,True,True,True,False,False,False,False,False,False,False,False,False
6,2.0,Observed,5082,Injury_10DPI_rep1_SS200000147BL_B5|CELL.34765,MSN,0.11315138638019562,-0.13732020556926727,0.04076925938601951,0.006660336396218972,0.0027021975979943528,8.51386789381912,True,True,True,False,False,False,False,False,False,False,False,False
6,2.0,Observed,4618,Injury_10DPI_rep1_SS200000147BL_B5|CELL.32812,MSN,-0.010034728795289993,-0.24520908296108246,0.03856009467171362,0.006660336396218972,0.0027021975979943528,7.962442199759203,True,True,True,False,False,False,False,False,False,False,False,False
6,2.0,Observed,5558,Injury_10DPI_rep1_SS200000147BL_B5|CELL.36489,VLMC,0.21767669916152954,-0.6929744482040405,0.03770878025985177,0.006660336396218972,0.0027021975979943528,7.749947116262622,True,True,True,False,False,False,False,False,False,False,False,False
7,2.0,Generated,6339,generated:2.0:6339,VLMC,21.71512,-161.965749,11.748141864943412,0.6371474663341365,0.3580004461881052,20.93366958129553,True,True,True,False,False,False,False,True,True,False,False,False
7,2.0,Generated,8715,generated:2.0:8715,VLMC,25.520835,-72.571843,7.666480921144,0.6371474663341365,0.3580004461881052,13.243616065377054,True,True,True,False,False,False,False,False,False,False,False,False
7,2.0,Generated,72,generated:2.0:72,VLMC,230.907273,-116.142902,7.552456548274744,0.6371474663341365,0.3580004461881052,13.028788439673436,True,True,True,False,False,False,False,False,False,False,False,False
7,2.0,Generated,3920,generated:2.0:3920,VLMC,103.839983,-192.034664,7.2576540218839805,0.6371474663341365,0.3580004461881052,12.473365724316128,True,True,True,False,False,False,False,False,False,False,False,False
7,2.0,Generated,7800,generated:2.0:7800,VLMC,28.682967,-79.555814,6.620688076844129,0.6371474663341365,0.3580004461881052,11.273290002050361,True,True,True,False,False,False,False,False,False,False,False,False
7,2.0,Generated,4404,generated:2.0:4404,VLMC,105.499619,-30.906126,6.569393986321876,0.6371474663341365,0.3580004461881052,11.176649368103115,True,True,True,False,False,False,False,False,False,False,False,False
7,2.0,Generated,1187,generated:2.0:1187,MCG,176.275363,-202.666147,5.93150482736732,0.6371474663341365,0.3580004461881052,9.974834264612777,True,True,True,False,False,False,False,False,False,False,False,False
7,2.0,Generated,3243,generated:2.0:3243,VLMC,149.079493,-44.829059,5.423551690048864,0.6371474663341365,0.3580004461881052,9.017825129522409,True,True,True,False,False,False,False,False,False,False,False,False
7,2.0,Generated,162,generated:2.0:162,VLMC,223.177242,-98.678927,5.379108520184567,0.6371474663341365,0.3580004461881052,8.93409197300124,True,True,True,False,False,False,False,False,False,False,False,False
7,2.0,Generated,7191,generated:2.0:7191,npyIN,100.527268,-185.577152,5.248651479020896,0.6371474663341365,0.3580004461881052,8.688304377732935,True,True,True,False,False,False,False,False,False,False,False,False
8,2.5,Generated,60,generated:2.5:60,VLMC,230.907273,-113.156272,6.117701659307771,0.541629858255626,0.321264237701975,11.706901866483618,True,True,True,False,False,False,False,False,False,False,False,False
8,2.5,Generated,333,generated:2.5:333,VLMC,207.919127,-190.04506,5.5689079387271345,0.541629858255626,0.321264237701975,10.554715441881322,True,True,True,False,False,False,False,False,False,False,False,False
8,2.5,Generated,22,generated:2.5:22,VLMC,227.764009,-120.43889,5.203851019923227,0.541629858255626,0.321264237701975,9.78828242656186,True,True,True,False,False,False,False,False,False,False,False,False
8,2.5,Generated,8126,generated:2.5:8126,VLMC,112.179787,-42.051714,5.047063874786612,0.541629858255626,0.321264237701975,9.459109527157276,True,True,True,False,False,False,False,False,False,False,False,False
8,2.5,Generated,8478,generated:2.5:8478,VLMC,30.431035,-81.879557,4.765494624596803,0.541629858255626,0.321264237701975,8.867957960570653,True,True,True,False,False,False,False,False,False,False,False,False
8,2.5,Generated,5831,generated:2.5:5831,VLMC,47.375194,-183.635054,4.650966492622896,0.541629858255626,0.321264237701975,8.627507397915195,True,True,True,False,False,False,False,False,False,False,False,False
8,2.5,Generated,8658,generated:2.5:8658,VLMC,46.613495,-179.046884,4.650966492622896,0.541629858255626,0.321264237701975,8.627507397915195,True,True,True,False,False,False,False,False,False,False,False,False
8,2.5,Generated,6466,generated:2.5:6466,VLMC,203.994247,-60.070757,4.5730121040032286,0.541629858255626,0.321264237701975,8.463843010118042,True,True,True,False,False,False,False,False,False,False,False,False
8,2.5,Generated,7801,generated:2.5:7801,VLMC,228.139004,-107.700728,4.538722243745813,0.541629858255626,0.321264237701975,8.391851822885974,True,True,True,False,False,False,False,False,False,False,False,False
8,2.5,Generated,8449,generated:2.5:8449,VLMC,28.860874,-157.622197,4.500317648492926,0.541629858255626,0.321264237701975,8.311221794455792,True,True,True,False,False,False,False,False,False,False,False,False
9,3.0,Observed,2493,Injury_15DPI_rep4_FP200000266TR_E4|CELL.2763,ribEGC,0.9970543384552002,-0.016568142920732498,0.06346803828917005,0.0064692008375524706,0.002660777780567134,14.448853806134125,True,True,True,False,True,False,False,False,False,False,False,False
9,3.0,Observed,9511,Injury_15DPI_rep4_FP200000266TR_E4|CELL.10810,MCG,0.19607272744178772,-0.7244563102722168,0.06075212611143986,0.0064692008375524706,0.002660777780567134,13.760386816967326,True,True,True,False,False,False,False,False,False,False,False,False
9,3.0,Observed,3869,Injury_15DPI_rep4_FP200000266TR_E4|CELL.4262,MCG,0.9966357946395874,-0.17464439570903778,0.059552410949957627,0.0064692008375524706,0.002660777780567134,13.456266421670255,True,True,True,False,True,False,False,False,False,False,False,False
9,3.0,Observed,3218,Injury_15DPI_rep4_FP200000266TR_E4|CELL.3544,VLMC,1.0060571432113647,-0.11280173063278198,0.05490360366342828,0.0064692008375524706,0.002660777780567134,12.27782244177383,True,True,True,False,True,False,False,False,False,False,False,False
9,3.0,Observed,9672,Injury_15DPI_rep4_FP200000266TR_E4|CELL.11043,Unknown,-0.8060671091079712,-0.65933758020401,0.051631350513168396,0.0064692008375524706,0.002660777780567134,11.448326446791478,True,True,True,False,True,False,False,False,False,False,False,False
9,3.0,Observed,485,Injury_15DPI_rep4_FP200000266TR_E4|CELL.579,VLMC,-0.4711208641529083,0.6990459561347961,0.04594057505418986,0.0064692008375524706,0.002660777780567134,10.005749960558543,True,True,True,False,False,False,False,False,False,False,False,False
9,3.0,Observed,270,Injury_15DPI_rep4_FP200000266TR_E4|CELL.331,CMPN,0.2810206711292267,0.5660043954849243,0.04542475951811299,0.0064692008375524706,0.002660777780567134,9.874993902980464,True,True,True,False,False,False,False,False,False,False,False,False
9,3.0,Observed,4857,Injury_15DPI_rep4_FP200000266TR_E4|CELL.5392,ribEGC,0.9275845289230347,-0.2553845942020416,0.0454019645304202,0.0064692008375524706,0.002660777780567134,9.869215514167438,True,True,True,False,False,False,False,False,False,False,False,False
9,3.0,Observed,23,Injury_15DPI_rep4_FP200000266TR_E4|CELL.24,VLMC,0.388535737991333,0.702709972858429,0.044888520652018114,0.0064692008375524706,0.002660777780567134,9.7390606571849,True,True,True,False,False,False,False,False,False,False,False,False
9,3.0,Observed,9669,Injury_15DPI_rep4_FP200000266TR_E4|CELL.11035,VLMC,-0.4431766867637634,-0.7055465579032898,0.04363266387667342,0.0064692008375524706,0.002660777780567134,9.420708708975411,True,True,True,False,True,False,False,False,False,False,False,False
10,3.0,Generated,8635,generated:3.0:8635,VLMC,17.852727,-166.728568,16.699166676257498,0.6664408299451081,0.3039353522858034,35.57968940181228,True,True,True,False,False,False,False,True,True,True,False,False
10,3.0,Generated,9289,generated:3.0:9289,VLMC,27.525475,-69.775476,9.471333647390162,0.6664408299451081,0.3039353522858034,19.539743563506256,True,True,True,False,False,False,False,True,False,False,False,False
10,3.0,Generated,8092,generated:3.0:8092,VLMC,204.543515,-62.816238,7.906375077984163,0.6664408299451081,0.3039353522858034,16.066800761395232,True,True,True,False,False,False,False,True,False,False,False,False
10,3.0,Generated,1990,generated:3.0:1990,MCG,165.032174,-203.683277,7.019638738060885,0.6664408299451081,0.3039353522858034,14.098962986446523,True,True,True,False,False,False,False,False,False,False,False,False
10,3.0,Generated,6293,generated:3.0:6293,VLMC,131.613538,-40.569769,6.894562388485084,0.6664408299451081,0.3039353522858034,13.821394610857848,True,True,True,False,False,False,False,False,False,False,False,False
10,3.0,Generated,26,generated:3.0:26,VLMC,228.469996,-120.522127,6.18722102333325,0.6664408299451081,0.3039353522858034,12.251668644456153,True,True,True,False,False,False,False,False,False,False,False,False
10,3.0,Generated,8587,generated:3.0:8587,VLMC,41.94022,-174.696789,6.056221171195863,0.6664408299451081,0.3039353522858034,11.960954882154553,True,True,True,False,False,False,False,False,False,False,False,False
10,3.0,Generated,8357,generated:3.0:8357,VLMC,112.63691,-32.891122,5.8619957810001875,0.6664408299451081,0.3039353522858034,11.529931541310901,True,True,True,False,False,False,False,False,False,False,False,False
10,3.0,Generated,5625,generated:3.0:5625,VLMC,201.615555,-55.472001,5.819289995281038,0.6664408299451081,0.3039353522858034,11.43515922335867,True,True,True,False,False,False,False,False,False,False,False,False
10,3.0,Generated,6535,generated:3.0:6535,npyIN,92.308044,-191.812761,5.799050560417029,0.6664408299451081,0.3039353522858034,11.390244040935384,True,True,True,False,False,False,False,False,False,False,False,False
11,3.5,Generated,6657,generated:3.5:6657,MSN,59.322575,-36.66917,8.14281976745771,0.5280370899628422,0.3040542215733236,16.892054728975854,True,True,True,False,False,False,False,True,False,False,False,False
11,3.5,Generated,9797,generated:3.5:9797,VLMC,29.764513,-65.318313,7.713465369356369,0.5280370899628422,0.3040542215733236,15.939607587931466,True,True,True,False,False,False,False,True,False,False,False,False
11,3.5,Generated,6377,generated:3.5:6377,VLMC,203.147666,-58.296372,6.856641273466554,0.5280370899628422,0.3040542215733236,14.038894181670797,True,True,True,False,False,False,False,False,False,False,False,False
11,3.5,Generated,10042,generated:3.5:10042,nptxEX,22.93066,-141.564965,6.333394013740577,0.5280370899628422,0.3040542215733236,12.878162257672455,True,True,True,False,False,False,False,False,False,False,False,False
11,3.5,Generated,8380,generated:3.5:8380,VLMC,114.641907,-46.656828,5.745171159597687,0.5280370899628422,0.3040542215733236,11.573293416913241,True,True,True,False,False,False,False,False,False,False,False,False
11,3.5,Generated,9705,generated:3.5:9705,MSN,53.550464,-44.960373,5.201999618093891,0.5280370899628422,0.3040542215733236,10.368362981613831,True,True,True,False,False,False,False,False,False,False,False,False
11,3.5,Generated,5738,generated:3.5:5738,VLMC,83.938101,-181.930979,4.75909380238739,0.5280370899628422,0.3040542215733236,9.38585440644367,True,True,True,False,False,False,False,False,False,False,False,False
11,3.5,Generated,77,generated:3.5:77,VLMC,229.767718,-124.728145,4.727461448314195,0.5280370899628422,0.3040542215733236,9.315683598051466,True,True,True,False,False,False,False,False,False,False,False,False
11,3.5,Generated,8011,generated:3.5:8011,VLMC,197.185308,-52.800608,4.4812652434919595,0.5280370899628422,0.3040542215733236,8.769540662388396,True,True,True,False,False,False,False,False,False,False,False,False
11,3.5,Generated,9563,generated:3.5:9563,VLMC,43.586035,-167.634829,4.109203889406431,0.5280370899628422,0.3040542215733236,7.944188052612114,True,True,True,False,False,False,False,False,False,False,False,False
12,4.0,Observed,9141,Injury_20DPI_rep2_SS200000147BL_B4|CELL.17104,MCG,0.44326719641685486,-0.3896414637565613,0.05411375783241621,0.006288272972897377,0.0025395744081619246,12.702068307807773,True,True,True,False,False,False,False,False,False,False,False,False
12,4.0,Observed,1291,Injury_20DPI_rep2_SS200000147BL_B4|CELL.5862,VLMC,0.7444952726364136,0.5715400576591492,0.04943253060975407,0.006288272972897377,0.0025395744081619246,11.458771598505534,True,True,True,False,False,False,False,False,False,False,False,False
12,4.0,Observed,10686,Injury_20DPI_rep2_SS200000147BL_B4|CELL.19159,VLMC,-0.7118158340454102,-0.6131173968315125,0.04830736310451212,0.006288272972897377,0.0025395744081619246,11.159936060271272,True,True,True,False,False,False,False,False,False,False,False,False
12,4.0,Observed,661,Injury_20DPI_rep2_SS200000147BL_B4|CELL.4759,VLMC,0.543203592300415,0.6548363566398621,0.04660016576868531,0.006288272972897377,0.0025395744081619246,10.706518029314005,True,True,True,False,False,False,False,False,False,False,False,False
12,4.0,Observed,11229,Injury_20DPI_rep2_SS200000147BL_B4|CELL.20001,IMN,0.1495397388935089,-0.6945329904556274,0.03897764225011698,0.006288272972897377,0.0025395744081619246,8.682036423008753,True,True,True,False,False,False,False,False,False,False,False,False
12,4.0,Observed,6846,Injury_20DPI_rep2_SS200000147BL_B4|CELL.14007,VLMC,-1.0182474851608276,-0.18831293284893036,0.03576817734247013,0.006288272972897377,0.0025395744081619246,7.829628076116095,True,True,True,False,False,False,False,False,False,False,False,False
12,4.0,Observed,7088,Injury_20DPI_rep2_SS200000147BL_B4|CELL.14329,nptxEX,-1.0135676860809326,-0.22377364337444305,0.03576817734247013,0.006288272972897377,0.0025395744081619246,7.829628076116095,True,True,True,False,False,False,False,False,False,False,False,False
12,4.0,Observed,10552,Injury_20DPI_rep2_SS200000147BL_B4|CELL.18977,VLMC,-0.6211352348327637,-0.6031340956687927,0.03563631368766037,0.006288272972897377,0.0025395744081619246,7.7946061384267935,True,True,True,False,False,False,False,False,False,False,False,False
12,4.0,Observed,11307,Injury_20DPI_rep2_SS200000147BL_B4|CELL.20285,VLMC,0.46751222014427185,-0.862419843673706,0.03490865466009175,0.006288272972897377,0.0025395744081619246,7.601345689523472,True,True,True,False,False,False,False,False,False,False,False,False
12,4.0,Observed,2338,Injury_20DPI_rep2_SS200000147BL_B4|CELL.7497,VLMC,-1.005147099494934,0.3480457067489624,0.034897470276869506,0.006288272972897377,0.0025395744081619246,7.598375206315891,True,True,True,False,False,False,False,False,False,False,False,False
13,4.0,Generated,7501,generated:4.0:7501,VLMC,17.852727,-155.506751,16.78301348126569,0.5178464579583529,0.3442241748513888,31.87081460301444,True,True,True,False,False,False,False,True,True,True,False,False
13,4.0,Generated,8983,generated:4.0:8983,VLMC,130.630708,-40.382937,9.514666301919215,0.5178464579583529,0.3442241748513888,17.628836940482486,True,True,True,False,False,False,False,True,False,False,False,False
13,4.0,Generated,10319,generated:4.0:10319,VLMC,26.975074,-62.28287,8.788457191529178,0.5178464579583529,0.3442241748513888,16.205865022204904,True,True,True,False,False,False,False,True,False,False,False,False
13,4.0,Generated,7438,generated:4.0:7438,MSN,57.620075,-39.318146,7.809802582236252,0.5178464579583529,0.3442241748513888,14.288238257692395,True,True,True,False,False,False,False,False,False,False,False,False
13,4.0,Generated,8915,generated:4.0:8915,VLMC,142.795872,-45.090207,7.631267439984066,0.5178464579583529,0.3442241748513888,13.938407210111478,True,True,True,False,False,False,False,False,False,False,False,False
13,4.0,Generated,10824,generated:4.0:10824,VLMC,150.421616,-44.799912,7.631267439984066,0.5178464579583529,0.3442241748513888,13.938407210111478,True,True,True,False,False,False,False,False,False,False,False,False
13,4.0,Generated,9916,generated:4.0:9916,VLMC,107.594882,-34.97424,6.427237449952896,0.5178464579583529,0.3442241748513888,11.579168197455465,True,True,True,False,False,False,False,False,False,False,False,False
13,4.0,Generated,8831,generated:4.0:8831,VLMC,159.092679,-53.251218,5.905449704446397,0.5178464579583529,0.3442241748513888,10.556750138339769,True,True,True,False,False,False,False,False,False,False,False,False
13,4.0,Generated,92,generated:4.0:92,VLMC,229.554469,-135.335623,5.578495685052831,0.5178464579583529,0.3442241748513888,9.916099420098089,True,True,True,False,False,False,False,False,False,False,False,False
13,4.0,Generated,6671,generated:4.0:6671,VLMC,25.871229,-84.461094,5.538799316036734,0.5178464579583529,0.3442241748513888,9.838316289097222,True,True,True,False,False,False,False,False,False,False,False,False
