dataset,target,method,space,sliced_w2,projection_sd,n_projection_repeats,input_manifest_sha256,display_name,source_role,source_file_sha256,rank
zebrafish,1,CytoBridge-0.015,joint,0.0583131576306252,0.0008955937426602,5.0,3b9335b83452097eabdef6922f88bba547208228e60a4dfe825e23ec48f5caf7,CytoBridge,frozen_unaffected_formal_evaluation,d4c945c7663d69ed8d5eb51d65df4b3821081378f87b95f9f87f8134b961c5d5,1.0
zebrafish,1,CytoBridge-0.015,state,0.0565339432202346,0.0014358733976434,5.0,3b9335b83452097eabdef6922f88bba547208228e60a4dfe825e23ec48f5caf7,CytoBridge,frozen_unaffected_formal_evaluation,d4c945c7663d69ed8d5eb51d65df4b3821081378f87b95f9f87f8134b961c5d5,1.0
zebrafish,1,CytoBridge-0.015,spatial,0.0494536931548345,0.0001805544858647,5.0,3b9335b83452097eabdef6922f88bba547208228e60a4dfe825e23ec48f5caf7,CytoBridge,frozen_unaffected_formal_evaluation,d4c945c7663d69ed8d5eb51d65df4b3821081378f87b95f9f87f8134b961c5d5,1.0
zebrafish,1,stvcr,joint,0.1104480398524635,0.0008249801461196,5.0,3b9335b83452097eabdef6922f88bba547208228e60a4dfe825e23ec48f5caf7,stVCR,frozen_unaffected_formal_evaluation,d4c945c7663d69ed8d5eb51d65df4b3821081378f87b95f9f87f8134b961c5d5,8.0
zebrafish,1,stvcr,state,0.1064509630918865,0.0013416706860635,5.0,3b9335b83452097eabdef6922f88bba547208228e60a4dfe825e23ec48f5caf7,stVCR,frozen_unaffected_formal_evaluation,d4c945c7663d69ed8d5eb51d65df4b3821081378f87b95f9f87f8134b961c5d5,11.0
zebrafish,1,stvcr,spatial,0.1897745260000857,0.0008015071003588,5.0,3b9335b83452097eabdef6922f88bba547208228e60a4dfe825e23ec48f5caf7,stVCR,frozen_unaffected_formal_evaluation,d4c945c7663d69ed8d5eb51d65df4b3821081378f87b95f9f87f8134b961c5d5,6.0
zebrafish,1,moscot,joint,0.0823040063051775,0.0004877749680463,5.0,3b9335b83452097eabdef6922f88bba547208228e60a4dfe825e23ec48f5caf7,MOSCOT,frozen_unaffected_formal_evaluation,d4c945c7663d69ed8d5eb51d65df4b3821081378f87b95f9f87f8134b961c5d5,5.0
zebrafish,1,moscot,state,0.0853047875242887,0.0012996612935497,5.0,3b9335b83452097eabdef6922f88bba547208228e60a4dfe825e23ec48f5caf7,MOSCOT,frozen_unaffected_formal_evaluation,d4c945c7663d69ed8d5eb51d65df4b3821081378f87b95f9f87f8134b961c5d5,8.0
zebrafish,1,moscot,spatial,0.0847153398883314,0.0003027551035783,5.0,3b9335b83452097eabdef6922f88bba547208228e60a4dfe825e23ec48f5caf7,MOSCOT,frozen_unaffected_formal_evaluation,d4c945c7663d69ed8d5eb51d65df4b3821081378f87b95f9f87f8134b961c5d5,3.0
zebrafish,1,paste,joint,0.0775839440392913,0.0005784639015377,5.0,3b9335b83452097eabdef6922f88bba547208228e60a4dfe825e23ec48f5caf7,PASTE,frozen_unaffected_formal_evaluation,d4c945c7663d69ed8d5eb51d65df4b3821081378f87b95f9f87f8134b961c5d5,3.0
zebrafish,1,paste,state,0.069527516640985,0.0014647725651496,5.0,3b9335b83452097eabdef6922f88bba547208228e60a4dfe825e23ec48f5caf7,PASTE,frozen_unaffected_formal_evaluation,d4c945c7663d69ed8d5eb51d65df4b3821081378f87b95f9f87f8134b961c5d5,3.0
zebrafish,1,paste,spatial,0.2095558599305038,0.000592221610214,5.0,3b9335b83452097eabdef6922f88bba547208228e60a4dfe825e23ec48f5caf7,PASTE,frozen_unaffected_formal_evaluation,d4c945c7663d69ed8d5eb51d65df4b3821081378f87b95f9f87f8134b961c5d5,7.0
zebrafish,1,spateo,joint,0.0941852166404225,0.0006170329606528,5.0,3b9335b83452097eabdef6922f88bba547208228e60a4dfe825e23ec48f5caf7,Spateo,frozen_unaffected_formal_evaluation,d4c945c7663d69ed8d5eb51d65df4b3821081378f87b95f9f87f8134b961c5d5,7.0
zebrafish,1,spateo,state,0.0954921836924959,0.0012437668816634,5.0,3b9335b83452097eabdef6922f88bba547208228e60a4dfe825e23ec48f5caf7,Spateo,frozen_unaffected_formal_evaluation,d4c945c7663d69ed8d5eb51d65df4b3821081378f87b95f9f87f8134b961c5d5,10.0
zebrafish,1,spateo,spatial,0.1681513412923871,0.0017270903420247,5.0,3b9335b83452097eabdef6922f88bba547208228e60a4dfe825e23ec48f5caf7,Spateo,frozen_unaffected_formal_evaluation,d4c945c7663d69ed8d5eb51d65df4b3821081378f87b95f9f87f8134b961c5d5,4.0
zebrafish,1,random_independent_pairs,joint,0.0809559834606375,0.0006278540286208,5.0,3b9335b83452097eabdef6922f88bba547208228e60a4dfe825e23ec48f5caf7,Random interpolation,frozen_unaffected_formal_evaluation,d4c945c7663d69ed8d5eb51d65df4b3821081378f87b95f9f87f8134b961c5d5,4.0
zebrafish,1,random_independent_pairs,state,0.0754987502859784,0.0014133446303851,5.0,3b9335b83452097eabdef6922f88bba547208228e60a4dfe825e23ec48f5caf7,Random interpolation,frozen_unaffected_formal_evaluation,d4c945c7663d69ed8d5eb51d65df4b3821081378f87b95f9f87f8134b961c5d5,4.0
zebrafish,1,random_independent_pairs,spatial,0.1780830562393404,0.0004414282370871,5.0,3b9335b83452097eabdef6922f88bba547208228e60a4dfe825e23ec48f5caf7,Random interpolation,frozen_unaffected_formal_evaluation,d4c945c7663d69ed8d5eb51d65df4b3821081378f87b95f9f87f8134b961c5d5,5.0
zebrafish,1,mioflow,state,0.0780381716047478,0.000928546306245,5.0,3b9335b83452097eabdef6922f88bba547208228e60a4dfe825e23ec48f5caf7,MIOFlow,frozen_unaffected_formal_evaluation,d4c945c7663d69ed8d5eb51d65df4b3821081378f87b95f9f87f8134b961c5d5,5.0
zebrafish,1,stories,state,0.090897929740503,0.0012147869223468,5.0,3b9335b83452097eabdef6922f88bba547208228e60a4dfe825e23ec48f5caf7,STORIES,frozen_unaffected_formal_evaluation,d4c945c7663d69ed8d5eb51d65df4b3821081378f87b95f9f87f8134b961c5d5,9.0
zebrafish,1,wot,state,0.0848175816800342,0.0013101686236805,5.0,3b9335b83452097eabdef6922f88bba547208228e60a4dfe825e23ec48f5caf7,Waddington-OT,frozen_unaffected_formal_evaluation,d4c945c7663d69ed8d5eb51d65df4b3821081378f87b95f9f87f8134b961c5d5,7.0
zebrafish,2,CytoBridge-0.015,joint,0.0564310851883846,0.0007314269862939,5.0,3b9335b83452097eabdef6922f88bba547208228e60a4dfe825e23ec48f5caf7,CytoBridge,frozen_unaffected_formal_evaluation,d4c945c7663d69ed8d5eb51d65df4b3821081378f87b95f9f87f8134b961c5d5,1.0
zebrafish,2,CytoBridge-0.015,state,0.0568561932072653,0.001880111297292,5.0,3b9335b83452097eabdef6922f88bba547208228e60a4dfe825e23ec48f5caf7,CytoBridge,frozen_unaffected_formal_evaluation,d4c945c7663d69ed8d5eb51d65df4b3821081378f87b95f9f87f8134b961c5d5,1.0
zebrafish,2,CytoBridge-0.015,spatial,0.0440712003259938,0.0002353564723446,5.0,3b9335b83452097eabdef6922f88bba547208228e60a4dfe825e23ec48f5caf7,CytoBridge,frozen_unaffected_formal_evaluation,d4c945c7663d69ed8d5eb51d65df4b3821081378f87b95f9f87f8134b961c5d5,2.0
zebrafish,2,stvcr,joint,0.1247710431416585,0.0020068067057045,5.0,3b9335b83452097eabdef6922f88bba547208228e60a4dfe825e23ec48f5caf7,stVCR,frozen_unaffected_formal_evaluation,d4c945c7663d69ed8d5eb51d65df4b3821081378f87b95f9f87f8134b961c5d5,8.0
zebrafish,2,stvcr,state,0.1163835244289582,0.0027650863555602,5.0,3b9335b83452097eabdef6922f88bba547208228e60a4dfe825e23ec48f5caf7,stVCR,frozen_unaffected_formal_evaluation,d4c945c7663d69ed8d5eb51d65df4b3821081378f87b95f9f87f8134b961c5d5,11.0
zebrafish,2,stvcr,spatial,0.2998430164368569,0.0036094111102245,5.0,3b9335b83452097eabdef6922f88bba547208228e60a4dfe825e23ec48f5caf7,stVCR,frozen_unaffected_formal_evaluation,d4c945c7663d69ed8d5eb51d65df4b3821081378f87b95f9f87f8134b961c5d5,8.0
zebrafish,2,moscot,joint,0.078984268025475,0.0010204026433908,5.0,3b9335b83452097eabdef6922f88bba547208228e60a4dfe825e23ec48f5caf7,MOSCOT,frozen_unaffected_formal_evaluation,d4c945c7663d69ed8d5eb51d65df4b3821081378f87b95f9f87f8134b961c5d5,4.0
zebrafish,2,moscot,state,0.0873337405996565,0.0004215431651932,5.0,3b9335b83452097eabdef6922f88bba547208228e60a4dfe825e23ec48f5caf7,MOSCOT,frozen_unaffected_formal_evaluation,d4c945c7663d69ed8d5eb51d65df4b3821081378f87b95f9f87f8134b961c5d5,8.0
zebrafish,2,moscot,spatial,0.056524289619763,0.000424267982676,5.0,3b9335b83452097eabdef6922f88bba547208228e60a4dfe825e23ec48f5caf7,MOSCOT,frozen_unaffected_formal_evaluation,d4c945c7663d69ed8d5eb51d65df4b3821081378f87b95f9f87f8134b961c5d5,3.0
zebrafish,2,paste,joint,0.0687032378587232,0.0006586867777606,5.0,3b9335b83452097eabdef6922f88bba547208228e60a4dfe825e23ec48f5caf7,PASTE,frozen_unaffected_formal_evaluation,d4c945c7663d69ed8d5eb51d65df4b3821081378f87b95f9f87f8134b961c5d5,3.0
zebrafish,2,paste,state,0.0674649398502084,0.0005296105293416,5.0,3b9335b83452097eabdef6922f88bba547208228e60a4dfe825e23ec48f5caf7,PASTE,frozen_unaffected_formal_evaluation,d4c945c7663d69ed8d5eb51d65df4b3821081378f87b95f9f87f8134b961c5d5,3.0
zebrafish,2,paste,spatial,0.1131312639351292,0.0005270788667975,5.0,3b9335b83452097eabdef6922f88bba547208228e60a4dfe825e23ec48f5caf7,PASTE,frozen_unaffected_formal_evaluation,d4c945c7663d69ed8d5eb51d65df4b3821081378f87b95f9f87f8134b961c5d5,4.0
zebrafish,2,spateo,joint,0.0854181257121653,0.0009592080110295,5.0,3b9335b83452097eabdef6922f88bba547208228e60a4dfe825e23ec48f5caf7,Spateo,frozen_unaffected_formal_evaluation,d4c945c7663d69ed8d5eb51d65df4b3821081378f87b95f9f87f8134b961c5d5,6.0
zebrafish,2,spateo,state,0.0903586100016155,0.0002900221627013,5.0,3b9335b83452097eabdef6922f88bba547208228e60a4dfe825e23ec48f5caf7,Spateo,frozen_unaffected_formal_evaluation,d4c945c7663d69ed8d5eb51d65df4b3821081378f87b95f9f87f8134b961c5d5,10.0
zebrafish,2,spateo,spatial,0.134754553547366,0.0020472898354816,5.0,3b9335b83452097eabdef6922f88bba547208228e60a4dfe825e23ec48f5caf7,Spateo,frozen_unaffected_formal_evaluation,d4c945c7663d69ed8d5eb51d65df4b3821081378f87b95f9f87f8134b961c5d5,5.0
zebrafish,2,random_independent_pairs,joint,0.0852250201391158,0.0005377505844944,5.0,3b9335b83452097eabdef6922f88bba547208228e60a4dfe825e23ec48f5caf7,Random interpolation,frozen_unaffected_formal_evaluation,d4c945c7663d69ed8d5eb51d65df4b3821081378f87b95f9f87f8134b961c5d5,5.0
zebrafish,2,random_independent_pairs,state,0.0807060118082031,0.0004917078969639,5.0,3b9335b83452097eabdef6922f88bba547208228e60a4dfe825e23ec48f5caf7,Random interpolation,frozen_unaffected_formal_evaluation,d4c945c7663d69ed8d5eb51d65df4b3821081378f87b95f9f87f8134b961c5d5,4.0
zebrafish,2,random_independent_pairs,spatial,0.1817510143637454,0.0001885420529292,5.0,3b9335b83452097eabdef6922f88bba547208228e60a4dfe825e23ec48f5caf7,Random interpolation,frozen_unaffected_formal_evaluation,d4c945c7663d69ed8d5eb51d65df4b3821081378f87b95f9f87f8134b961c5d5,7.0
zebrafish,2,mioflow,state,0.0860880061506489,0.000413637592764,5.0,3b9335b83452097eabdef6922f88bba547208228e60a4dfe825e23ec48f5caf7,MIOFlow,frozen_unaffected_formal_evaluation,d4c945c7663d69ed8d5eb51d65df4b3821081378f87b95f9f87f8134b961c5d5,7.0
zebrafish,2,stories,state,0.0882937122100721,0.0003983073585869,5.0,3b9335b83452097eabdef6922f88bba547208228e60a4dfe825e23ec48f5caf7,STORIES,frozen_unaffected_formal_evaluation,d4c945c7663d69ed8d5eb51d65df4b3821081378f87b95f9f87f8134b961c5d5,9.0
zebrafish,2,wot,state,0.0840103250601117,0.0003709798460626,5.0,3b9335b83452097eabdef6922f88bba547208228e60a4dfe825e23ec48f5caf7,Waddington-OT,frozen_unaffected_formal_evaluation,d4c945c7663d69ed8d5eb51d65df4b3821081378f87b95f9f87f8134b961c5d5,5.0
zebrafish,3,CytoBridge-0.015,joint,0.06105614279424,0.0005485193972303,5.0,3b9335b83452097eabdef6922f88bba547208228e60a4dfe825e23ec48f5caf7,CytoBridge,frozen_unaffected_formal_evaluation,d4c945c7663d69ed8d5eb51d65df4b3821081378f87b95f9f87f8134b961c5d5,6.0
zebrafish,3,CytoBridge-0.015,state,0.062311069141354,0.0005430953089202,5.0,3b9335b83452097eabdef6922f88bba547208228e60a4dfe825e23ec48f5caf7,CytoBridge,frozen_unaffected_formal_evaluation,d4c945c7663d69ed8d5eb51d65df4b3821081378f87b95f9f87f8134b961c5d5,10.0
zebrafish,3,CytoBridge-0.015,spatial,0.0587325608790056,0.0003841997895703,5.0,3b9335b83452097eabdef6922f88bba547208228e60a4dfe825e23ec48f5caf7,CytoBridge,frozen_unaffected_formal_evaluation,d4c945c7663d69ed8d5eb51d65df4b3821081378f87b95f9f87f8134b961c5d5,1.0
zebrafish,3,stvcr,joint,0.070882667228182,0.0006468450718101,5.0,3b9335b83452097eabdef6922f88bba547208228e60a4dfe825e23ec48f5caf7,stVCR,frozen_unaffected_formal_evaluation,d4c945c7663d69ed8d5eb51d65df4b3821081378f87b95f9f87f8134b961c5d5,7.0
zebrafish,3,stvcr,state,0.0712636424668186,0.0004578382767481,5.0,3b9335b83452097eabdef6922f88bba547208228e60a4dfe825e23ec48f5caf7,stVCR,frozen_unaffected_formal_evaluation,d4c945c7663d69ed8d5eb51d65df4b3821081378f87b95f9f87f8134b961c5d5,11.0
zebrafish,3,stvcr,spatial,0.1341144847910313,0.0012091783874767,5.0,3b9335b83452097eabdef6922f88bba547208228e60a4dfe825e23ec48f5caf7,stVCR,frozen_unaffected_formal_evaluation,d4c945c7663d69ed8d5eb51d65df4b3821081378f87b95f9f87f8134b961c5d5,6.0
zebrafish,3,moscot,joint,0.045771893791608,0.000708840657498,5.0,3b9335b83452097eabdef6922f88bba547208228e60a4dfe825e23ec48f5caf7,MOSCOT,frozen_unaffected_formal_evaluation,d4c945c7663d69ed8d5eb51d65df4b3821081378f87b95f9f87f8134b961c5d5,3.0
zebrafish,3,moscot,state,0.0485600670909451,0.000227936753504,5.0,3b9335b83452097eabdef6922f88bba547208228e60a4dfe825e23ec48f5caf7,MOSCOT,frozen_unaffected_formal_evaluation,d4c945c7663d69ed8d5eb51d65df4b3821081378f87b95f9f87f8134b961c5d5,9.0
zebrafish,3,moscot,spatial,0.0947106972735624,0.0007040334386979,5.0,3b9335b83452097eabdef6922f88bba547208228e60a4dfe825e23ec48f5caf7,MOSCOT,frozen_unaffected_formal_evaluation,d4c945c7663d69ed8d5eb51d65df4b3821081378f87b95f9f87f8134b961c5d5,2.0
zebrafish,3,paste,joint,0.041869477990011,0.0007268355282389,5.0,3b9335b83452097eabdef6922f88bba547208228e60a4dfe825e23ec48f5caf7,PASTE,frozen_unaffected_formal_evaluation,d4c945c7663d69ed8d5eb51d65df4b3821081378f87b95f9f87f8134b961c5d5,1.0
zebrafish,3,paste,state,0.0392016885027574,0.0003635788296465,5.0,3b9335b83452097eabdef6922f88bba547208228e60a4dfe825e23ec48f5caf7,PASTE,frozen_unaffected_formal_evaluation,d4c945c7663d69ed8d5eb51d65df4b3821081378f87b95f9f87f8134b961c5d5,1.0
zebrafish,3,paste,spatial,0.0979658451070127,0.0004894622508696,5.0,3b9335b83452097eabdef6922f88bba547208228e60a4dfe825e23ec48f5caf7,PASTE,frozen_unaffected_formal_evaluation,d4c945c7663d69ed8d5eb51d65df4b3821081378f87b95f9f87f8134b961c5d5,3.0
zebrafish,3,spateo,joint,0.0750034000557719,0.0013033168439419,5.0,3b9335b83452097eabdef6922f88bba547208228e60a4dfe825e23ec48f5caf7,Spateo,frozen_unaffected_formal_evaluation,d4c945c7663d69ed8d5eb51d65df4b3821081378f87b95f9f87f8134b961c5d5,8.0
zebrafish,3,spateo,state,0.0465375354736608,0.000205902962419,5.0,3b9335b83452097eabdef6922f88bba547208228e60a4dfe825e23ec48f5caf7,Spateo,frozen_unaffected_formal_evaluation,d4c945c7663d69ed8d5eb51d65df4b3821081378f87b95f9f87f8134b961c5d5,6.0
zebrafish,3,spateo,spatial,0.3025047903992165,0.0026604261842166,5.0,3b9335b83452097eabdef6922f88bba547208228e60a4dfe825e23ec48f5caf7,Spateo,frozen_unaffected_formal_evaluation,d4c945c7663d69ed8d5eb51d65df4b3821081378f87b95f9f87f8134b961c5d5,8.0
zebrafish,3,random_independent_pairs,joint,0.0479111850020622,0.0007674327577185,5.0,3b9335b83452097eabdef6922f88bba547208228e60a4dfe825e23ec48f5caf7,Random interpolation,frozen_unaffected_formal_evaluation,d4c945c7663d69ed8d5eb51d65df4b3821081378f87b95f9f87f8134b961c5d5,4.0
zebrafish,3,random_independent_pairs,state,0.0428948373833274,0.0003021957658531,5.0,3b9335b83452097eabdef6922f88bba547208228e60a4dfe825e23ec48f5caf7,Random interpolation,frozen_unaffected_formal_evaluation,d4c945c7663d69ed8d5eb51d65df4b3821081378f87b95f9f87f8134b961c5d5,3.0
zebrafish,3,random_independent_pairs,spatial,0.1322068160026575,0.000555337411136,5.0,3b9335b83452097eabdef6922f88bba547208228e60a4dfe825e23ec48f5caf7,Random interpolation,frozen_unaffected_formal_evaluation,d4c945c7663d69ed8d5eb51d65df4b3821081378f87b95f9f87f8134b961c5d5,5.0
zebrafish,3,mioflow,state,0.0447346970625378,0.0003617834140496,5.0,3b9335b83452097eabdef6922f88bba547208228e60a4dfe825e23ec48f5caf7,MIOFlow,frozen_unaffected_formal_evaluation,d4c945c7663d69ed8d5eb51d65df4b3821081378f87b95f9f87f8134b961c5d5,4.0
zebrafish,3,stories,state,0.046772717381654,0.0003212857476467,5.0,3b9335b83452097eabdef6922f88bba547208228e60a4dfe825e23ec48f5caf7,STORIES,frozen_unaffected_formal_evaluation,d4c945c7663d69ed8d5eb51d65df4b3821081378f87b95f9f87f8134b961c5d5,7.0
zebrafish,3,wot,state,0.0470935226069548,0.0002738245574502,5.0,3b9335b83452097eabdef6922f88bba547208228e60a4dfe825e23ec48f5caf7,Waddington-OT,frozen_unaffected_formal_evaluation,d4c945c7663d69ed8d5eb51d65df4b3821081378f87b95f9f87f8134b961c5d5,8.0
mosta,1,CytoBridge-0.015,joint,0.0514374029147412,0.0008494246121392,5.0,cfcae1667edc50b99ac4906ca1260140324279e36c281bdae86b6fba0ff968d9,CytoBridge,frozen_unaffected_formal_evaluation,432db324680e781cc21de32040136dc109801f10176167f35dcf00560243f4d1,4.0
mosta,1,CytoBridge-0.015,state,0.0514480657495216,0.0017612560362374,5.0,cfcae1667edc50b99ac4906ca1260140324279e36c281bdae86b6fba0ff968d9,CytoBridge,frozen_unaffected_formal_evaluation,432db324680e781cc21de32040136dc109801f10176167f35dcf00560243f4d1,4.0
mosta,1,CytoBridge-0.015,spatial,0.0497369884807773,0.0004247317832341,5.0,cfcae1667edc50b99ac4906ca1260140324279e36c281bdae86b6fba0ff968d9,CytoBridge,frozen_unaffected_formal_evaluation,432db324680e781cc21de32040136dc109801f10176167f35dcf00560243f4d1,2.0
mosta,1,stvcr,joint,0.0477289420720834,0.0006251379491769,5.0,cfcae1667edc50b99ac4906ca1260140324279e36c281bdae86b6fba0ff968d9,stVCR,frozen_unaffected_formal_evaluation,432db324680e781cc21de32040136dc109801f10176167f35dcf00560243f4d1,2.0
mosta,1,stvcr,state,0.0470402262098625,0.0008422581787108,5.0,cfcae1667edc50b99ac4906ca1260140324279e36c281bdae86b6fba0ff968d9,stVCR,frozen_unaffected_formal_evaluation,432db324680e781cc21de32040136dc109801f10176167f35dcf00560243f4d1,3.0
mosta,1,stvcr,spatial,0.082949906724098,0.0005362834444793,5.0,cfcae1667edc50b99ac4906ca1260140324279e36c281bdae86b6fba0ff968d9,stVCR,frozen_unaffected_formal_evaluation,432db324680e781cc21de32040136dc109801f10176167f35dcf00560243f4d1,4.0
mosta,1,moscot,joint,0.0553766484244678,0.0005946859968833,5.0,cfcae1667edc50b99ac4906ca1260140324279e36c281bdae86b6fba0ff968d9,MOSCOT,frozen_unaffected_formal_evaluation,432db324680e781cc21de32040136dc109801f10176167f35dcf00560243f4d1,5.0
mosta,1,moscot,state,0.0606636546765634,0.0008499328414162,5.0,cfcae1667edc50b99ac4906ca1260140324279e36c281bdae86b6fba0ff968d9,MOSCOT,frozen_unaffected_formal_evaluation,432db324680e781cc21de32040136dc109801f10176167f35dcf00560243f4d1,9.0
mosta,1,moscot,spatial,0.0498491355716361,0.0003927633287156,5.0,cfcae1667edc50b99ac4906ca1260140324279e36c281bdae86b6fba0ff968d9,MOSCOT,frozen_unaffected_formal_evaluation,432db324680e781cc21de32040136dc109801f10176167f35dcf00560243f4d1,3.0
mosta,1,paste,joint,0.0494975217136216,0.000690884852919,5.0,cfcae1667edc50b99ac4906ca1260140324279e36c281bdae86b6fba0ff968d9,PASTE,frozen_unaffected_formal_evaluation,432db324680e781cc21de32040136dc109801f10176167f35dcf00560243f4d1,3.0
mosta,1,paste,state,0.0466187636633024,0.0011021658801147,5.0,cfcae1667edc50b99ac4906ca1260140324279e36c281bdae86b6fba0ff968d9,PASTE,frozen_unaffected_formal_evaluation,432db324680e781cc21de32040136dc109801f10176167f35dcf00560243f4d1,1.0
mosta,1,paste,spatial,0.1054477757864182,0.0007124345263063,5.0,cfcae1667edc50b99ac4906ca1260140324279e36c281bdae86b6fba0ff968d9,PASTE,frozen_unaffected_formal_evaluation,432db324680e781cc21de32040136dc109801f10176167f35dcf00560243f4d1,5.0
mosta,1,spateo,joint,0.0626494659007107,0.0006260618869403,5.0,cfcae1667edc50b99ac4906ca1260140324279e36c281bdae86b6fba0ff968d9,Spateo,frozen_unaffected_formal_evaluation,432db324680e781cc21de32040136dc109801f10176167f35dcf00560243f4d1,6.0
mosta,1,spateo,state,0.0615208560424906,0.0008258253017271,5.0,cfcae1667edc50b99ac4906ca1260140324279e36c281bdae86b6fba0ff968d9,Spateo,frozen_unaffected_formal_evaluation,432db324680e781cc21de32040136dc109801f10176167f35dcf00560243f4d1,10.0
mosta,1,spateo,spatial,0.1131209146255665,0.0001854154461479,5.0,cfcae1667edc50b99ac4906ca1260140324279e36c281bdae86b6fba0ff968d9,Spateo,frozen_unaffected_formal_evaluation,432db324680e781cc21de32040136dc109801f10176167f35dcf00560243f4d1,6.0
mosta,1,random_independent_pairs,joint,0.0641057129982792,0.0007043526546388,5.0,cfcae1667edc50b99ac4906ca1260140324279e36c281bdae86b6fba0ff968d9,Random interpolation,frozen_unaffected_formal_evaluation,432db324680e781cc21de32040136dc109801f10176167f35dcf00560243f4d1,8.0
mosta,1,random_independent_pairs,state,0.0567955911270004,0.0009016277065786,5.0,cfcae1667edc50b99ac4906ca1260140324279e36c281bdae86b6fba0ff968d9,Random interpolation,frozen_unaffected_formal_evaluation,432db324680e781cc21de32040136dc109801f10176167f35dcf00560243f4d1,7.0
mosta,1,random_independent_pairs,spatial,0.16943838482958,0.0001817140407241,5.0,cfcae1667edc50b99ac4906ca1260140324279e36c281bdae86b6fba0ff968d9,Random interpolation,frozen_unaffected_formal_evaluation,432db324680e781cc21de32040136dc109801f10176167f35dcf00560243f4d1,7.0
mosta,1,mioflow,state,0.0694217469672681,0.0016215794849903,5.0,cfcae1667edc50b99ac4906ca1260140324279e36c281bdae86b6fba0ff968d9,MIOFlow,frozen_unaffected_formal_evaluation,432db324680e781cc21de32040136dc109801f10176167f35dcf00560243f4d1,11.0
mosta,1,stories,state,0.056311245060815,0.0008671749147484,5.0,cfcae1667edc50b99ac4906ca1260140324279e36c281bdae86b6fba0ff968d9,STORIES,frozen_unaffected_formal_evaluation,432db324680e781cc21de32040136dc109801f10176167f35dcf00560243f4d1,6.0
mosta,1,wot,state,0.0584301502316632,0.0009023866682406,5.0,cfcae1667edc50b99ac4906ca1260140324279e36c281bdae86b6fba0ff968d9,Waddington-OT,frozen_unaffected_formal_evaluation,432db324680e781cc21de32040136dc109801f10176167f35dcf00560243f4d1,8.0
mosta,2,CytoBridge-0.015,joint,0.0539554031592821,0.0010942153279477,5.0,cfcae1667edc50b99ac4906ca1260140324279e36c281bdae86b6fba0ff968d9,CytoBridge,frozen_unaffected_formal_evaluation,432db324680e781cc21de32040136dc109801f10176167f35dcf00560243f4d1,2.0
mosta,2,CytoBridge-0.015,state,0.0521116768901461,0.0011906555150632,5.0,cfcae1667edc50b99ac4906ca1260140324279e36c281bdae86b6fba0ff968d9,CytoBridge,frozen_unaffected_formal_evaluation,432db324680e781cc21de32040136dc109801f10176167f35dcf00560243f4d1,3.0
mosta,2,CytoBridge-0.015,spatial,0.0697583985513999,0.0002024889847191,5.0,cfcae1667edc50b99ac4906ca1260140324279e36c281bdae86b6fba0ff968d9,CytoBridge,frozen_unaffected_formal_evaluation,432db324680e781cc21de32040136dc109801f10176167f35dcf00560243f4d1,3.0
mosta,2,stvcr,joint,0.0566998686337086,0.0014379419783554,5.0,cfcae1667edc50b99ac4906ca1260140324279e36c281bdae86b6fba0ff968d9,stVCR,frozen_unaffected_formal_evaluation,432db324680e781cc21de32040136dc109801f10176167f35dcf00560243f4d1,3.0
mosta,2,stvcr,state,0.0555008931006472,0.0014635336224028,5.0,cfcae1667edc50b99ac4906ca1260140324279e36c281bdae86b6fba0ff968d9,stVCR,frozen_unaffected_formal_evaluation,432db324680e781cc21de32040136dc109801f10176167f35dcf00560243f4d1,6.0
mosta,2,stvcr,spatial,0.0451761754544634,0.000155129530603,5.0,cfcae1667edc50b99ac4906ca1260140324279e36c281bdae86b6fba0ff968d9,stVCR,frozen_unaffected_formal_evaluation,432db324680e781cc21de32040136dc109801f10176167f35dcf00560243f4d1,1.0
mosta,2,moscot,joint,0.0602938496293794,0.0006495620499281,5.0,cfcae1667edc50b99ac4906ca1260140324279e36c281bdae86b6fba0ff968d9,MOSCOT,frozen_unaffected_formal_evaluation,432db324680e781cc21de32040136dc109801f10176167f35dcf00560243f4d1,5.0
mosta,2,moscot,state,0.0620013243931947,0.0008029096619628,5.0,cfcae1667edc50b99ac4906ca1260140324279e36c281bdae86b6fba0ff968d9,MOSCOT,frozen_unaffected_formal_evaluation,432db324680e781cc21de32040136dc109801f10176167f35dcf00560243f4d1,11.0
mosta,2,moscot,spatial,0.0805614848767052,0.0001285751892066,5.0,cfcae1667edc50b99ac4906ca1260140324279e36c281bdae86b6fba0ff968d9,MOSCOT,frozen_unaffected_formal_evaluation,432db324680e781cc21de32040136dc109801f10176167f35dcf00560243f4d1,4.0
mosta,2,paste,joint,0.0597950639433811,0.0008166546149653,5.0,cfcae1667edc50b99ac4906ca1260140324279e36c281bdae86b6fba0ff968d9,PASTE,frozen_unaffected_formal_evaluation,432db324680e781cc21de32040136dc109801f10176167f35dcf00560243f4d1,4.0
mosta,2,paste,state,0.0473250592080603,0.0011055086812946,5.0,cfcae1667edc50b99ac4906ca1260140324279e36c281bdae86b6fba0ff968d9,PASTE,frozen_unaffected_formal_evaluation,432db324680e781cc21de32040136dc109801f10176167f35dcf00560243f4d1,1.0
mosta,2,paste,spatial,0.2095979340909164,0.0004253951868187,5.0,cfcae1667edc50b99ac4906ca1260140324279e36c281bdae86b6fba0ff968d9,PASTE,frozen_unaffected_formal_evaluation,432db324680e781cc21de32040136dc109801f10176167f35dcf00560243f4d1,6.0
mosta,2,spateo,joint,0.0636584034574606,0.0008224958923621,5.0,cfcae1667edc50b99ac4906ca1260140324279e36c281bdae86b6fba0ff968d9,Spateo,frozen_unaffected_formal_evaluation,432db324680e781cc21de32040136dc109801f10176167f35dcf00560243f4d1,6.0
mosta,2,spateo,state,0.0605552106168598,0.0007850848347196,5.0,cfcae1667edc50b99ac4906ca1260140324279e36c281bdae86b6fba0ff968d9,Spateo,frozen_unaffected_formal_evaluation,432db324680e781cc21de32040136dc109801f10176167f35dcf00560243f4d1,9.0
mosta,2,spateo,spatial,0.1225755859745312,0.0006217101508247,5.0,cfcae1667edc50b99ac4906ca1260140324279e36c281bdae86b6fba0ff968d9,Spateo,frozen_unaffected_formal_evaluation,432db324680e781cc21de32040136dc109801f10176167f35dcf00560243f4d1,5.0
mosta,2,random_independent_pairs,joint,0.0720170489638679,0.0006786227819714,5.0,cfcae1667edc50b99ac4906ca1260140324279e36c281bdae86b6fba0ff968d9,Random interpolation,frozen_unaffected_formal_evaluation,432db324680e781cc21de32040136dc109801f10176167f35dcf00560243f4d1,7.0
mosta,2,random_independent_pairs,state,0.05519247975843,0.000959480447048,5.0,cfcae1667edc50b99ac4906ca1260140324279e36c281bdae86b6fba0ff968d9,Random interpolation,frozen_unaffected_formal_evaluation,432db324680e781cc21de32040136dc109801f10176167f35dcf00560243f4d1,5.0
mosta,2,random_independent_pairs,spatial,0.2444213131695956,0.0004732056429615,5.0,cfcae1667edc50b99ac4906ca1260140324279e36c281bdae86b6fba0ff968d9,Random interpolation,frozen_unaffected_formal_evaluation,432db324680e781cc21de32040136dc109801f10176167f35dcf00560243f4d1,7.0
mosta,2,mioflow,state,0.0577392173099162,0.0009019858986616,5.0,cfcae1667edc50b99ac4906ca1260140324279e36c281bdae86b6fba0ff968d9,MIOFlow,frozen_unaffected_formal_evaluation,432db324680e781cc21de32040136dc109801f10176167f35dcf00560243f4d1,7.0
mosta,2,stories,state,0.0614876324701732,0.0009107889556194,5.0,cfcae1667edc50b99ac4906ca1260140324279e36c281bdae86b6fba0ff968d9,STORIES,frozen_unaffected_formal_evaluation,432db324680e781cc21de32040136dc109801f10176167f35dcf00560243f4d1,10.0
mosta,2,wot,state,0.0577991997957134,0.0008838977816919,5.0,cfcae1667edc50b99ac4906ca1260140324279e36c281bdae86b6fba0ff968d9,Waddington-OT,frozen_unaffected_formal_evaluation,432db324680e781cc21de32040136dc109801f10176167f35dcf00560243f4d1,8.0
arista,1,CytoBridge-0.015,joint,0.0486485407819145,0.0005808077658072,5.0,5491162645e69021470217b0178d64760be0b624fce0c97e92ff0d36f2f9bd11,CytoBridge,refreshed_matched_formal_evaluation,12bcafb4695e77275001dd99a7ab906a86af4113521da0a8a40358c9cc39cb92,2.0
arista,1,CytoBridge-0.015,state,0.048585505960221,0.0010626743612335,5.0,5491162645e69021470217b0178d64760be0b624fce0c97e92ff0d36f2f9bd11,CytoBridge,refreshed_matched_formal_evaluation,12bcafb4695e77275001dd99a7ab906a86af4113521da0a8a40358c9cc39cb92,1.0
arista,1,CytoBridge-0.015,spatial,0.0338135038611113,0.0001129086835156,5.0,5491162645e69021470217b0178d64760be0b624fce0c97e92ff0d36f2f9bd11,CytoBridge,refreshed_matched_formal_evaluation,12bcafb4695e77275001dd99a7ab906a86af4113521da0a8a40358c9cc39cb92,2.0
arista,1,stvcr,joint,0.0499245197895627,0.0007516746766612,5.0,5491162645e69021470217b0178d64760be0b624fce0c97e92ff0d36f2f9bd11,stVCR,refreshed_matched_formal_evaluation,12bcafb4695e77275001dd99a7ab906a86af4113521da0a8a40358c9cc39cb92,3.0
arista,1,stvcr,state,0.0532092233101187,0.0005453932728002,5.0,5491162645e69021470217b0178d64760be0b624fce0c97e92ff0d36f2f9bd11,stVCR,refreshed_matched_formal_evaluation,12bcafb4695e77275001dd99a7ab906a86af4113521da0a8a40358c9cc39cb92,4.0
arista,1,stvcr,spatial,0.0625381969053552,0.0003348738830717,5.0,5491162645e69021470217b0178d64760be0b624fce0c97e92ff0d36f2f9bd11,stVCR,refreshed_matched_formal_evaluation,12bcafb4695e77275001dd99a7ab906a86af4113521da0a8a40358c9cc39cb92,5.0
arista,1,moscot,joint,0.0622918097715027,0.0005245599042248,5.0,5491162645e69021470217b0178d64760be0b624fce0c97e92ff0d36f2f9bd11,MOSCOT,refreshed_matched_formal_evaluation,12bcafb4695e77275001dd99a7ab906a86af4113521da0a8a40358c9cc39cb92,6.0
arista,1,moscot,state,0.0712459694456296,0.0004948806854721,5.0,5491162645e69021470217b0178d64760be0b624fce0c97e92ff0d36f2f9bd11,MOSCOT,refreshed_matched_formal_evaluation,12bcafb4695e77275001dd99a7ab906a86af4113521da0a8a40358c9cc39cb92,10.0
arista,1,moscot,spatial,0.043569501197827,7.780717887653421e-05,5.0,5491162645e69021470217b0178d64760be0b624fce0c97e92ff0d36f2f9bd11,MOSCOT,refreshed_matched_formal_evaluation,12bcafb4695e77275001dd99a7ab906a86af4113521da0a8a40358c9cc39cb92,4.0
arista,1,paste,joint,0.0605982781663115,0.0003199964793122,5.0,5491162645e69021470217b0178d64760be0b624fce0c97e92ff0d36f2f9bd11,PASTE,refreshed_matched_formal_evaluation,12bcafb4695e77275001dd99a7ab906a86af4113521da0a8a40358c9cc39cb92,4.0
arista,1,paste,state,0.0497220986522057,0.0007422814358855,5.0,5491162645e69021470217b0178d64760be0b624fce0c97e92ff0d36f2f9bd11,PASTE,refreshed_matched_formal_evaluation,12bcafb4695e77275001dd99a7ab906a86af4113521da0a8a40358c9cc39cb92,2.0
arista,1,paste,spatial,0.2150779557062082,0.0016139714819317,5.0,5491162645e69021470217b0178d64760be0b624fce0c97e92ff0d36f2f9bd11,PASTE,refreshed_matched_formal_evaluation,12bcafb4695e77275001dd99a7ab906a86af4113521da0a8a40358c9cc39cb92,6.0
arista,1,spateo,joint,0.061107651812957,0.000547561314053,5.0,5491162645e69021470217b0178d64760be0b624fce0c97e92ff0d36f2f9bd11,Spateo,refreshed_matched_formal_evaluation,12bcafb4695e77275001dd99a7ab906a86af4113521da0a8a40358c9cc39cb92,5.0
arista,1,spateo,state,0.0701251331446716,0.0005384492422665,5.0,5491162645e69021470217b0178d64760be0b624fce0c97e92ff0d36f2f9bd11,Spateo,refreshed_matched_formal_evaluation,12bcafb4695e77275001dd99a7ab906a86af4113521da0a8a40358c9cc39cb92,9.0
arista,1,spateo,spatial,0.0352817845534505,7.095619693165409e-05,5.0,5491162645e69021470217b0178d64760be0b624fce0c97e92ff0d36f2f9bd11,Spateo,refreshed_matched_formal_evaluation,12bcafb4695e77275001dd99a7ab906a86af4113521da0a8a40358c9cc39cb92,3.0
arista,1,random_independent_pairs,joint,0.0731904647703898,0.000127697732856,5.0,5491162645e69021470217b0178d64760be0b624fce0c97e92ff0d36f2f9bd11,Random interpolation,refreshed_matched_formal_evaluation,12bcafb4695e77275001dd99a7ab906a86af4113521da0a8a40358c9cc39cb92,7.0
arista,1,random_independent_pairs,state,0.0620119877028896,0.0005878336044643,5.0,5491162645e69021470217b0178d64760be0b624fce0c97e92ff0d36f2f9bd11,Random interpolation,refreshed_matched_formal_evaluation,12bcafb4695e77275001dd99a7ab906a86af4113521da0a8a40358c9cc39cb92,6.0
arista,1,random_independent_pairs,spatial,0.2241014560420821,0.0009876845894013,5.0,5491162645e69021470217b0178d64760be0b624fce0c97e92ff0d36f2f9bd11,Random interpolation,refreshed_matched_formal_evaluation,12bcafb4695e77275001dd99a7ab906a86af4113521da0a8a40358c9cc39cb92,7.0
arista,1,mioflow,state,0.0674119608944309,0.0009120213141058,5.0,5491162645e69021470217b0178d64760be0b624fce0c97e92ff0d36f2f9bd11,MIOFlow,refreshed_matched_formal_evaluation,12bcafb4695e77275001dd99a7ab906a86af4113521da0a8a40358c9cc39cb92,8.0
arista,1,stories,state,0.0783346046345252,0.0003886859118222,5.0,5491162645e69021470217b0178d64760be0b624fce0c97e92ff0d36f2f9bd11,STORIES,refreshed_matched_formal_evaluation,12bcafb4695e77275001dd99a7ab906a86af4113521da0a8a40358c9cc39cb92,11.0
arista,1,wot,state,0.0666666571403921,0.0005616857499266,5.0,5491162645e69021470217b0178d64760be0b624fce0c97e92ff0d36f2f9bd11,Waddington-OT,refreshed_matched_formal_evaluation,12bcafb4695e77275001dd99a7ab906a86af4113521da0a8a40358c9cc39cb92,7.0
arista,2,CytoBridge-0.015,joint,0.0629798195780042,0.0008044443178201,5.0,5491162645e69021470217b0178d64760be0b624fce0c97e92ff0d36f2f9bd11,CytoBridge,refreshed_matched_formal_evaluation,12bcafb4695e77275001dd99a7ab906a86af4113521da0a8a40358c9cc39cb92,4.0
arista,2,CytoBridge-0.015,state,0.0634960139523174,0.0016227296363622,5.0,5491162645e69021470217b0178d64760be0b624fce0c97e92ff0d36f2f9bd11,CytoBridge,refreshed_matched_formal_evaluation,12bcafb4695e77275001dd99a7ab906a86af4113521da0a8a40358c9cc39cb92,4.0
arista,2,CytoBridge-0.015,spatial,0.0458668983323426,0.0002442236905948,5.0,5491162645e69021470217b0178d64760be0b624fce0c97e92ff0d36f2f9bd11,CytoBridge,refreshed_matched_formal_evaluation,12bcafb4695e77275001dd99a7ab906a86af4113521da0a8a40358c9cc39cb92,2.0
arista,2,stvcr,joint,0.055235067056493,0.0013185634872975,5.0,5491162645e69021470217b0178d64760be0b624fce0c97e92ff0d36f2f9bd11,stVCR,refreshed_matched_formal_evaluation,12bcafb4695e77275001dd99a7ab906a86af4113521da0a8a40358c9cc39cb92,2.0
arista,2,stvcr,state,0.0552636853913095,0.0011822982760077,5.0,5491162645e69021470217b0178d64760be0b624fce0c97e92ff0d36f2f9bd11,stVCR,refreshed_matched_formal_evaluation,12bcafb4695e77275001dd99a7ab906a86af4113521da0a8a40358c9cc39cb92,1.0
arista,2,stvcr,spatial,0.0505698836099059,0.0002653976604552,5.0,5491162645e69021470217b0178d64760be0b624fce0c97e92ff0d36f2f9bd11,stVCR,refreshed_matched_formal_evaluation,12bcafb4695e77275001dd99a7ab906a86af4113521da0a8a40358c9cc39cb92,3.0
arista,2,moscot,joint,0.0673255667669483,0.0006333608199301,5.0,5491162645e69021470217b0178d64760be0b624fce0c97e92ff0d36f2f9bd11,MOSCOT,refreshed_matched_formal_evaluation,12bcafb4695e77275001dd99a7ab906a86af4113521da0a8a40358c9cc39cb92,6.0
arista,2,moscot,state,0.0737146011701665,0.0009240373460358,5.0,5491162645e69021470217b0178d64760be0b624fce0c97e92ff0d36f2f9bd11,MOSCOT,refreshed_matched_formal_evaluation,12bcafb4695e77275001dd99a7ab906a86af4113521da0a8a40358c9cc39cb92,9.0
arista,2,moscot,spatial,0.0642952652399435,0.0002255538638572,5.0,5491162645e69021470217b0178d64760be0b624fce0c97e92ff0d36f2f9bd11,MOSCOT,refreshed_matched_formal_evaluation,12bcafb4695e77275001dd99a7ab906a86af4113521da0a8a40358c9cc39cb92,4.0
arista,2,paste,joint,0.0627436916245951,0.0007418488510557,5.0,5491162645e69021470217b0178d64760be0b624fce0c97e92ff0d36f2f9bd11,PASTE,refreshed_matched_formal_evaluation,12bcafb4695e77275001dd99a7ab906a86af4113521da0a8a40358c9cc39cb92,3.0
arista,2,paste,state,0.0559392870968735,0.0012351470995987,5.0,5491162645e69021470217b0178d64760be0b624fce0c97e92ff0d36f2f9bd11,PASTE,refreshed_matched_formal_evaluation,12bcafb4695e77275001dd99a7ab906a86af4113521da0a8a40358c9cc39cb92,2.0
arista,2,paste,spatial,0.1783817217819863,0.0009572498113126,5.0,5491162645e69021470217b0178d64760be0b624fce0c97e92ff0d36f2f9bd11,PASTE,refreshed_matched_formal_evaluation,12bcafb4695e77275001dd99a7ab906a86af4113521da0a8a40358c9cc39cb92,6.0
arista,2,spateo,joint,0.0669998942430746,0.0006077458933795,5.0,5491162645e69021470217b0178d64760be0b624fce0c97e92ff0d36f2f9bd11,Spateo,refreshed_matched_formal_evaluation,12bcafb4695e77275001dd99a7ab906a86af4113521da0a8a40358c9cc39cb92,5.0
arista,2,spateo,state,0.0740050633275772,0.0009104666043511,5.0,5491162645e69021470217b0178d64760be0b624fce0c97e92ff0d36f2f9bd11,Spateo,refreshed_matched_formal_evaluation,12bcafb4695e77275001dd99a7ab906a86af4113521da0a8a40358c9cc39cb92,10.0
arista,2,spateo,spatial,0.0781517694758084,0.0002683918990638,5.0,5491162645e69021470217b0178d64760be0b624fce0c97e92ff0d36f2f9bd11,Spateo,refreshed_matched_formal_evaluation,12bcafb4695e77275001dd99a7ab906a86af4113521da0a8a40358c9cc39cb92,5.0
arista,2,random_independent_pairs,joint,0.0769662233578714,0.0007082278209059,5.0,5491162645e69021470217b0178d64760be0b624fce0c97e92ff0d36f2f9bd11,Random interpolation,refreshed_matched_formal_evaluation,12bcafb4695e77275001dd99a7ab906a86af4113521da0a8a40358c9cc39cb92,8.0
arista,2,random_independent_pairs,state,0.0661526203433645,0.0010362526223042,5.0,5491162645e69021470217b0178d64760be0b624fce0c97e92ff0d36f2f9bd11,Random interpolation,refreshed_matched_formal_evaluation,12bcafb4695e77275001dd99a7ab906a86af4113521da0a8a40358c9cc39cb92,6.0
arista,2,random_independent_pairs,spatial,0.2241252896972467,0.0006247979172835,5.0,5491162645e69021470217b0178d64760be0b624fce0c97e92ff0d36f2f9bd11,Random interpolation,refreshed_matched_formal_evaluation,12bcafb4695e77275001dd99a7ab906a86af4113521da0a8a40358c9cc39cb92,8.0
arista,2,mioflow,state,0.0706045862050446,0.0008343846800169,5.0,5491162645e69021470217b0178d64760be0b624fce0c97e92ff0d36f2f9bd11,MIOFlow,refreshed_matched_formal_evaluation,12bcafb4695e77275001dd99a7ab906a86af4113521da0a8a40358c9cc39cb92,8.0
arista,2,stories,state,0.079400169874524,0.0007675029083875,5.0,5491162645e69021470217b0178d64760be0b624fce0c97e92ff0d36f2f9bd11,STORIES,refreshed_matched_formal_evaluation,12bcafb4695e77275001dd99a7ab906a86af4113521da0a8a40358c9cc39cb92,11.0
arista,2,wot,state,0.0699216384122229,0.0009663839359292,5.0,5491162645e69021470217b0178d64760be0b624fce0c97e92ff0d36f2f9bd11,Waddington-OT,refreshed_matched_formal_evaluation,12bcafb4695e77275001dd99a7ab906a86af4113521da0a8a40358c9cc39cb92,7.0
arista,3,CytoBridge-0.015,joint,0.0637158861787396,0.0017582391364557,5.0,5491162645e69021470217b0178d64760be0b624fce0c97e92ff0d36f2f9bd11,CytoBridge,refreshed_matched_formal_evaluation,12bcafb4695e77275001dd99a7ab906a86af4113521da0a8a40358c9cc39cb92,2.0
arista,3,CytoBridge-0.015,state,0.0643122206647393,0.0013294158343637,5.0,5491162645e69021470217b0178d64760be0b624fce0c97e92ff0d36f2f9bd11,CytoBridge,refreshed_matched_formal_evaluation,12bcafb4695e77275001dd99a7ab906a86af4113521da0a8a40358c9cc39cb92,3.0
arista,3,CytoBridge-0.015,spatial,0.0560061218772215,0.0004699361170019,5.0,5491162645e69021470217b0178d64760be0b624fce0c97e92ff0d36f2f9bd11,CytoBridge,refreshed_matched_formal_evaluation,12bcafb4695e77275001dd99a7ab906a86af4113521da0a8a40358c9cc39cb92,3.0
arista,3,stvcr,joint,0.0641524698461688,0.0009271451985498,5.0,5491162645e69021470217b0178d64760be0b624fce0c97e92ff0d36f2f9bd11,stVCR,refreshed_matched_formal_evaluation,12bcafb4695e77275001dd99a7ab906a86af4113521da0a8a40358c9cc39cb92,3.0
arista,3,stvcr,state,0.06513013317955,0.0014603057445951,5.0,5491162645e69021470217b0178d64760be0b624fce0c97e92ff0d36f2f9bd11,stVCR,refreshed_matched_formal_evaluation,12bcafb4695e77275001dd99a7ab906a86af4113521da0a8a40358c9cc39cb92,4.0
arista,3,stvcr,spatial,0.0686599831998542,0.0005921425541486,5.0,5491162645e69021470217b0178d64760be0b624fce0c97e92ff0d36f2f9bd11,stVCR,refreshed_matched_formal_evaluation,12bcafb4695e77275001dd99a7ab906a86af4113521da0a8a40358c9cc39cb92,4.0
arista,3,moscot,joint,0.0664770578601137,0.0009730378482414,5.0,5491162645e69021470217b0178d64760be0b624fce0c97e92ff0d36f2f9bd11,MOSCOT,refreshed_matched_formal_evaluation,12bcafb4695e77275001dd99a7ab906a86af4113521da0a8a40358c9cc39cb92,5.0
arista,3,moscot,state,0.0756992394473822,0.0007840738336181,5.0,5491162645e69021470217b0178d64760be0b624fce0c97e92ff0d36f2f9bd11,MOSCOT,refreshed_matched_formal_evaluation,12bcafb4695e77275001dd99a7ab906a86af4113521da0a8a40358c9cc39cb92,11.0
arista,3,moscot,spatial,0.0455622498292533,0.0003157928628405,5.0,5491162645e69021470217b0178d64760be0b624fce0c97e92ff0d36f2f9bd11,MOSCOT,refreshed_matched_formal_evaluation,12bcafb4695e77275001dd99a7ab906a86af4113521da0a8a40358c9cc39cb92,1.0
arista,3,paste,joint,0.0647792295127012,0.0013504991891157,5.0,5491162645e69021470217b0178d64760be0b624fce0c97e92ff0d36f2f9bd11,PASTE,refreshed_matched_formal_evaluation,12bcafb4695e77275001dd99a7ab906a86af4113521da0a8a40358c9cc39cb92,4.0
arista,3,paste,state,0.0598967878032073,0.0009951289124112,5.0,5491162645e69021470217b0178d64760be0b624fce0c97e92ff0d36f2f9bd11,PASTE,refreshed_matched_formal_evaluation,12bcafb4695e77275001dd99a7ab906a86af4113521da0a8a40358c9cc39cb92,1.0
arista,3,paste,spatial,0.1689868210369517,0.0029376931001356,5.0,5491162645e69021470217b0178d64760be0b624fce0c97e92ff0d36f2f9bd11,PASTE,refreshed_matched_formal_evaluation,12bcafb4695e77275001dd99a7ab906a86af4113521da0a8a40358c9cc39cb92,6.0
arista,3,spateo,joint,0.0666987575423076,0.0011703731266104,5.0,5491162645e69021470217b0178d64760be0b624fce0c97e92ff0d36f2f9bd11,Spateo,refreshed_matched_formal_evaluation,12bcafb4695e77275001dd99a7ab906a86af4113521da0a8a40358c9cc39cb92,6.0
arista,3,spateo,state,0.0746333553087444,0.000838474298119,5.0,5491162645e69021470217b0178d64760be0b624fce0c97e92ff0d36f2f9bd11,Spateo,refreshed_matched_formal_evaluation,12bcafb4695e77275001dd99a7ab906a86af4113521da0a8a40358c9cc39cb92,9.0
arista,3,spateo,spatial,0.072864956881747,0.0008333478178839,5.0,5491162645e69021470217b0178d64760be0b624fce0c97e92ff0d36f2f9bd11,Spateo,refreshed_matched_formal_evaluation,12bcafb4695e77275001dd99a7ab906a86af4113521da0a8a40358c9cc39cb92,5.0
arista,3,random_independent_pairs,joint,0.0789069890532036,0.0012114468650775,5.0,5491162645e69021470217b0178d64760be0b624fce0c97e92ff0d36f2f9bd11,Random interpolation,refreshed_matched_formal_evaluation,12bcafb4695e77275001dd99a7ab906a86af4113521da0a8a40358c9cc39cb92,8.0
arista,3,random_independent_pairs,state,0.0700248780354166,0.0007945063971525,5.0,5491162645e69021470217b0178d64760be0b624fce0c97e92ff0d36f2f9bd11,Random interpolation,refreshed_matched_formal_evaluation,12bcafb4695e77275001dd99a7ab906a86af4113521da0a8a40358c9cc39cb92,6.0
arista,3,random_independent_pairs,spatial,0.2147871527785695,0.0021651402381436,5.0,5491162645e69021470217b0178d64760be0b624fce0c97e92ff0d36f2f9bd11,Random interpolation,refreshed_matched_formal_evaluation,12bcafb4695e77275001dd99a7ab906a86af4113521da0a8a40358c9cc39cb92,8.0
arista,3,mioflow,state,0.0720933671127145,0.0007822669527281,5.0,5491162645e69021470217b0178d64760be0b624fce0c97e92ff0d36f2f9bd11,MIOFlow,refreshed_matched_formal_evaluation,12bcafb4695e77275001dd99a7ab906a86af4113521da0a8a40358c9cc39cb92,8.0
arista,3,stories,state,0.0754916452806595,0.0007157709723108,5.0,5491162645e69021470217b0178d64760be0b624fce0c97e92ff0d36f2f9bd11,STORIES,refreshed_matched_formal_evaluation,12bcafb4695e77275001dd99a7ab906a86af4113521da0a8a40358c9cc39cb92,10.0
arista,3,wot,state,0.0711294197932607,0.0008759454507228,5.0,5491162645e69021470217b0178d64760be0b624fce0c97e92ff0d36f2f9bd11,Waddington-OT,refreshed_matched_formal_evaluation,12bcafb4695e77275001dd99a7ab906a86af4113521da0a8a40358c9cc39cb92,7.0
admouse,1,CytoBridge-0.015,joint,0.0244668199582412,0.0003873400742571,5.0,fe5f6fe8465156abdb9bbaac973253c8db7ae745a83022cc83c3ad72c83403bc,CytoBridge,frozen_unaffected_formal_evaluation,1f23cae670adfccfa6d3f9230355f6801318244625d590b1e93cc4beec7aafc0,1.0
admouse,1,CytoBridge-0.015,state,0.0233735606468122,0.0002821449817186,5.0,fe5f6fe8465156abdb9bbaac973253c8db7ae745a83022cc83c3ad72c83403bc,CytoBridge,frozen_unaffected_formal_evaluation,1f23cae670adfccfa6d3f9230355f6801318244625d590b1e93cc4beec7aafc0,1.0
admouse,1,CytoBridge-0.015,spatial,0.0365305832686718,0.0004146993247459,5.0,fe5f6fe8465156abdb9bbaac973253c8db7ae745a83022cc83c3ad72c83403bc,CytoBridge,frozen_unaffected_formal_evaluation,1f23cae670adfccfa6d3f9230355f6801318244625d590b1e93cc4beec7aafc0,2.0
admouse,1,stvcr,joint,0.0290967559606287,0.0003879059342934,5.0,fe5f6fe8465156abdb9bbaac973253c8db7ae745a83022cc83c3ad72c83403bc,stVCR,frozen_unaffected_formal_evaluation,1f23cae670adfccfa6d3f9230355f6801318244625d590b1e93cc4beec7aafc0,2.0
admouse,1,stvcr,state,0.0250151172803794,0.0002965957911148,5.0,fe5f6fe8465156abdb9bbaac973253c8db7ae745a83022cc83c3ad72c83403bc,stVCR,frozen_unaffected_formal_evaluation,1f23cae670adfccfa6d3f9230355f6801318244625d590b1e93cc4beec7aafc0,2.0
admouse,1,stvcr,spatial,0.083049885931776,0.0007220015625854,5.0,fe5f6fe8465156abdb9bbaac973253c8db7ae745a83022cc83c3ad72c83403bc,stVCR,frozen_unaffected_formal_evaluation,1f23cae670adfccfa6d3f9230355f6801318244625d590b1e93cc4beec7aafc0,5.0
admouse,1,moscot,joint,0.0447501279788271,0.0002553780452549,5.0,fe5f6fe8465156abdb9bbaac973253c8db7ae745a83022cc83c3ad72c83403bc,MOSCOT,frozen_unaffected_formal_evaluation,1f23cae670adfccfa6d3f9230355f6801318244625d590b1e93cc4beec7aafc0,6.0
admouse,1,moscot,state,0.0532496816901294,0.000219429643561,5.0,fe5f6fe8465156abdb9bbaac973253c8db7ae745a83022cc83c3ad72c83403bc,MOSCOT,frozen_unaffected_formal_evaluation,1f23cae670adfccfa6d3f9230355f6801318244625d590b1e93cc4beec7aafc0,11.0
admouse,1,moscot,spatial,0.0423582211276815,0.0003440481247429,5.0,fe5f6fe8465156abdb9bbaac973253c8db7ae745a83022cc83c3ad72c83403bc,MOSCOT,frozen_unaffected_formal_evaluation,1f23cae670adfccfa6d3f9230355f6801318244625d590b1e93cc4beec7aafc0,3.0
admouse,1,paste,joint,0.0382481155519271,0.0002581259850131,5.0,fe5f6fe8465156abdb9bbaac973253c8db7ae745a83022cc83c3ad72c83403bc,PASTE,frozen_unaffected_formal_evaluation,1f23cae670adfccfa6d3f9230355f6801318244625d590b1e93cc4beec7aafc0,4.0
admouse,1,paste,state,0.0318130522798082,0.0003008239712181,5.0,fe5f6fe8465156abdb9bbaac973253c8db7ae745a83022cc83c3ad72c83403bc,PASTE,frozen_unaffected_formal_evaluation,1f23cae670adfccfa6d3f9230355f6801318244625d590b1e93cc4beec7aafc0,3.0
admouse,1,paste,spatial,0.1191093421622663,0.0010129187083148,5.0,fe5f6fe8465156abdb9bbaac973253c8db7ae745a83022cc83c3ad72c83403bc,PASTE,frozen_unaffected_formal_evaluation,1f23cae670adfccfa6d3f9230355f6801318244625d590b1e93cc4beec7aafc0,6.0
admouse,1,spateo,joint,0.0396130467463051,0.0001687039468239,5.0,fe5f6fe8465156abdb9bbaac973253c8db7ae745a83022cc83c3ad72c83403bc,Spateo,frozen_unaffected_formal_evaluation,1f23cae670adfccfa6d3f9230355f6801318244625d590b1e93cc4beec7aafc0,5.0
admouse,1,spateo,state,0.0455576841097946,0.0002233310118599,5.0,fe5f6fe8465156abdb9bbaac973253c8db7ae745a83022cc83c3ad72c83403bc,Spateo,frozen_unaffected_formal_evaluation,1f23cae670adfccfa6d3f9230355f6801318244625d590b1e93cc4beec7aafc0,8.0
admouse,1,spateo,spatial,0.0488248077435812,0.0004451715594114,5.0,fe5f6fe8465156abdb9bbaac973253c8db7ae745a83022cc83c3ad72c83403bc,Spateo,frozen_unaffected_formal_evaluation,1f23cae670adfccfa6d3f9230355f6801318244625d590b1e93cc4beec7aafc0,4.0
admouse,1,random_independent_pairs,joint,0.0620828020663164,0.0003776231291037,5.0,fe5f6fe8465156abdb9bbaac973253c8db7ae745a83022cc83c3ad72c83403bc,Random interpolation,frozen_unaffected_formal_evaluation,1f23cae670adfccfa6d3f9230355f6801318244625d590b1e93cc4beec7aafc0,8.0
admouse,1,random_independent_pairs,state,0.0484117900139154,0.0002386230310414,5.0,fe5f6fe8465156abdb9bbaac973253c8db7ae745a83022cc83c3ad72c83403bc,Random interpolation,frozen_unaffected_formal_evaluation,1f23cae670adfccfa6d3f9230355f6801318244625d590b1e93cc4beec7aafc0,10.0
admouse,1,random_independent_pairs,spatial,0.2118983648857288,0.0011129828399142,5.0,fe5f6fe8465156abdb9bbaac973253c8db7ae745a83022cc83c3ad72c83403bc,Random interpolation,frozen_unaffected_formal_evaluation,1f23cae670adfccfa6d3f9230355f6801318244625d590b1e93cc4beec7aafc0,8.0
admouse,1,mioflow,state,0.0336170015578846,0.0004049984563203,5.0,fe5f6fe8465156abdb9bbaac973253c8db7ae745a83022cc83c3ad72c83403bc,MIOFlow,frozen_unaffected_formal_evaluation,1f23cae670adfccfa6d3f9230355f6801318244625d590b1e93cc4beec7aafc0,5.0
admouse,1,stories,state,0.0453044509541891,0.0002782112000764,5.0,fe5f6fe8465156abdb9bbaac973253c8db7ae745a83022cc83c3ad72c83403bc,STORIES,frozen_unaffected_formal_evaluation,1f23cae670adfccfa6d3f9230355f6801318244625d590b1e93cc4beec7aafc0,7.0
admouse,1,wot,state,0.0474954437123942,0.0002625181150632,5.0,fe5f6fe8465156abdb9bbaac973253c8db7ae745a83022cc83c3ad72c83403bc,Waddington-OT,frozen_unaffected_formal_evaluation,1f23cae670adfccfa6d3f9230355f6801318244625d590b1e93cc4beec7aafc0,9.0
chicken_heart,1,CytoBridge-0.015,joint,0.0793220037128637,0.0007273123580442,5.0,f2f90b51525c6c9dab8a0ec7864eb43e12333bd7d899be39c70f7528ea9d20e3,CytoBridge,refreshed_matched_formal_evaluation,36ab9a2db6c3b310710528c4c1d23b3e6dedff9c8c0ddd294d21007e905a4b30,1.0
chicken_heart,1,CytoBridge-0.015,state,0.0807686035069609,0.0008288001122168,5.0,f2f90b51525c6c9dab8a0ec7864eb43e12333bd7d899be39c70f7528ea9d20e3,CytoBridge,refreshed_matched_formal_evaluation,36ab9a2db6c3b310710528c4c1d23b3e6dedff9c8c0ddd294d21007e905a4b30,1.0
chicken_heart,1,CytoBridge-0.015,spatial,0.0606785759632136,0.0003477372414187,5.0,f2f90b51525c6c9dab8a0ec7864eb43e12333bd7d899be39c70f7528ea9d20e3,CytoBridge,refreshed_matched_formal_evaluation,36ab9a2db6c3b310710528c4c1d23b3e6dedff9c8c0ddd294d21007e905a4b30,1.0
chicken_heart,1,stvcr,joint,0.1398879914134345,0.0013412808298244,5.0,f2f90b51525c6c9dab8a0ec7864eb43e12333bd7d899be39c70f7528ea9d20e3,stVCR,refreshed_matched_formal_evaluation,36ab9a2db6c3b310710528c4c1d23b3e6dedff9c8c0ddd294d21007e905a4b30,8.0
chicken_heart,1,stvcr,state,0.1335866033739924,0.0011224725170943,5.0,f2f90b51525c6c9dab8a0ec7864eb43e12333bd7d899be39c70f7528ea9d20e3,stVCR,refreshed_matched_formal_evaluation,36ab9a2db6c3b310710528c4c1d23b3e6dedff9c8c0ddd294d21007e905a4b30,11.0
chicken_heart,1,stvcr,spatial,0.2281049327113875,0.0007042440373449,5.0,f2f90b51525c6c9dab8a0ec7864eb43e12333bd7d899be39c70f7528ea9d20e3,stVCR,refreshed_matched_formal_evaluation,36ab9a2db6c3b310710528c4c1d23b3e6dedff9c8c0ddd294d21007e905a4b30,8.0
chicken_heart,1,moscot,joint,0.0972913882629238,0.0005763020951371,5.0,f2f90b51525c6c9dab8a0ec7864eb43e12333bd7d899be39c70f7528ea9d20e3,MOSCOT,refreshed_matched_formal_evaluation,36ab9a2db6c3b310710528c4c1d23b3e6dedff9c8c0ddd294d21007e905a4b30,5.0
chicken_heart,1,moscot,state,0.1001342261238391,0.0006939445019271,5.0,f2f90b51525c6c9dab8a0ec7864eb43e12333bd7d899be39c70f7528ea9d20e3,MOSCOT,refreshed_matched_formal_evaluation,36ab9a2db6c3b310710528c4c1d23b3e6dedff9c8c0ddd294d21007e905a4b30,7.0
chicken_heart,1,moscot,spatial,0.0818447572163577,0.0002866235869669,5.0,f2f90b51525c6c9dab8a0ec7864eb43e12333bd7d899be39c70f7528ea9d20e3,MOSCOT,refreshed_matched_formal_evaluation,36ab9a2db6c3b310710528c4c1d23b3e6dedff9c8c0ddd294d21007e905a4b30,3.0
chicken_heart,1,paste,joint,0.0950908206707167,0.0004469421381603,5.0,f2f90b51525c6c9dab8a0ec7864eb43e12333bd7d899be39c70f7528ea9d20e3,PASTE,refreshed_matched_formal_evaluation,36ab9a2db6c3b310710528c4c1d23b3e6dedff9c8c0ddd294d21007e905a4b30,4.0
chicken_heart,1,paste,state,0.0924056331574593,0.0007946230362868,5.0,f2f90b51525c6c9dab8a0ec7864eb43e12333bd7d899be39c70f7528ea9d20e3,PASTE,refreshed_matched_formal_evaluation,36ab9a2db6c3b310710528c4c1d23b3e6dedff9c8c0ddd294d21007e905a4b30,5.0
chicken_heart,1,paste,spatial,0.1561013638371332,0.0003658649777835,5.0,f2f90b51525c6c9dab8a0ec7864eb43e12333bd7d899be39c70f7528ea9d20e3,PASTE,refreshed_matched_formal_evaluation,36ab9a2db6c3b310710528c4c1d23b3e6dedff9c8c0ddd294d21007e905a4b30,5.0
chicken_heart,1,spateo,joint,0.1093626100912663,0.0003136669914502,5.0,f2f90b51525c6c9dab8a0ec7864eb43e12333bd7d899be39c70f7528ea9d20e3,Spateo,refreshed_matched_formal_evaluation,36ab9a2db6c3b310710528c4c1d23b3e6dedff9c8c0ddd294d21007e905a4b30,7.0
chicken_heart,1,spateo,state,0.103972188193546,0.0008380430063023,5.0,f2f90b51525c6c9dab8a0ec7864eb43e12333bd7d899be39c70f7528ea9d20e3,Spateo,refreshed_matched_formal_evaluation,36ab9a2db6c3b310710528c4c1d23b3e6dedff9c8c0ddd294d21007e905a4b30,10.0
chicken_heart,1,spateo,spatial,0.1949295773149631,0.0006922961709482,5.0,f2f90b51525c6c9dab8a0ec7864eb43e12333bd7d899be39c70f7528ea9d20e3,Spateo,refreshed_matched_formal_evaluation,36ab9a2db6c3b310710528c4c1d23b3e6dedff9c8c0ddd294d21007e905a4b30,6.0
chicken_heart,1,random_independent_pairs,joint,0.0894530133693937,0.0006975257858108,5.0,f2f90b51525c6c9dab8a0ec7864eb43e12333bd7d899be39c70f7528ea9d20e3,Random interpolation,refreshed_matched_formal_evaluation,36ab9a2db6c3b310710528c4c1d23b3e6dedff9c8c0ddd294d21007e905a4b30,3.0
chicken_heart,1,random_independent_pairs,state,0.0883031438143125,0.0008471357180119,5.0,f2f90b51525c6c9dab8a0ec7864eb43e12333bd7d899be39c70f7528ea9d20e3,Random interpolation,refreshed_matched_formal_evaluation,36ab9a2db6c3b310710528c4c1d23b3e6dedff9c8c0ddd294d21007e905a4b30,2.0
chicken_heart,1,random_independent_pairs,spatial,0.1221131094529509,0.0004994020506816,5.0,f2f90b51525c6c9dab8a0ec7864eb43e12333bd7d899be39c70f7528ea9d20e3,Random interpolation,refreshed_matched_formal_evaluation,36ab9a2db6c3b310710528c4c1d23b3e6dedff9c8c0ddd294d21007e905a4b30,4.0
chicken_heart,1,mioflow,state,0.088712619320909,0.0006154942275976,5.0,f2f90b51525c6c9dab8a0ec7864eb43e12333bd7d899be39c70f7528ea9d20e3,MIOFlow,refreshed_matched_formal_evaluation,36ab9a2db6c3b310710528c4c1d23b3e6dedff9c8c0ddd294d21007e905a4b30,3.0
chicken_heart,1,stories,state,0.0964989725636584,0.0008407474955716,5.0,f2f90b51525c6c9dab8a0ec7864eb43e12333bd7d899be39c70f7528ea9d20e3,STORIES,refreshed_matched_formal_evaluation,36ab9a2db6c3b310710528c4c1d23b3e6dedff9c8c0ddd294d21007e905a4b30,6.0
chicken_heart,1,wot,state,0.10298470179669,0.0007210430235173,5.0,f2f90b51525c6c9dab8a0ec7864eb43e12333bd7d899be39c70f7528ea9d20e3,Waddington-OT,refreshed_matched_formal_evaluation,36ab9a2db6c3b310710528c4c1d23b3e6dedff9c8c0ddd294d21007e905a4b30,9.0
chicken_heart,2,CytoBridge-0.015,joint,0.0722430375915719,0.0010018773422817,5.0,f2f90b51525c6c9dab8a0ec7864eb43e12333bd7d899be39c70f7528ea9d20e3,CytoBridge,refreshed_matched_formal_evaluation,36ab9a2db6c3b310710528c4c1d23b3e6dedff9c8c0ddd294d21007e905a4b30,5.0
chicken_heart,2,CytoBridge-0.015,state,0.0734386389633914,0.0004474887441978,5.0,f2f90b51525c6c9dab8a0ec7864eb43e12333bd7d899be39c70f7528ea9d20e3,CytoBridge,refreshed_matched_formal_evaluation,36ab9a2db6c3b310710528c4c1d23b3e6dedff9c8c0ddd294d21007e905a4b30,9.0
chicken_heart,2,CytoBridge-0.015,spatial,0.0637139129578999,0.000467478183414,5.0,f2f90b51525c6c9dab8a0ec7864eb43e12333bd7d899be39c70f7528ea9d20e3,CytoBridge,refreshed_matched_formal_evaluation,36ab9a2db6c3b310710528c4c1d23b3e6dedff9c8c0ddd294d21007e905a4b30,3.0
chicken_heart,2,stvcr,joint,0.2789706006153659,0.0039826819113947,5.0,f2f90b51525c6c9dab8a0ec7864eb43e12333bd7d899be39c70f7528ea9d20e3,stVCR,refreshed_matched_formal_evaluation,36ab9a2db6c3b310710528c4c1d23b3e6dedff9c8c0ddd294d21007e905a4b30,8.0
chicken_heart,2,stvcr,state,0.2890855845478248,0.0042290638564715,5.0,f2f90b51525c6c9dab8a0ec7864eb43e12333bd7d899be39c70f7528ea9d20e3,stVCR,refreshed_matched_formal_evaluation,36ab9a2db6c3b310710528c4c1d23b3e6dedff9c8c0ddd294d21007e905a4b30,11.0
chicken_heart,2,stvcr,spatial,0.1942842091890406,0.0016563708852427,5.0,f2f90b51525c6c9dab8a0ec7864eb43e12333bd7d899be39c70f7528ea9d20e3,stVCR,refreshed_matched_formal_evaluation,36ab9a2db6c3b310710528c4c1d23b3e6dedff9c8c0ddd294d21007e905a4b30,8.0
chicken_heart,2,moscot,joint,0.0653429156506722,0.0006545689251564,5.0,f2f90b51525c6c9dab8a0ec7864eb43e12333bd7d899be39c70f7528ea9d20e3,MOSCOT,refreshed_matched_formal_evaluation,36ab9a2db6c3b310710528c4c1d23b3e6dedff9c8c0ddd294d21007e905a4b30,3.0
chicken_heart,2,moscot,state,0.0720714437566267,0.0006372024020678,5.0,f2f90b51525c6c9dab8a0ec7864eb43e12333bd7d899be39c70f7528ea9d20e3,MOSCOT,refreshed_matched_formal_evaluation,36ab9a2db6c3b310710528c4c1d23b3e6dedff9c8c0ddd294d21007e905a4b30,7.0
chicken_heart,2,moscot,spatial,0.0569256759618945,0.0005658739903489,5.0,f2f90b51525c6c9dab8a0ec7864eb43e12333bd7d899be39c70f7528ea9d20e3,MOSCOT,refreshed_matched_formal_evaluation,36ab9a2db6c3b310710528c4c1d23b3e6dedff9c8c0ddd294d21007e905a4b30,1.0
chicken_heart,2,paste,joint,0.062513657945447,0.000664666330157,5.0,f2f90b51525c6c9dab8a0ec7864eb43e12333bd7d899be39c70f7528ea9d20e3,PASTE,refreshed_matched_formal_evaluation,36ab9a2db6c3b310710528c4c1d23b3e6dedff9c8c0ddd294d21007e905a4b30,2.0
chicken_heart,2,paste,state,0.0601320737623332,0.0007622147093133,5.0,f2f90b51525c6c9dab8a0ec7864eb43e12333bd7d899be39c70f7528ea9d20e3,PASTE,refreshed_matched_formal_evaluation,36ab9a2db6c3b310710528c4c1d23b3e6dedff9c8c0ddd294d21007e905a4b30,1.0
chicken_heart,2,paste,spatial,0.1139988880027051,0.0006428556995624,5.0,f2f90b51525c6c9dab8a0ec7864eb43e12333bd7d899be39c70f7528ea9d20e3,PASTE,refreshed_matched_formal_evaluation,36ab9a2db6c3b310710528c4c1d23b3e6dedff9c8c0ddd294d21007e905a4b30,4.0
chicken_heart,2,spateo,joint,0.0831970405382432,0.0009707768698046,5.0,f2f90b51525c6c9dab8a0ec7864eb43e12333bd7d899be39c70f7528ea9d20e3,Spateo,refreshed_matched_formal_evaluation,36ab9a2db6c3b310710528c4c1d23b3e6dedff9c8c0ddd294d21007e905a4b30,7.0
chicken_heart,2,spateo,state,0.0760303432201881,0.0007298652380205,5.0,f2f90b51525c6c9dab8a0ec7864eb43e12333bd7d899be39c70f7528ea9d20e3,Spateo,refreshed_matched_formal_evaluation,36ab9a2db6c3b310710528c4c1d23b3e6dedff9c8c0ddd294d21007e905a4b30,10.0
chicken_heart,2,spateo,spatial,0.1859590452704177,0.0009878955806395,5.0,f2f90b51525c6c9dab8a0ec7864eb43e12333bd7d899be39c70f7528ea9d20e3,Spateo,refreshed_matched_formal_evaluation,36ab9a2db6c3b310710528c4c1d23b3e6dedff9c8c0ddd294d21007e905a4b30,6.0
chicken_heart,2,random_independent_pairs,joint,0.068846212957865,0.0006213243528594,5.0,f2f90b51525c6c9dab8a0ec7864eb43e12333bd7d899be39c70f7528ea9d20e3,Random interpolation,refreshed_matched_formal_evaluation,36ab9a2db6c3b310710528c4c1d23b3e6dedff9c8c0ddd294d21007e905a4b30,4.0
chicken_heart,2,random_independent_pairs,state,0.0647459864909186,0.0006929722397624,5.0,f2f90b51525c6c9dab8a0ec7864eb43e12333bd7d899be39c70f7528ea9d20e3,Random interpolation,refreshed_matched_formal_evaluation,36ab9a2db6c3b310710528c4c1d23b3e6dedff9c8c0ddd294d21007e905a4b30,4.0
chicken_heart,2,random_independent_pairs,spatial,0.1374419815751308,0.0007429751241246,5.0,f2f90b51525c6c9dab8a0ec7864eb43e12333bd7d899be39c70f7528ea9d20e3,Random interpolation,refreshed_matched_formal_evaluation,36ab9a2db6c3b310710528c4c1d23b3e6dedff9c8c0ddd294d21007e905a4b30,5.0
chicken_heart,2,mioflow,state,0.0603438145004941,0.0006856866114718,5.0,f2f90b51525c6c9dab8a0ec7864eb43e12333bd7d899be39c70f7528ea9d20e3,MIOFlow,refreshed_matched_formal_evaluation,36ab9a2db6c3b310710528c4c1d23b3e6dedff9c8c0ddd294d21007e905a4b30,3.0
chicken_heart,2,stories,state,0.0664035470598761,0.0006993058153333,5.0,f2f90b51525c6c9dab8a0ec7864eb43e12333bd7d899be39c70f7528ea9d20e3,STORIES,refreshed_matched_formal_evaluation,36ab9a2db6c3b310710528c4c1d23b3e6dedff9c8c0ddd294d21007e905a4b30,5.0
chicken_heart,2,wot,state,0.0715805155181854,0.000744688873271,5.0,f2f90b51525c6c9dab8a0ec7864eb43e12333bd7d899be39c70f7528ea9d20e3,Waddington-OT,refreshed_matched_formal_evaluation,36ab9a2db6c3b310710528c4c1d23b3e6dedff9c8c0ddd294d21007e905a4b30,6.0
zebrafish,1,exact_ot_displacement,joint,0.0688292566870364,0.0005044333956549139,5.0,,Linear OT displacement,,,2.0
zebrafish,1,exact_ot_displacement,spatial,0.07522871552346554,0.0002830011734588426,5.0,,Linear OT displacement,,,2.0
zebrafish,1,exact_ot_displacement,state,0.06903821739682811,0.001451609488245393,5.0,,Linear OT displacement,,,2.0
zebrafish,2,exact_ot_displacement,joint,0.06152385182666238,0.0009211628320980599,5.0,,Linear OT displacement,,,2.0
zebrafish,2,exact_ot_displacement,spatial,0.04357867161229724,0.00034080842782870574,5.0,,Linear OT displacement,,,1.0
zebrafish,2,exact_ot_displacement,state,0.06665290776111324,0.0005716334614134628,5.0,,Linear OT displacement,,,2.0
zebrafish,3,exact_ot_displacement,joint,0.04263293639235432,0.0006421587682772172,5.0,,Linear OT displacement,,,2.0
zebrafish,3,exact_ot_displacement,spatial,0.10935058978273522,0.000786877380580112,5.0,,Linear OT displacement,,,4.0
zebrafish,3,exact_ot_displacement,state,0.03928717614300932,0.00034356328660410066,5.0,,Linear OT displacement,,,2.0
mosta,1,exact_ot_displacement,joint,0.045087572956222996,0.0007276204069935132,5.0,,Linear OT displacement,,,1.0
mosta,1,exact_ot_displacement,spatial,0.036285569075652405,0.00022400586012148876,5.0,,Linear OT displacement,,,1.0
mosta,1,exact_ot_displacement,state,0.04700764692632092,0.001069938724382624,5.0,,Linear OT displacement,,,2.0
mosta,2,exact_ot_displacement,joint,0.04951060689634898,0.0009271204457693107,5.0,,Linear OT displacement,,,1.0
mosta,2,exact_ot_displacement,spatial,0.059134198148873066,0.00011989512069206701,5.0,,Linear OT displacement,,,2.0
mosta,2,exact_ot_displacement,state,0.047739975680898786,0.0010843963737144915,5.0,,Linear OT displacement,,,2.0
arista,1,exact_ot_displacement,joint,0.04771189211296808,0.0006515311827561882,5.0,,Linear OT displacement,,,1.0
arista,1,exact_ot_displacement,spatial,0.026869192727349424,9.891775578093767e-05,5.0,,Linear OT displacement,,,1.0
arista,1,exact_ot_displacement,state,0.05070020519535904,0.0007484413620347493,5.0,,Linear OT displacement,,,3.0
arista,2,exact_ot_displacement,joint,0.054716033642929464,0.0007419393071341369,5.0,,Linear OT displacement,,,1.0
arista,2,exact_ot_displacement,spatial,0.04579120751733538,0.00012780080649368796,5.0,,Linear OT displacement,,,1.0
arista,2,exact_ot_displacement,state,0.05655296832815596,0.0012179540578501386,5.0,,Linear OT displacement,,,3.0
arista,3,exact_ot_displacement,joint,0.05701048947425717,0.0012090980285192432,5.0,,Linear OT displacement,,,1.0
arista,3,exact_ot_displacement,spatial,0.04601413267447468,0.00030955867411045884,5.0,,Linear OT displacement,,,2.0
arista,3,exact_ot_displacement,state,0.060621336574050756,0.0009736860459315233,5.0,,Linear OT displacement,,,2.0
admouse,1,exact_ot_displacement,joint,0.029943918330906476,0.0003202561916998315,5.0,,Linear OT displacement,,,3.0
admouse,1,exact_ot_displacement,spatial,0.032747739758191056,8.897536974419344e-05,5.0,,Linear OT displacement,,,1.0
admouse,1,exact_ot_displacement,state,0.03270042208490404,0.00027707434491934036,5.0,,Linear OT displacement,,,4.0
chicken_heart,1,exact_ot_displacement,joint,0.08880808182214256,0.0006236172824309436,5.0,,Linear OT displacement,,,2.0
chicken_heart,1,exact_ot_displacement,spatial,0.061229341497727116,0.00035169406812234717,5.0,,Linear OT displacement,,,2.0
chicken_heart,1,exact_ot_displacement,state,0.091887050232778,0.000773561564927059,5.0,,Linear OT displacement,,,4.0
chicken_heart,2,exact_ot_displacement,joint,0.0565887233836019,0.0006463100058931311,5.0,,Linear OT displacement,,,1.0
chicken_heart,2,exact_ot_displacement,spatial,0.06011090547944335,0.0006383137763889119,5.0,,Linear OT displacement,,,2.0
chicken_heart,2,exact_ot_displacement,state,0.06030495117497512,0.000729955835879466,5.0,,Linear OT displacement,,,2.0
admouse,1,spatrack_pca,joint,0.04933459267954718,,,,SpaTrack,,,7.0
admouse,1,spatrack_pca,spatial,0.1539863398307691,,,,SpaTrack,,,7.0
admouse,1,spatrack_pca,state,0.040732324577771116,,,,SpaTrack,,,6.0
arista,1,spatrack_pca,joint,0.07591849407649855,,,,SpaTrack,,,8.0
arista,1,spatrack_pca,spatial,0.24780914058350173,,,,SpaTrack,,,8.0
arista,1,spatrack_pca,state,0.060404254172740424,,,,SpaTrack,,,5.0
arista,2,spatrack_pca,joint,0.07611644630081127,,,,SpaTrack,,,7.0
arista,2,spatrack_pca,spatial,0.22341651396423715,,,,SpaTrack,,,7.0
arista,2,spatrack_pca,state,0.06474168303897214,,,,SpaTrack,,,5.0
arista,3,spatrack_pca,joint,0.07600391297626456,,,,SpaTrack,,,7.0
arista,3,spatrack_pca,spatial,0.20616656978972228,,,,SpaTrack,,,7.0
arista,3,spatrack_pca,state,0.06686391808005802,,,,SpaTrack,,,5.0
chicken_heart,1,spatrack_pca,joint,0.10779949049253659,,,,SpaTrack,,,6.0
chicken_heart,1,spatrack_pca,spatial,0.19754291432067442,,,,SpaTrack,,,7.0
chicken_heart,1,spatrack_pca,state,0.10296193529778033,,,,SpaTrack,,,8.0
chicken_heart,2,spatrack_pca,joint,0.07984628036981592,,,,SpaTrack,,,6.0
chicken_heart,2,spatrack_pca,spatial,0.19332333070837388,,,,SpaTrack,,,7.0
chicken_heart,2,spatrack_pca,state,0.07252325139407986,,,,SpaTrack,,,8.0
mosta,1,spatrack_pca,joint,0.06309984973939324,,,,SpaTrack,,,7.0
mosta,1,spatrack_pca,spatial,0.17369468832221802,,,,SpaTrack,,,8.0
mosta,1,spatrack_pca,state,0.055509186973539196,,,,SpaTrack,,,5.0
mosta,2,spatrack_pca,joint,0.07557528867520966,,,,SpaTrack,,,8.0
mosta,2,spatrack_pca,spatial,0.2866714287595134,,,,SpaTrack,,,8.0
mosta,2,spatrack_pca,state,0.05410903030574106,,,,SpaTrack,,,4.0
zebrafish,1,spatrack_pca,joint,0.09278416436990784,,,,SpaTrack,,,6.0
zebrafish,1,spatrack_pca,spatial,0.25275232755573995,,,,SpaTrack,,,8.0
zebrafish,1,spatrack_pca,state,0.08144570027960564,,,,SpaTrack,,,6.0
zebrafish,2,spatrack_pca,joint,0.08811386956670271,,,,SpaTrack,,,7.0
zebrafish,2,spatrack_pca,spatial,0.15964906244855995,,,,SpaTrack,,,6.0
zebrafish,2,spatrack_pca,state,0.08417471488226189,,,,SpaTrack,,,6.0
zebrafish,3,spatrack_pca,joint,0.05467828044809135,,,,SpaTrack,,,5.0
zebrafish,3,spatrack_pca,spatial,0.15823218695729735,,,,SpaTrack,,,7.0
zebrafish,3,spatrack_pca,state,0.046176099642212344,,,,SpaTrack,,,5.0
