dataset,target,method,space,sliced_w2,projection_sd,n_projection_repeats,display_name
zebrafish,1,CytoBridge-0.015,joint,0.05831315763062528,0.0008955937426602611,5,CytoBridge
zebrafish,2,CytoBridge-0.015,joint,0.056431085188384675,0.0007314269862939093,5,CytoBridge
zebrafish,3,CytoBridge-0.015,joint,0.061056142794240056,0.0005485193972303583,5,CytoBridge
zebrafish,1,exact_ot_displacement,joint,0.0688292566870364,0.0005044333956549139,5,Linear OT displacement
zebrafish,2,exact_ot_displacement,joint,0.06152385182666238,0.0009211628320980599,5,Linear OT displacement
zebrafish,3,exact_ot_displacement,joint,0.04263293639235432,0.0006421587682772172,5,Linear OT displacement
zebrafish,1,moscot,joint,0.08230400630517758,0.0004877749680463999,5,MOSCOT
zebrafish,2,moscot,joint,0.07898426802547508,0.0010204026433908548,5,MOSCOT
zebrafish,3,moscot,joint,0.04577189379160804,0.000708840657498028,5,MOSCOT
zebrafish,1,paste,joint,0.07758394403929134,0.0005784639015377186,5,PASTE
zebrafish,2,paste,joint,0.06870323785872325,0.0006586867777606786,5,PASTE
zebrafish,3,paste,joint,0.04186947799001108,0.0007268355282389345,5,PASTE
zebrafish,1,random_independent_pairs,joint,0.08095598346063751,0.0006278540286208695,5,Random interpolation
zebrafish,2,random_independent_pairs,joint,0.0852250201391158,0.0005377505844944746,5,Random interpolation
zebrafish,3,random_independent_pairs,joint,0.047911185002062276,0.0007674327577185433,5,Random interpolation
zebrafish,1,spateo,joint,0.0941852166404225,0.000617032960652872,5,Spateo
zebrafish,2,spateo,joint,0.08541812571216538,0.0009592080110295851,5,Spateo
zebrafish,3,spateo,joint,0.07500340005577191,0.001303316843941918,5,Spateo
zebrafish,1,stvcr,joint,0.1104480398524635,0.0008249801461196087,5,stVCR
zebrafish,2,stvcr,joint,0.12477104314165857,0.002006806705704571,5,stVCR
zebrafish,3,stvcr,joint,0.07088266722818208,0.0006468450718101319,5,stVCR
zebrafish,1,CytoBridge-0.015,spatial,0.049453693154834596,0.00018055448586479068,5,CytoBridge
zebrafish,2,CytoBridge-0.015,spatial,0.0440712003259938,0.00023535647234461157,5,CytoBridge
zebrafish,3,CytoBridge-0.015,spatial,0.05873256087900562,0.0003841997895703599,5,CytoBridge
zebrafish,1,exact_ot_displacement,spatial,0.07522871552346554,0.0002830011734588426,5,Linear OT displacement
zebrafish,2,exact_ot_displacement,spatial,0.04357867161229724,0.00034080842782870574,5,Linear OT displacement
zebrafish,3,exact_ot_displacement,spatial,0.10935058978273522,0.000786877380580112,5,Linear OT displacement
zebrafish,1,moscot,spatial,0.0847153398883314,0.0003027551035783154,5,MOSCOT
zebrafish,2,moscot,spatial,0.05652428961976308,0.00042426798267608285,5,MOSCOT
zebrafish,3,moscot,spatial,0.09471069727356243,0.0007040334386979334,5,MOSCOT
zebrafish,1,paste,spatial,0.2095558599305038,0.0005922216102140246,5,PASTE
zebrafish,2,paste,spatial,0.11313126393512926,0.0005270788667975385,5,PASTE
zebrafish,3,paste,spatial,0.09796584510701274,0.0004894622508696231,5,PASTE
zebrafish,1,random_independent_pairs,spatial,0.17808305623934045,0.00044142823708716327,5,Random interpolation
zebrafish,2,random_independent_pairs,spatial,0.1817510143637454,0.00018854205292921785,5,Random interpolation
zebrafish,3,random_independent_pairs,spatial,0.1322068160026575,0.0005553374111360286,5,Random interpolation
zebrafish,1,spateo,spatial,0.1681513412923871,0.0017270903420247645,5,Spateo
zebrafish,2,spateo,spatial,0.13475455354736604,0.0020472898354816052,5,Spateo
zebrafish,3,spateo,spatial,0.3025047903992165,0.0026604261842166953,5,Spateo
zebrafish,1,stvcr,spatial,0.18977452600008574,0.0008015071003588193,5,stVCR
zebrafish,2,stvcr,spatial,0.2998430164368569,0.0036094111102245373,5,stVCR
zebrafish,3,stvcr,spatial,0.13411448479103139,0.0012091783874767052,5,stVCR
zebrafish,1,CytoBridge-0.015,state,0.0565339432202346,0.0014358733976434152,5,CytoBridge
zebrafish,2,CytoBridge-0.015,state,0.05685619320726536,0.0018801112972920597,5,CytoBridge
zebrafish,3,CytoBridge-0.015,state,0.06231106914135408,0.000543095308920214,5,CytoBridge
zebrafish,1,exact_ot_displacement,state,0.06903821739682811,0.001451609488245393,5,Linear OT displacement
zebrafish,2,exact_ot_displacement,state,0.06665290776111324,0.0005716334614134628,5,Linear OT displacement
zebrafish,3,exact_ot_displacement,state,0.03928717614300932,0.00034356328660410066,5,Linear OT displacement
zebrafish,1,mioflow,state,0.07803817160474787,0.0009285463062450307,5,MIOFlow
zebrafish,2,mioflow,state,0.08608800615064896,0.0004136375927640429,5,MIOFlow
zebrafish,3,mioflow,state,0.04473469706253788,0.00036178341404967184,5,MIOFlow
zebrafish,1,moscot,state,0.08530478752428872,0.001299661293549732,5,MOSCOT
zebrafish,2,moscot,state,0.08733374059965651,0.0004215431651932187,5,MOSCOT
zebrafish,3,moscot,state,0.04856006709094512,0.00022793675350407883,5,MOSCOT
zebrafish,1,paste,state,0.06952751664098508,0.0014647725651496496,5,PASTE
zebrafish,2,paste,state,0.06746493985020842,0.0005296105293416222,5,PASTE
zebrafish,3,paste,state,0.03920168850275746,0.0003635788296465812,5,PASTE
zebrafish,1,random_independent_pairs,state,0.0754987502859784,0.001413344630385116,5,Random interpolation
zebrafish,2,random_independent_pairs,state,0.08070601180820317,0.0004917078969639228,5,Random interpolation
zebrafish,3,random_independent_pairs,state,0.04289483738332744,0.00030219576585317667,5,Random interpolation
zebrafish,1,spateo,state,0.09549218369249594,0.001243766881663427,5,Spateo
zebrafish,2,spateo,state,0.09035861000161557,0.0002900221627013549,5,Spateo
zebrafish,3,spateo,state,0.04653753547366082,0.0002059029624190388,5,Spateo
zebrafish,1,stories,state,0.09089792974050308,0.0012147869223468714,5,STORIES
zebrafish,2,stories,state,0.08829371221007214,0.000398307358586928,5,STORIES
zebrafish,3,stories,state,0.04677271738165404,0.0003212857476467493,5,STORIES
zebrafish,1,stvcr,state,0.10645096309188655,0.0013416706860635416,5,stVCR
zebrafish,2,stvcr,state,0.11638352442895825,0.0027650863555602296,5,stVCR
zebrafish,3,stvcr,state,0.07126364246681867,0.0004578382767481197,5,stVCR
zebrafish,1,wot,state,0.08481758168003428,0.00131016862368051,5,Waddington-OT
zebrafish,2,wot,state,0.0840103250601117,0.0003709798460626525,5,Waddington-OT
zebrafish,3,wot,state,0.04709352260695486,0.0002738245574502003,5,Waddington-OT
mosta,1,CytoBridge-0.015,joint,0.05143740291474126,0.0008494246121392042,5,CytoBridge
mosta,2,CytoBridge-0.015,joint,0.05395540315928214,0.0010942153279477594,5,CytoBridge
mosta,1,exact_ot_displacement,joint,0.045087572956222996,0.0007276204069935132,5,Linear OT displacement
mosta,2,exact_ot_displacement,joint,0.04951060689634898,0.0009271204457693107,5,Linear OT displacement
mosta,1,moscot,joint,0.05537664842446784,0.0005946859968833584,5,MOSCOT
mosta,2,moscot,joint,0.060293849629379434,0.0006495620499281961,5,MOSCOT
mosta,1,paste,joint,0.04949752171362162,0.0006908848529190926,5,PASTE
mosta,2,paste,joint,0.0597950639433811,0.000816654614965326,5,PASTE
mosta,1,random_independent_pairs,joint,0.06410571299827926,0.0007043526546388386,5,Random interpolation
mosta,2,random_independent_pairs,joint,0.07201704896386796,0.0006786227819714119,5,Random interpolation
mosta,1,spateo,joint,0.06264946590071076,0.0006260618869403179,5,Spateo
mosta,2,spateo,joint,0.06365840345746063,0.0008224958923621118,5,Spateo
mosta,1,stvcr,joint,0.047728942072083405,0.0006251379491769006,5,stVCR
mosta,2,stvcr,joint,0.056699868633708614,0.0014379419783554185,5,stVCR
mosta,1,CytoBridge-0.015,spatial,0.04973698848077734,0.00042473178323414445,5,CytoBridge
mosta,2,CytoBridge-0.015,spatial,0.06975839855139991,0.00020248898471914546,5,CytoBridge
mosta,1,exact_ot_displacement,spatial,0.036285569075652405,0.00022400586012148876,5,Linear OT displacement
mosta,2,exact_ot_displacement,spatial,0.059134198148873066,0.00011989512069206701,5,Linear OT displacement
mosta,1,moscot,spatial,0.04984913557163616,0.0003927633287156894,5,MOSCOT
mosta,2,moscot,spatial,0.08056148487670525,0.0001285751892066482,5,MOSCOT
mosta,1,paste,spatial,0.10544777578641829,0.0007124345263063795,5,PASTE
mosta,2,paste,spatial,0.20959793409091648,0.0004253951868187888,5,PASTE
mosta,1,random_independent_pairs,spatial,0.16943838482958,0.00018171404072412693,5,Random interpolation
mosta,2,random_independent_pairs,spatial,0.24442131316959567,0.00047320564296151154,5,Random interpolation
mosta,1,spateo,spatial,0.11312091462556657,0.00018541544614796119,5,Spateo
mosta,2,spateo,spatial,0.12257558597453122,0.0006217101508247429,5,Spateo
mosta,1,stvcr,spatial,0.082949906724098,0.0005362834444793241,5,stVCR
mosta,2,stvcr,spatial,0.04517617545446348,0.00015512953060305796,5,stVCR
mosta,1,CytoBridge-0.015,state,0.05144806574952167,0.0017612560362374025,5,CytoBridge
mosta,2,CytoBridge-0.015,state,0.05211167689014612,0.0011906555150632608,5,CytoBridge
mosta,1,exact_ot_displacement,state,0.04700764692632092,0.001069938724382624,5,Linear OT displacement
mosta,2,exact_ot_displacement,state,0.047739975680898786,0.0010843963737144915,5,Linear OT displacement
mosta,1,mioflow,state,0.06942174696726819,0.001621579484990376,5,MIOFlow
mosta,2,mioflow,state,0.057739217309916234,0.0009019858986616645,5,MIOFlow
mosta,1,moscot,state,0.06066365467656341,0.0008499328414162432,5,MOSCOT
mosta,2,moscot,state,0.062001324393194744,0.0008029096619628247,5,MOSCOT
mosta,1,paste,state,0.04661876366330248,0.001102165880114743,5,PASTE
mosta,2,paste,state,0.04732505920806038,0.0011055086812946375,5,PASTE
mosta,1,random_independent_pairs,state,0.056795591127000424,0.0009016277065786062,5,Random interpolation
mosta,2,random_independent_pairs,state,0.05519247975843002,0.0009594804470480931,5,Random interpolation
mosta,1,spateo,state,0.061520856042490676,0.0008258253017271223,5,Spateo
mosta,2,spateo,state,0.06055521061685985,0.0007850848347196083,5,Spateo
mosta,1,stories,state,0.056311245060815085,0.0008671749147484425,5,STORIES
mosta,2,stories,state,0.061487632470173206,0.0009107889556194173,5,STORIES
mosta,1,stvcr,state,0.047040226209862576,0.0008422581787108198,5,stVCR
mosta,2,stvcr,state,0.05550089310064724,0.0014635336224028755,5,stVCR
mosta,1,wot,state,0.0584301502316632,0.0009023866682406168,5,Waddington-OT
mosta,2,wot,state,0.05779919979571346,0.0008838977816919845,5,Waddington-OT
arista,1,CytoBridge-0.015,joint,0.04857350444759282,0.0014868676259466803,5,CytoBridge
arista,2,CytoBridge-0.015,joint,0.06973337921405057,0.0012422185094217398,5,CytoBridge
arista,3,CytoBridge-0.015,joint,0.07474027972887376,0.0025258500471040547,5,CytoBridge
arista,1,exact_ot_displacement,joint,0.0432488470009874,0.0012984157524908724,5,Linear OT displacement
arista,2,exact_ot_displacement,joint,0.06255304682350245,0.0009464835271395798,5,Linear OT displacement
arista,3,exact_ot_displacement,joint,0.06591572458861363,0.0015369501292273775,5,Linear OT displacement
arista,1,moscot,joint,0.05539097219253952,0.0010537813945661414,5,MOSCOT
arista,2,moscot,joint,0.076038272675061,0.0008021749677164365,5,MOSCOT
arista,3,moscot,joint,0.07364430138835185,0.001437866606333239,5,MOSCOT
arista,1,paste,joint,0.05506096875782518,0.0010685236429455725,5,PASTE
arista,2,paste,joint,0.07135617548862247,0.0007874855925412746,5,PASTE
arista,3,paste,joint,0.0728187511218931,0.0013213948876396012,5,PASTE
arista,1,random_independent_pairs,joint,0.06724201227572887,0.0009509174694334899,5,Random interpolation
arista,2,random_independent_pairs,joint,0.08528853300813673,0.0005940750271429864,5,Random interpolation
arista,3,random_independent_pairs,joint,0.08541979960183962,0.0012131773308580699,5,Random interpolation
arista,1,spateo,joint,0.054818251310687315,0.001036961733504806,5,Spateo
arista,2,spateo,joint,0.0754178232700044,0.0007936134273214154,5,Spateo
arista,3,spateo,joint,0.07590358312461364,0.0018407101802871593,5,Spateo
arista,1,stvcr,joint,0.04245584370931156,0.0008972592058649845,5,stVCR
arista,2,stvcr,joint,0.060785115277384505,0.001225127178432331,5,stVCR
arista,3,stvcr,joint,0.07645593100772614,0.002489451379466025,5,stVCR
arista,1,CytoBridge-0.015,spatial,0.033126309184606004,7.765356572354205e-05,5,CytoBridge
arista,2,CytoBridge-0.015,spatial,0.052235822625741224,0.0002652934697340518,5,CytoBridge
arista,3,CytoBridge-0.015,spatial,0.0884180135099619,0.0011957855035115439,5,CytoBridge
arista,1,exact_ot_displacement,spatial,0.03601632898191039,0.00018026739720249506,5,Linear OT displacement
arista,2,exact_ot_displacement,spatial,0.051868856417985575,6.653421637226555e-05,5,Linear OT displacement
arista,3,exact_ot_displacement,spatial,0.0531207439702571,0.0007630450387129841,5,Linear OT displacement
arista,1,moscot,spatial,0.04904554740884098,0.00012573438589201462,5,MOSCOT
arista,2,moscot,spatial,0.07026563024914544,0.00016011960434554197,5,MOSCOT
arista,3,moscot,spatial,0.0530749905816541,0.0005444426595033286,5,MOSCOT
arista,1,paste,spatial,0.21378479634975625,0.00140947655374836,5,PASTE
arista,2,paste,spatial,0.1922252124087071,0.0009671196896073213,5,PASTE
arista,3,paste,spatial,0.1795922014015983,0.0028202717488399606,5,PASTE
arista,1,random_independent_pairs,spatial,0.2289803458192555,0.0010678339069437454,5,Random interpolation
arista,2,random_independent_pairs,spatial,0.23051688956763688,0.000666942605535397,5,Random interpolation
arista,3,random_independent_pairs,spatial,0.21843647115451748,0.0022781466272988977,5,Random interpolation
arista,1,spateo,spatial,0.039779181706926,0.00011035859812592836,5,Spateo
arista,2,spateo,spatial,0.0768669659163302,0.0002374802157083525,5,Spateo
arista,3,spateo,spatial,0.11737378014112998,0.001795034140398511,5,Spateo
arista,1,stvcr,spatial,0.06083366607564494,0.00025940045508774973,5,stVCR
arista,2,stvcr,spatial,0.06243741829655962,0.0003284332048248703,5,stVCR
arista,3,stvcr,spatial,0.08149233130190923,0.0011028555703226411,5,stVCR
arista,1,CytoBridge-0.015,state,0.04756038891126872,0.001030351126949508,5,CytoBridge
arista,2,CytoBridge-0.015,state,0.07098512486918199,0.002108351553239367,5,CytoBridge
arista,3,CytoBridge-0.015,state,0.0738833609582968,0.001670302420659157,5,CytoBridge
arista,1,exact_ot_displacement,state,0.04370926293093238,0.0006504750333666874,5,Linear OT displacement
arista,2,exact_ot_displacement,state,0.065718403717166,0.001219593870850753,5,Linear OT displacement
arista,3,exact_ot_displacement,state,0.06854500199053648,0.0012744057253726594,5,Linear OT displacement
arista,1,mioflow,state,0.06067435537084646,0.0008891463658931466,5,MIOFlow
arista,2,mioflow,state,0.08068293499369839,0.0010098523496639609,5,MIOFlow
arista,3,mioflow,state,0.07852762369541869,0.0010815914478795993,5,MIOFlow
arista,1,moscot,state,0.061422270477732945,0.00047568538823032034,5,MOSCOT
arista,2,moscot,state,0.08412230937223904,0.0009833653228398622,5,MOSCOT
arista,3,moscot,state,0.08104601693902466,0.00105988189230064,5,MOSCOT
arista,1,paste,state,0.0430661604282298,0.0006919548618431807,5,PASTE
arista,2,paste,state,0.06490383455294615,0.0012410607770029737,5,PASTE
arista,3,paste,state,0.06775932636733578,0.0012807588877591484,5,PASTE
arista,1,random_independent_pairs,state,0.053201150050633104,0.0005923802682426695,5,Random interpolation
arista,2,random_independent_pairs,state,0.0759914023798786,0.0009769137918113516,5,Random interpolation
arista,3,random_independent_pairs,state,0.07685940025105088,0.0011531798947204454,5,Random interpolation
arista,1,spateo,state,0.06142398423086174,0.0005407986605321405,5,Spateo
arista,2,spateo,state,0.0847646111970063,0.0010851177567968565,5,Spateo
arista,3,spateo,state,0.07989818687111852,0.001155341248455737,5,Spateo
arista,1,stories,state,0.0655103209515583,0.00044674686209797296,5,STORIES
arista,2,stories,state,0.08988923293560927,0.0007468511481127756,5,STORIES
arista,3,stories,state,0.08131817886348104,0.0010864462846165148,5,STORIES
arista,1,stvcr,state,0.0420094815220454,0.00043636717361413674,5,stVCR
arista,2,stvcr,state,0.062207266086908276,0.0014496886087867313,5,stVCR
arista,3,stvcr,state,0.07562394263197796,0.0018808382232298037,5,stVCR
arista,1,wot,state,0.0566939568635369,0.0005278595949821792,5,Waddington-OT
arista,2,wot,state,0.08010058145723564,0.0010506613525826116,5,Waddington-OT
arista,3,wot,state,0.07608092248584716,0.0011278086837134295,5,Waddington-OT
admouse,1,CytoBridge-0.015,joint,0.02446681995824128,0.00038734007425714575,5,CytoBridge
admouse,1,exact_ot_displacement,joint,0.029943918330906476,0.0003202561916998315,5,Linear OT displacement
admouse,1,moscot,joint,0.04475012797882718,0.00025537804525494064,5,MOSCOT
admouse,1,paste,joint,0.03824811555192716,0.00025812598501319064,5,PASTE
admouse,1,random_independent_pairs,joint,0.0620828020663164,0.0003776231291037957,5,Random interpolation
admouse,1,spateo,joint,0.03961304674630518,0.00016870394682398142,5,Spateo
admouse,1,stvcr,joint,0.029096755960628738,0.0003879059342934596,5,stVCR
admouse,1,CytoBridge-0.015,spatial,0.03653058326867182,0.0004146993247459748,5,CytoBridge
admouse,1,exact_ot_displacement,spatial,0.032747739758191056,8.897536974419344e-05,5,Linear OT displacement
admouse,1,moscot,spatial,0.04235822112768158,0.0003440481247429187,5,MOSCOT
admouse,1,paste,spatial,0.11910934216226639,0.0010129187083148764,5,PASTE
admouse,1,random_independent_pairs,spatial,0.21189836488572888,0.0011129828399142716,5,Random interpolation
admouse,1,spateo,spatial,0.048824807743581236,0.00044517155941143196,5,Spateo
admouse,1,stvcr,spatial,0.08304988593177608,0.0007220015625854288,5,stVCR
admouse,1,CytoBridge-0.015,state,0.02337356064681222,0.00028214498171862394,5,CytoBridge
admouse,1,exact_ot_displacement,state,0.03270042208490404,0.00027707434491934036,5,Linear OT displacement
admouse,1,mioflow,state,0.033617001557884676,0.0004049984563203479,5,MIOFlow
admouse,1,moscot,state,0.05324968169012945,0.0002194296435610713,5,MOSCOT
admouse,1,paste,state,0.03181305227980826,0.0003008239712181044,5,PASTE
admouse,1,random_independent_pairs,state,0.04841179001391544,0.00023862303104143012,5,Random interpolation
admouse,1,spateo,state,0.0455576841097946,0.0002233310118599914,5,Spateo
admouse,1,stories,state,0.045304450954189154,0.0002782112000764182,5,STORIES
admouse,1,stvcr,state,0.025015117280379418,0.00029659579111489064,5,stVCR
admouse,1,wot,state,0.04749544371239428,0.0002625181150632494,5,Waddington-OT
chicken_heart,1,CytoBridge-0.015,joint,0.0806279626659498,0.0006514055897079857,5,CytoBridge
chicken_heart,2,CytoBridge-0.015,joint,0.07178998461237054,0.0010852526719617177,5,CytoBridge
chicken_heart,1,exact_ot_displacement,joint,0.08930841300728472,0.0006572278187214132,5,Linear OT displacement
chicken_heart,2,exact_ot_displacement,joint,0.05673162017870892,0.0007030967855068492,5,Linear OT displacement
chicken_heart,1,moscot,joint,0.09781187199972584,0.000607865021201063,5,MOSCOT
chicken_heart,2,moscot,joint,0.06578330061930278,0.0006959124618106533,5,MOSCOT
chicken_heart,1,paste,joint,0.09555080167121663,0.0005268580711569174,5,PASTE
chicken_heart,2,paste,joint,0.0632678232870327,0.0006750965083449808,5,PASTE
chicken_heart,1,random_independent_pairs,joint,0.08980399875846752,0.00057749047561285,5,Random interpolation
chicken_heart,2,random_independent_pairs,joint,0.0669284092284839,0.0007052097147708633,5,Random interpolation
chicken_heart,1,spateo,joint,0.10945670372246459,0.0003262299283548737,5,Spateo
chicken_heart,2,spateo,joint,0.08481732256711037,0.0009579615157642406,5,Spateo
chicken_heart,1,stvcr,joint,0.17670111341477496,0.0007832300353356257,5,stVCR
chicken_heart,2,stvcr,joint,0.2528782192970383,0.003772496436712146,5,stVCR
chicken_heart,1,CytoBridge-0.015,spatial,0.06315394216134476,0.0003659397869740131,5,CytoBridge
chicken_heart,2,CytoBridge-0.015,spatial,0.09136746308231292,0.0008406505213181878,5,CytoBridge
chicken_heart,1,exact_ot_displacement,spatial,0.0671114296971396,0.00033017718606034635,5,Linear OT displacement
chicken_heart,2,exact_ot_displacement,spatial,0.05525938103157586,0.0005233006029513045,5,Linear OT displacement
chicken_heart,1,moscot,spatial,0.08584299780563542,0.0003789234899813504,5,MOSCOT
chicken_heart,2,moscot,spatial,0.05523866161024334,0.0005330704832493358,5,MOSCOT
chicken_heart,1,paste,spatial,0.16456279489786263,0.0007671459509713799,5,PASTE
chicken_heart,2,paste,spatial,0.12082568313211875,0.00034837594136306475,5,PASTE
chicken_heart,1,random_independent_pairs,spatial,0.11988088054566082,0.0003591858591801479,5,Random interpolation
chicken_heart,2,random_independent_pairs,spatial,0.12262535638027457,0.00042968963700084115,5,Random interpolation
chicken_heart,1,spateo,spatial,0.1935045950554914,0.0006777659217890442,5,Spateo
chicken_heart,2,spateo,spatial,0.2011694635339981,0.0005684273283857389,5,Spateo
chicken_heart,1,stvcr,spatial,0.35860628246210025,0.0011379532547527841,5,stVCR
chicken_heart,2,stvcr,spatial,0.24868591577588345,0.0012497438241598328,5,stVCR
chicken_heart,1,CytoBridge-0.015,state,0.08198154944232561,0.0008701049366801695,5,CytoBridge
chicken_heart,2,CytoBridge-0.015,state,0.06986869195081466,0.00035576984806526697,5,CytoBridge
chicken_heart,1,exact_ot_displacement,state,0.09195865147777478,0.0007564534402863495,5,Linear OT displacement
chicken_heart,2,exact_ot_displacement,state,0.06035700761224908,0.00074678876459674,5,Linear OT displacement
chicken_heart,1,mioflow,state,0.08871261932090904,0.0006154942275976315,5,MIOFlow
chicken_heart,2,mioflow,state,0.06034381450049416,0.0006856866114718392,5,MIOFlow
chicken_heart,1,moscot,state,0.10023131284868536,0.0006907193291921298,5,MOSCOT
chicken_heart,2,moscot,state,0.07249912900232855,0.000632130038083244,5,MOSCOT
chicken_heart,1,paste,state,0.09240205821465138,0.0007942658587906188,5,PASTE
chicken_heart,2,paste,state,0.06013202871853154,0.0007621348001045791,5,PASTE
chicken_heart,1,random_independent_pairs,state,0.0891114600124669,0.000699932723791831,5,Random interpolation
chicken_heart,2,random_independent_pairs,state,0.0639549700579617,0.0007300723591596555,5,Random interpolation
chicken_heart,1,spateo,state,0.1039520275191641,0.0008149602651011109,5,Spateo
chicken_heart,2,spateo,state,0.07610222400579245,0.0007319106400757188,5,Spateo
chicken_heart,1,stories,state,0.09662942748059682,0.0008971251267853357,5,STORIES
chicken_heart,2,stories,state,0.06619912169839541,0.0007197312101798138,5,STORIES
chicken_heart,1,stvcr,state,0.16453989517341658,0.0016936310706533177,5,stVCR
chicken_heart,2,stvcr,state,0.25796053176818984,0.00375898479930165,5,stVCR
chicken_heart,1,wot,state,0.10298470179669009,0.0007210430235173655,5,Waddington-OT
chicken_heart,2,wot,state,0.07158051551818549,0.0007446888732710373,5,Waddington-OT
